EntryPoint,bytes_on_last_page,pages_in_file,min_extra_paragraphs,max_extra_paragraphs,SizeOfCode,SizeOfInitializedData,SizeOfUninitializedData,BaseOfCode,ImageBase,SectionAlignment,FileAlignment,SizeOfImage,SizeOfHeaders,Checksum,SizeofStackCommit,SizeofHeapReserve,text_VirtualSize,text_VirtualAddress,text_SizeOfRawData,text_PointerToRawData,rdata_VirtualSize,rdata_VirtualAddress,rdata_SizeOfRawData,rdata_PointerToRawData,registry_read,registry_write,registry_delete,network_dns,network_http,network_connections,dlls_calls,apis,MachineType_AMD64,Subsystem_IMAGE_SUBSYSTEM_NATIVE,Subsystem_IMAGE_SUBSYSTEM_WINDOWS_GUI,PEType_PE32+,DllCharacteristics_0,DllCharacteristics_IMAGE_DLLCHARACTERISTICS_APPCONTAINER,DllCharacteristics_IMAGE_DLLCHARACTERISTICS_DYNAMIC_BASE,DllCharacteristics_IMAGE_DLLCHARACTERISTICS_FORCE_INTEGRITY,DllCharacteristics_IMAGE_DLLCHARACTERISTICS_HIGH_ENTROPY_VA,DllCharacteristics_IMAGE_DLLCHARACTERISTICS_NO_BIND,DllCharacteristics_IMAGE_DLLCHARACTERISTICS_NO_ISOLATION,DllCharacteristics_IMAGE_DLLCHARACTERISTICS_NO_SEH,DllCharacteristics_IMAGE_DLLCHARACTERISTICS_NX_COMPAT,DllCharacteristics_IMAGE_DLLCHARACTERISTICS_TERMINAL_SERVER_AWARE,DllCharacteristics_IMAGE_LIBRARY_PROCESS_INIT,DllCharacteristics_IMAGE_LIBRARY_PROCESS_TERM,DllCharacteristics_IMAGE_LIBRARY_THREAD_INIT,text_Characteristics_0,text_Characteristics_IMAGE_SCN_CNT_INITIALIZED_DATA,text_Characteristics_IMAGE_SCN_CNT_UNINITIALIZED_DATA,text_Characteristics_IMAGE_SCN_GPREL,text_Characteristics_IMAGE_SCN_LNK_REMOVE,text_Characteristics_IMAGE_SCN_MEM_LOCKED,text_Characteristics_IMAGE_SCN_MEM_NOT_PAGED,text_Characteristics_IMAGE_SCN_MEM_PRELOAD,text_Characteristics_IMAGE_SCN_MEM_PURGEABLE,text_Characteristics_IMAGE_SCN_MEM_READ,text_Characteristics_IMAGE_SCN_MEM_WRITE,text_Characteristics_IMAGE_SCN_NO_DEFER_SPEC_EXC,text_Characteristics_IMAGE_SCN_TYPE_DSECT,text_Characteristics_IMAGE_SCN_TYPE_GROUP,text_Characteristics_IMAGE_SCN_TYPE_NOLOAD,text_Characteristics_IMAGE_SCN_TYPE_NO_PAD,text_Characteristics_IMAGE_SCN_TYPE_OVER,rdata_Characteristics_0,rdata_Characteristics_IMAGE_SCN_CNT_CODE,rdata_Characteristics_IMAGE_SCN_CNT_INITIALIZED_DATA,rdata_Characteristics_IMAGE_SCN_CNT_UNINITIALIZED_DATA,rdata_Characteristics_IMAGE_SCN_MEM_EXECUTE,rdata_Characteristics_IMAGE_SCN_MEM_NOT_PAGED,rdata_Characteristics_IMAGE_SCN_MEM_WRITE,rdata_Characteristics_IMAGE_SCN_NO_DEFER_SPEC_EXC
1909841.0,144.0,3.0,0.0,65535.0,415744.0,8704.0,0.0,8192.0,4194304.0,8192.0,512.0,2105344.0,1024.0,0.0,4096.0,1048576.0,415460.0,8192.0,0.0,0.0,760.0,28672.0,1024.0,21504.0,56.0,0.0,0.0,0.0,0.0,0.0,1.0,1.0,0,0,0,0,0,0,1,0,1,0,0,1,1,1,0,0,0,0,0,0,0,0,0,0,0,0,1,0,0,0,0,0,0,0,0,0,1,0,0,0,0,0
332642.0,144.0,3.0,0.0,65535.0,201216.0,18432.0,0.0,4096.0,4194304.0,8192.0,512.0,102400.0,512.0,0.0,4096.0,1048576.0,652338.0,4096.0,495616.0,1024.0,562.0,811008.0,4096.0,153088.0,0.0,2.0,0.0,0.0,0.0,0.0,0.0,0.0,0,0,1,1,0,0,1,0,1,0,0,0,1,1,0,0,0,0,0,0,0,0,0,0,0,0,1,0,0,0,0,0,0,0,0,0,1,0,0,0,0,0
308592.0,144.0,3.0,0.0,65535.0,461824.0,305152.0,0.0,4096.0,4194304.0,4096.0,512.0,798720.0,1024.0,795926.0,4096.0,1048576.0,461770.0,4096.0,461824.0,1024.0,180656.0,466944.0,180736.0,462848.0,6064.0,32.0,0.0,0.0,0.0,0.0,14.0,245.0,0,0,1,0,0,0,1,0,0,0,0,0,1,1,0,0,0,0,0,0,0,0,0,0,0,0,1,0,0,0,0,0,0,0,0,0,1,0,0,0,0,0
8332291.0,144.0,26290.0,8194.0,53400.0,8840192.0,151040.0,0.0,4096.0,4194304.0,4096.0,512.0,9007104.0,1024.0,9037758.0,4096.0,1048576.0,8839696.0,4096.0,8840192.0,1024.0,26912.0,8847360.0,27136.0,8841216.0,4.0,0.0,0.0,0.0,0.0,0.0,5.0,195.0,0,0,0,0,0,0,1,0,0,0,0,1,1,1,0,0,0,0,0,0,0,0,0,0,0,0,1,0,0,0,0,0,0,0,0,0,1,0,0,0,0,0
485340.0,80.0,2.0,15.0,65535.0,481280.0,169472.0,0.0,4096.0,4194304.0,4096.0,512.0,696320.0,1024.0,0.0,16384.0,1048576.0,478264.0,4096.0,478720.0,1024.0,24.0,540672.0,512.0,502272.0,17.0,0.0,0.0,0.0,0.0,4.0,10.0,151.0,0,0,1,0,0,0,1,0,0,0,0,0,1,1,0,0,0,0,0,0,0,0,0,0,0,0,1,0,0,0,0,0,0,0,0,0,1,0,0,0,0,0
78720.0,144.0,3.0,0.0,65535.0,216576.0,282624.0,0.0,4096.0,4194304.0,4096.0,512.0,516096.0,1024.0,384733.0,4096.0,1048576.0,216344.0,4096.0,216576.0,1024.0,685432.0,3522560.0,685568.0,3512832.0,3.0,0.0,0.0,0.0,0.0,0.0,3.0,196.0,0,0,1,0,0,0,0,0,0,0,0,0,0,1,0,0,0,0,0,0,0,0,0,0,0,0,1,0,0,0,0,0,0,0,0,0,1,0,0,0,0,0
4096.0,144.0,3.0,0.0,65535.0,54784.0,53760.0,0.0,4096.0,4194304.0,4096.0,512.0,126976.0,1024.0,0.0,4096.0,1048576.0,41706.0,20480.0,41984.0,13824.0,2446.0,65536.0,2560.0,55808.0,5485.0,0.0,0.0,5.0,0.0,10.0,9.0,161.0,0,0,0,0,0,0,1,0,0,0,0,1,1,1,0,0,0,0,0,0,0,0,0,0,0,0,1,0,0,0,0,0,0,0,0,0,1,0,0,0,0,0
103310.0,144.0,3.0,0.0,65535.0,95232.0,2048.0,0.0,8192.0,4194304.0,8192.0,512.0,122880.0,512.0,0.0,4096.0,1048576.0,95124.0,8192.0,95232.0,512.0,162490.0,1183744.0,162816.0,798208.0,37.0,0.0,0.0,0.0,0.0,0.0,1.0,1.0,0,0,0,0,0,0,1,0,0,0,0,1,1,1,0,0,0,0,0,0,0,0,0,0,0,0,1,0,0,0,0,0,0,0,0,0,1,0,0,0,0,0
232096.0,144.0,3.0,0.0,65535.0,90112.0,8192.0,143360.0,147456.0,4194304.0,4096.0,512.0,245760.0,4096.0,0.0,4096.0,1048576.0,138840.0,8192.0,139264.0,512.0,469422.0,1527808.0,469504.0,1521152.0,610.0,0.0,0.0,11.0,2.0,41.0,5.0,10.0,0,0,1,0,0,0,1,0,0,0,0,0,1,1,0,0,0,0,0,0,0,0,0,0,0,0,1,0,0,0,0,0,0,0,0,0,1,0,0,0,0,0
21744.0,144.0,3.0,0.0,65535.0,8192.0,4096.0,12288.0,16384.0,4194304.0,4096.0,512.0,28672.0,4096.0,0.0,4096.0,1048576.0,8192.0,4096.0,8192.0,1024.0,2428.0,12288.0,2560.0,9216.0,15.0,0.0,0.0,0.0,0.0,4.0,4.0,6.0,0,0,1,0,0,0,0,0,0,0,0,0,0,1,0,0,0,0,0,0,0,0,0,0,0,0,1,1,0,0,0,0,0,0,0,0,1,0,0,0,0,0
907710.0,144.0,3.0,0.0,65535.0,899584.0,10752.0,0.0,8192.0,4194304.0,8192.0,512.0,933888.0,512.0,980948.0,4096.0,1048576.0,899524.0,8192.0,899584.0,512.0,4404.0,24576.0,4608.0,17920.0,78.0,2.0,0.0,0.0,0.0,0.0,1.0,1.0,0,0,1,0,0,0,1,0,1,0,0,1,1,1,0,0,0,0,0,0,0,0,0,0,0,0,1,0,0,0,0,0,0,0,0,0,1,0,0,0,0,0
12706.0,144.0,3.0,0.0,65535.0,24576.0,1953792.0,0.0,4096.0,4194304.0,4096.0,512.0,630784.0,512.0,0.0,4096.0,1048576.0,238072.0,4096.0,190464.0,1024.0,25022.0,53248.0,12288.0,229888.0,390.0,3.0,2.0,0.0,0.0,9.0,0.0,78.0,0,0,0,0,0,0,1,0,0,0,0,1,1,1,0,0,0,0,0,0,0,0,0,0,0,0,1,0,0,0,0,0,0,0,0,0,1,0,0,0,0,0
18622.0,144.0,3.0,0.0,65535.0,28672.0,445952.0,16896.0,4096.0,4194304.0,4096.0,512.0,2088960.0,1024.0,0.0,4096.0,1048576.0,28432.0,4096.0,28672.0,1024.0,10898.0,32768.0,11264.0,29696.0,1356.0,0.0,0.0,0.0,0.0,0.0,8.0,172.0,0,0,1,0,0,0,1,0,0,0,0,1,1,1,0,0,0,0,0,0,0,0,0,0,0,0,1,0,0,0,0,0,0,0,0,0,1,0,0,0,0,0
4096.0,144.0,3.0,0.0,65535.0,1024.0,3584.0,0.0,4096.0,4194304.0,4096.0,512.0,20480.0,1024.0,65597.0,4096.0,1048576.0,972.0,4096.0,1024.0,1024.0,2470.0,8192.0,2560.0,2048.0,7.0,0.0,0.0,0.0,0.0,0.0,13.0,64.0,0,0,0,0,0,0,0,0,0,0,0,0,1,1,0,0,0,0,0,0,0,0,0,0,0,0,1,0,0,0,0,0,0,0,0,0,1,0,0,0,0,0
465536.0,144.0,3.0,0.0,65535.0,473600.0,295424.0,0.0,4096.0,4194304.0,4096.0,512.0,786432.0,1024.0,4209729.0,8192.0,1048576.0,473116.0,4096.0,473600.0,1024.0,24.0,110592.0,512.0,73216.0,26.0,0.0,0.0,0.0,0.0,0.0,13.0,262.0,0,0,1,0,0,0,1,0,0,0,0,0,1,1,0,0,0,0,0,0,0,0,0,0,0,0,1,0,0,0,0,0,0,0,0,0,1,0,0,0,0,0
79456.0,144.0,3.0,0.0,65535.0,12288.0,4096.0,65536.0,69632.0,5368709120.0,4096.0,512.0,86016.0,4096.0,0.0,4096.0,1048576.0,220465.0,4096.0,220672.0,1024.0,57264.0,225280.0,57344.0,221696.0,0.0,0.0,0.0,0.0,0.0,0.0,11.0,14.0,1,0,1,1,0,0,1,0,1,0,0,0,1,1,0,0,0,0,0,0,0,0,0,0,0,0,1,0,0,0,0,0,0,0,0,0,1,0,0,0,0,0
4096.0,108.0,1.0,0.0,65535.0,512.0,1024.0,0.0,4096.0,4194304.0,4096.0,512.0,16384.0,512.0,26900.0,65536.0,1048576.0,112.0,4096.0,512.0,512.0,161452.0,548864.0,161792.0,542208.0,1.0,0.0,0.0,0.0,0.0,0.0,1.0,3.0,0,0,0,0,0,0,0,0,0,0,0,0,0,1,0,0,0,0,0,0,0,0,0,0,0,0,1,0,0,0,0,0,0,0,0,0,1,0,0,0,0,0
802080.0,144.0,3.0,0.0,65535.0,28160.0,28672.0,0.0,4096.0,4194304.0,4096.0,512.0,73728.0,1024.0,0.0,4096.0,1048576.0,21393.0,12288.0,21504.0,7680.0,1282.0,36864.0,1536.0,29184.0,1896.0,38.0,0.0,0.0,0.0,0.0,8.0,124.0,0,0,1,0,0,0,1,0,0,0,0,0,1,1,0,0,0,0,0,0,0,0,0,0,0,0,1,0,0,0,0,0,0,0,0,0,1,0,0,0,0,0
4240.0,144.0,3.0,0.0,65535.0,55808.0,35840.0,0.0,4096.0,5368709120.0,4096.0,512.0,110592.0,1024.0,109282.0,4096.0,1048576.0,55561.0,4096.0,55808.0,1024.0,27149.0,61440.0,27648.0,56832.0,0.0,0.0,0.0,0.0,0.0,0.0,31.0,143.0,1,0,1,1,0,1,1,0,1,0,0,0,1,1,0,0,0,0,0,0,0,0,0,0,0,0,1,0,0,0,0,0,0,0,0,0,1,0,0,0,0,0
19462928.0,144.0,3.0,0.0,65535.0,2857472.0,597504.0,0.0,4096.0,5368709120.0,8192.0,512.0,10108928.0,1024.0,0.0,4096.0,1048576.0,508944.0,8192.0,185344.0,1024.0,6406.0,8548352.0,229888.0,1915904.0,877.0,0.0,1.0,0.0,0.0,11.0,31.0,0.0,1,0,0,1,0,0,1,0,1,0,0,0,1,1,0,0,0,0,0,0,0,0,0,0,0,0,1,0,0,0,0,0,0,0,0,0,1,0,0,0,0,0
643870.0,144.0,3.0,0.0,65535.0,635904.0,2560.0,0.0,8192.0,4194304.0,8192.0,512.0,663552.0,512.0,0.0,4096.0,1048576.0,635684.0,8192.0,635904.0,512.0,4096.0,5001216.0,512.0,1464832.0,368.0,0.0,0.0,0.0,0.0,0.0,1.0,1.0,0,0,0,0,0,0,1,0,1,0,0,1,1,1,0,0,0,0,0,0,0,0,0,0,0,0,1,0,0,0,0,0,0,0,0,0,1,0,0,0,1,0
6004.0,144.0,3.0,0.0,65535.0,73728.0,8192.0,0.0,4096.0,4194304.0,4096.0,4096.0,86016.0,4096.0,96656.0,4096.0,1048576.0,72732.0,4096.0,73728.0,4096.0,1576.0,16384.0,2048.0,7680.0,19.0,0.0,0.0,0.0,0.0,0.0,1.0,115.0,0,0,1,0,0,0,1,0,0,0,0,1,1,1,0,0,0,0,0,0,0,0,0,0,0,0,1,0,0,0,0,0,0,0,0,0,1,0,0,0,0,0
4096.0,80.0,2.0,15.0,65535.0,682496.0,37888.0,0.0,4096.0,4194304.0,4096.0,512.0,778240.0,1024.0,4149007.0,16384.0,1048576.0,676072.0,4096.0,676352.0,1024.0,93.0,753664.0,512.0,702976.0,5.0,0.0,0.0,0.0,0.0,2.0,0.0,0.0,0,0,1,0,0,0,1,0,0,0,0,0,1,1,0,0,0,0,0,0,0,0,0,0,0,0,1,0,0,0,0,0,0,0,0,0,1,0,0,0,0,0
1171763.0,144.0,3.0,0.0,65535.0,1320960.0,472064.0,0.0,4096.0,4194304.0,4096.0,512.0,1810432.0,1024.0,1827050.0,4096.0,1048576.0,1320476.0,4096.0,1320960.0,1024.0,349112.0,1327104.0,349184.0,1321984.0,168.0,0.0,3.0,0.0,0.0,6.0,12.0,197.0,0,0,0,0,0,0,1,0,0,1,0,0,1,1,0,0,0,0,0,0,0,0,0,0,0,0,1,0,0,0,0,0,0,0,0,0,1,0,0,0,0,0
74148.0,144.0,3.0,0.0,65535.0,222208.0,957952.0,0.0,4096.0,5368709120.0,4096.0,512.0,1191936.0,1024.0,1241654.0,4096.0,1048576.0,221936.0,4096.0,222208.0,1024.0,117038.0,229376.0,117248.0,223232.0,0.0,0.0,0.0,0.0,0.0,0.0,9.0,158.0,1,0,0,1,0,0,1,0,1,0,0,0,1,1,0,0,0,0,0,0,0,0,0,0,0,0,1,0,0,0,0,0,0,0,0,0,1,0,0,0,0,0
163850.0,144.0,3.0,0.0,65535.0,154112.0,602112.0,0.0,4096.0,4194304.0,4096.0,512.0,1003520.0,1024.0,1296063.0,4096.0,1048576.0,37828.0,4096.0,1571328.0,1024.0,1512.0,147456.0,99328.0,238080.0,0.0,1.0,1.0,0.0,0.0,6.0,12.0,4.0,0,0,0,0,0,0,1,0,0,0,0,0,1,1,0,0,0,0,0,0,0,0,0,0,0,0,1,0,0,0,0,0,0,0,0,0,1,0,0,0,0,0
449664.0,144.0,3.0,0.0,65535.0,2576896.0,246784.0,0.0,4096.0,4194304.0,4096.0,512.0,7647232.0,1536.0,0.0,4096.0,1048576.0,2576566.0,4096.0,2576896.0,1536.0,2169728.0,2584576.0,2169856.0,2578432.0,0.0,0.0,0.0,0.0,0.0,0.0,1.0,39.0,1,0,0,1,0,0,1,0,1,0,0,0,1,1,0,0,0,0,1,0,0,0,0,0,0,0,1,0,0,0,0,0,0,0,0,0,1,0,0,0,0,0
8063153.0,144.0,3.0,0.0,54733.0,5120.0,984576.0,0.0,4096.0,65536.0,4096.0,512.0,4554752.0,1024.0,100097.0,4096.0,1048576.0,4531901.0,4096.0,6839296.0,1024.0,123732.0,9502720.0,1059840.0,1572352.0,898.0,0.0,1.0,0.0,0.0,11.0,8.0,388.0,0,0,0,0,0,0,0,0,0,0,0,0,0,1,0,0,0,0,1,0,0,0,0,0,0,0,1,0,0,0,0,0,0,0,0,0,1,0,0,0,0,0
2248720.0,144.0,2.0,0.0,65535.0,140288.0,0.0,0.0,4096.0,4194304.0,8192.0,512.0,327680.0,512.0,0.0,4096.0,1048576.0,871332.0,4096.0,9216.0,4096.0,24.0,163840.0,512.0,84480.0,894.0,0.0,0.0,0.0,0.0,9.0,0.0,21.0,0,0,0,0,0,0,1,0,0,0,0,1,1,1,0,0,0,0,0,0,0,0,0,0,0,0,1,0,0,0,0,0,0,0,0,0,1,0,0,0,0,0
15886.0,144.0,3.0,0.0,65535.0,8192.0,2048.0,0.0,8192.0,4194304.0,8192.0,512.0,32768.0,512.0,56790.0,4096.0,1048576.0,7700.0,8192.0,8192.0,512.0,207804.0,1376256.0,207872.0,935424.0,31.0,0.0,0.0,0.0,0.0,5.0,1.0,1.0,0,0,1,0,0,0,1,0,0,0,0,1,1,1,0,0,0,0,0,0,0,0,0,0,0,0,1,0,0,0,0,0,0,0,0,0,1,0,0,0,0,0
199182.0,144.0,3.0,0.0,65535.0,4096.0,4096.0,24576.0,28672.0,4194304.0,4096.0,512.0,36864.0,4096.0,0.0,4096.0,1048576.0,97768.0,4096.0,97792.0,1024.0,1170.0,106496.0,1536.0,100352.0,31.0,0.0,0.0,0.0,0.0,3.0,0.0,0.0,0,0,1,0,0,0,0,0,0,0,0,0,1,1,0,0,0,0,0,0,0,0,0,0,0,0,1,1,0,0,0,0,0,0,0,0,1,0,0,0,0,0
518702.0,80.0,2.0,15.0,65535.0,307200.0,12288.0,573440.0,577536.0,4194304.0,4096.0,512.0,933888.0,4096.0,355506.0,16384.0,1048576.0,49296.0,4096.0,49664.0,1024.0,10776.0,57344.0,11264.0,50688.0,26.0,0.0,0.0,0.0,0.0,3.0,0.0,0.0,0,0,1,0,0,0,1,0,1,0,0,1,1,1,0,0,0,0,0,0,0,0,0,0,0,0,1,0,0,0,0,0,0,0,0,0,1,0,0,0,0,0
31582.0,144.0,3.0,0.0,65535.0,23552.0,3584.0,0.0,8192.0,4194304.0,8192.0,512.0,49152.0,512.0,0.0,4096.0,1048576.0,23396.0,8192.0,23552.0,512.0,5286.0,32768.0,5632.0,28160.0,560.0,20.0,0.0,0.0,0.0,0.0,1.0,1.0,0,0,1,0,0,0,1,0,1,0,0,1,1,1,0,0,0,0,0,0,0,0,0,0,0,0,1,0,0,0,0,0,0,0,0,0,1,0,0,0,0,0
40332.0,64.0,2.0,0.0,65535.0,354816.0,8704.0,0.0,4096.0,4194304.0,4096.0,512.0,2207744.0,1024.0,0.0,4096.0,1048576.0,216274.0,4096.0,190464.0,1024.0,15314.0,327680.0,3584.0,152576.0,898.0,0.0,0.0,0.0,0.0,0.0,2.0,0.0,0,0,0,1,0,0,1,0,1,0,0,0,1,1,0,0,0,0,0,0,0,0,0,0,0,0,1,0,0,0,0,0,0,0,0,0,1,0,0,0,0,0
12246.0,144.0,3.0,0.0,65535.0,507392.0,37376.0,0.0,4096.0,5368709120.0,4096.0,512.0,7372800.0,1024.0,0.0,8192.0,2097152.0,889271.0,4096.0,40448.0,4096.0,19357.0,36864.0,99328.0,98304.0,0.0,3.0,1.0,0.0,0.0,0.0,2.0,228.0,1,0,1,1,0,0,1,0,0,0,0,0,1,1,0,0,0,0,0,0,0,0,0,0,0,0,1,0,0,0,0,0,0,0,0,0,1,0,0,0,0,0
4096.0,144.0,3.0,0.0,65535.0,5632.0,1592320.0,0.0,4096.0,4194304.0,4096.0,512.0,1617920.0,1024.0,1627449.0,4096.0,1048576.0,5543.0,4096.0,5632.0,1024.0,3564.0,12288.0,3584.0,6656.0,2.0,0.0,0.0,0.0,0.0,0.0,11.0,56.0,0,0,1,0,0,0,1,0,0,0,0,0,1,1,0,0,0,0,0,0,0,0,0,0,0,0,1,0,0,0,0,0,0,0,0,0,1,0,0,0,0,0
132608.0,144.0,3.0,0.0,65535.0,316416.0,62976.0,0.0,4096.0,4194304.0,4096.0,512.0,409600.0,1024.0,410768.0,8192.0,1048576.0,316148.0,4096.0,316416.0,1024.0,45360.0,212992.0,45568.0,209408.0,26.0,0.0,0.0,0.0,0.0,0.0,13.0,409.0,0,0,1,0,0,0,1,0,0,0,0,0,1,1,0,0,0,0,0,0,0,0,0,0,0,0,1,0,0,0,0,0,0,0,0,0,1,0,0,0,0,0
163850.0,144.0,3.0,0.0,65535.0,160256.0,368640.0,0.0,8192.0,4194304.0,8192.0,512.0,1044480.0,1536.0,0.0,4096.0,1048576.0,707984.0,4096.0,94720.0,1024.0,15706.0,36864.0,4096.0,521216.0,645.0,0.0,2.0,0.0,0.0,0.0,1.0,4.0,0,0,0,0,0,0,1,0,0,0,0,1,1,1,0,0,0,0,0,0,0,0,0,0,0,0,1,0,0,0,0,0,0,0,0,0,1,0,0,0,0,0
74160.0,144.0,3.0,0.0,65535.0,76288.0,31232.0,0.0,4096.0,5368709120.0,4096.0,512.0,122880.0,1024.0,0.0,4096.0,1048576.0,76263.0,4096.0,76288.0,1024.0,23586.0,81920.0,24064.0,77312.0,0.0,0.0,0.0,0.0,0.0,0.0,0.0,0.0,1,0,0,1,0,0,1,0,1,0,0,0,1,1,0,0,0,0,0,0,0,0,0,0,0,0,1,0,0,0,0,0,0,0,0,0,1,0,0,0,0,0
4096.0,144.0,3.0,0.0,65535.0,594432.0,134144.0,0.0,4096.0,5368709120.0,4096.0,512.0,4550656.0,1024.0,100097.0,4096.0,1048576.0,62296.0,4096.0,4149248.0,1024.0,28384.0,106496.0,1063424.0,663040.0,887.0,1.0,2.0,0.0,0.0,2.0,4.0,244.0,1,0,0,1,0,0,1,0,1,0,0,0,1,1,0,0,0,0,0,0,0,0,0,1,0,0,1,0,0,0,0,0,0,0,0,0,1,0,0,0,0,0
138800.0,144.0,3.0,0.0,65535.0,5181440.0,12288.0,0.0,4096.0,17825792.0,4096.0,4096.0,5292032.0,4096.0,5226499.0,4096.0,1048576.0,72788.0,4096.0,73216.0,1024.0,24.0,53248.0,512.0,37888.0,38.0,0.0,0.0,0.0,0.0,0.0,1.0,304.0,0,0,1,0,0,0,1,0,0,0,0,0,1,1,0,0,0,0,0,0,0,0,0,0,0,0,1,0,0,0,0,0,0,0,0,0,1,0,0,0,0,0
4364.0,144.0,3.0,0.0,65535.0,24576.0,16384.0,0.0,4096.0,4194304.0,4096.0,4096.0,53248.0,4096.0,90733.0,4096.0,1048576.0,20824.0,4096.0,24576.0,4096.0,143031.0,229376.0,143360.0,222720.0,1.0,0.0,0.0,0.0,0.0,0.0,1.0,26.0,0,0,1,0,0,0,1,0,1,0,0,1,1,1,0,0,0,0,0,0,0,0,0,0,0,0,1,0,0,0,0,0,0,0,0,0,1,0,0,0,0,0
4096.0,144.0,3.0,0.0,65535.0,70656.0,35328.0,0.0,4096.0,4194304.0,4096.0,512.0,122880.0,1024.0,0.0,4096.0,1048576.0,55650.0,20480.0,55808.0,15872.0,13221.0,77824.0,13312.0,71680.0,36742.0,2.0,0.0,0.0,0.0,0.0,9.0,134.0,0,0,0,0,0,0,1,0,1,0,0,0,1,1,0,0,0,0,0,0,0,0,0,0,0,0,1,0,0,0,0,0,0,0,0,0,1,0,0,0,0,0
8833406.0,144.0,3.0,0.0,65535.0,8825344.0,557568.0,0.0,8192.0,4194304.0,8192.0,512.0,9412608.0,1024.0,0.0,4096.0,1048576.0,8825220.0,8192.0,8825344.0,1024.0,1290.0,36864.0,1536.0,29696.0,0.0,0.0,0.0,2.0,1.0,2.0,1.0,1.0,0,0,1,0,0,0,1,0,0,0,0,1,1,1,0,0,0,0,0,0,0,0,0,0,0,0,1,0,0,0,0,0,0,0,0,0,1,0,0,0,0,0
5312.0,144.0,3.0,0.0,65535.0,5370880.0,7670784.0,9216.0,4096.0,4194304.0,4096.0,512.0,7974912.0,4096.0,39428276.0,8192.0,2097152.0,5370700.0,4096.0,5370880.0,1024.0,1463328.0,5382144.0,1463808.0,5373440.0,150.0,0.0,0.0,0.0,0.0,0.0,0.0,0.0,0,0,1,0,0,0,1,0,1,0,0,1,1,1,0,0,0,0,1,0,0,0,0,0,0,0,1,0,0,0,0,0,0,0,0,0,1,0,0,0,0,0
73473.0,144.0,3.0,0.0,65535.0,111104.0,501760.0,0.0,4096.0,4194304.0,4096.0,512.0,634880.0,1024.0,651309.0,4096.0,1048576.0,110621.0,4096.0,111104.0,1024.0,64198.0,118784.0,64512.0,112128.0,37888.0,504.0,14.0,7.0,0.0,52.0,2.0,73.0,0,0,1,0,0,0,1,0,0,0,0,0,1,1,0,0,0,0,0,0,0,0,0,0,0,0,1,0,0,0,0,0,0,0,0,0,1,0,0,0,0,0
906190.0,144.0,3.0,0.0,65535.0,4731904.0,73728.0,0.0,8192.0,6881280.0,8192.0,512.0,4825088.0,512.0,4830121.0,4096.0,1048576.0,4731620.0,8192.0,4731904.0,512.0,188686.0,585728.0,188928.0,582144.0,10.0,0.0,0.0,0.0,0.0,3.0,0.0,0.0,0,0,1,0,0,0,1,0,1,0,0,0,0,1,0,0,0,0,0,0,0,0,0,0,0,0,1,0,0,0,0,0,0,0,0,0,1,0,0,0,0,0
2529384.0,144.0,3.0,0.0,65535.0,2781184.0,504832.0,0.0,4096.0,4194304.0,4096.0,512.0,3313664.0,1024.0,3350404.0,4096.0,1048576.0,2780757.0,4096.0,2781184.0,1024.0,306780.0,2785280.0,307200.0,2782208.0,0.0,0.0,0.0,0.0,0.0,0.0,10.0,191.0,0,0,1,0,0,0,1,0,0,0,0,0,1,1,0,0,0,0,0,0,0,0,0,0,0,0,1,0,0,0,0,0,0,0,0,0,1,0,0,0,0,0
4283.0,144.0,3.0,0.0,65535.0,146432.0,101376.0,0.0,4096.0,5368709120.0,4096.0,512.0,9580544.0,1024.0,3526299.0,4096.0,1048576.0,2416.0,4096.0,4096.0,4096.0,690.0,8192.0,4096.0,8192.0,17.0,1.0,0.0,0.0,0.0,4.0,0.0,0.0,0,0,0,0,0,0,1,0,1,0,0,0,0,1,0,0,0,0,0,0,0,0,0,0,0,0,1,0,0,0,0,0,0,0,0,0,1,0,0,0,0,0
1495040.0,144.0,2.0,0.0,65535.0,10295808.0,2048.0,0.0,4096.0,4194304.0,4096.0,512.0,696320.0,1024.0,0.0,4096.0,1048576.0,625520.0,4096.0,8192.0,512.0,45102.0,163840.0,512.0,2342912.0,0.0,0.0,0.0,0.0,0.0,0.0,3.0,0.0,0,0,1,0,0,0,1,0,0,0,0,1,1,0,0,0,0,0,0,0,0,0,0,0,0,0,1,0,0,0,0,0,0,0,0,0,1,0,0,0,0,0
36756.0,144.0,3.0,0.0,65535.0,2206208.0,622080.0,0.0,4096.0,4194304.0,4096.0,512.0,3162112.0,1024.0,2832473.0,4096.0,1048576.0,2207744.0,4096.0,2206208.0,1024.0,356352.0,2211840.0,353280.0,2207232.0,30.0,0.0,0.0,0.0,0.0,0.0,18.0,636.0,0,0,1,0,0,0,1,0,0,0,0,0,1,1,0,0,0,0,0,0,0,0,0,0,0,0,1,0,0,0,0,0,0,0,0,0,1,0,0,0,0,0
375494.0,144.0,3.0,0.0,65535.0,367616.0,5120.0,0.0,8192.0,4194304.0,8192.0,512.0,393216.0,512.0,0.0,4096.0,1048576.0,367308.0,8192.0,367616.0,512.0,24.0,110592.0,512.0,76800.0,28.0,0.0,0.0,0.0,0.0,4.0,1.0,1.0,0,0,1,0,0,0,1,0,1,0,0,1,1,1,0,0,0,0,0,0,0,0,0,0,0,0,1,0,0,0,0,0,0,0,0,0,1,0,0,0,0,0
19398.0,144.0,3.0,0.0,65535.0,11264.0,164352.0,0.0,8192.0,4194304.0,8192.0,512.0,196608.0,512.0,0.0,4096.0,1048576.0,11212.0,8192.0,11264.0,512.0,3658.0,8192.0,4096.0,4608.0,77.0,0.0,0.0,0.0,0.0,5.0,1.0,1.0,0,0,1,0,0,0,1,0,1,0,0,1,1,1,0,0,0,0,0,0,0,0,0,0,0,0,1,0,0,0,0,0,0,0,0,0,1,0,0,0,0,0
283194.0,144.0,3.0,0.0,65535.0,476672.0,596480.0,0.0,4096.0,4194304.0,4096.0,512.0,1122304.0,1024.0,1134663.0,4096.0,1048576.0,476311.0,4096.0,476672.0,1024.0,157226.0,483328.0,157696.0,477696.0,6686.0,42.0,0.0,9.0,0.0,29.0,11.0,310.0,0,0,1,0,0,0,1,0,0,0,0,0,1,1,0,0,0,0,0,0,0,0,0,0,0,0,1,0,0,0,0,0,0,0,0,0,1,0,0,0,0,0
2666640.0,144.0,3.0,0.0,65535.0,297984.0,425984.0,1945600.0,1949696.0,4194304.0,4096.0,512.0,2674688.0,4096.0,2159761.0,4096.0,1048576.0,117572.0,8192.0,117760.0,512.0,617020.0,2523136.0,617472.0,2520064.0,14.0,0.0,0.0,0.0,0.0,4.0,2.0,7.0,0,0,1,0,0,0,1,0,1,0,0,1,1,1,0,0,0,0,0,0,0,0,0,0,0,0,1,0,0,0,0,0,0,0,0,0,1,0,0,0,0,0
2154496.0,144.0,3.0,0.0,65535.0,409600.0,1740800.0,0.0,4096.0,4194304.0,4096.0,4096.0,2240512.0,4096.0,719462.0,4096.0,1048576.0,4332.0,8192.0,4608.0,512.0,24.0,28672.0,512.0,7680.0,15.0,0.0,0.0,0.0,0.0,3.0,2.0,5.0,0,0,1,0,0,0,1,0,1,0,0,1,1,1,0,0,0,0,0,0,0,0,0,0,0,0,1,0,0,0,0,0,0,0,0,0,1,0,0,0,0,0
8063153.0,144.0,3.0,0.0,65535.0,295424.0,1669632.0,0.0,4096.0,5368709120.0,4096.0,512.0,5726208.0,1024.0,100097.0,4096.0,1048576.0,707984.0,4096.0,252928.0,1536.0,52900.0,53248.0,617984.0,669696.0,0.0,0.0,2.0,0.0,0.0,0.0,3.0,166.0,1,0,0,1,0,0,1,0,1,0,0,0,1,1,0,0,0,0,0,0,0,0,0,0,0,0,1,0,0,0,0,0,0,0,0,0,1,0,0,0,0,0
6544.0,144.0,3.0,0.0,65535.0,5632.0,10752.0,0.0,4096.0,5368709120.0,4096.0,512.0,36864.0,1024.0,0.0,4096.0,1048576.0,5209.0,4096.0,5632.0,1024.0,6786.0,12288.0,7168.0,6656.0,0.0,0.0,0.0,0.0,0.0,0.0,12.0,56.0,1,0,0,1,0,0,1,0,1,0,0,0,1,1,0,0,0,0,0,0,0,0,0,0,0,0,1,0,0,0,0,0,0,0,0,0,1,0,0,0,0,0
12557.0,144.0,3.0,15.0,65535.0,5120.0,35840.0,0.0,4096.0,4194304.0,4096.0,512.0,81920.0,1536.0,0.0,4096.0,1048576.0,32676.0,8192.0,3348992.0,512.0,48454.0,8192.0,4096.0,3597312.0,759.0,0.0,0.0,0.0,0.0,10.0,0.0,77.0,0,0,0,0,0,0,1,0,0,0,0,1,1,1,0,0,0,0,1,0,0,0,0,0,0,0,1,0,0,0,0,0,0,0,0,0,1,0,0,0,0,0
8496.0,144.0,3.0,0.0,65535.0,8192.0,12288.0,0.0,4096.0,4194304.0,4096.0,4096.0,24576.0,4096.0,0.0,4096.0,1048576.0,5154.0,4096.0,8192.0,4096.0,1962.0,12288.0,4096.0,12288.0,0.0,0.0,0.0,0.0,0.0,0.0,5.0,72.0,0,0,1,0,0,0,1,0,0,0,0,1,1,1,0,0,0,0,0,0,0,0,0,0,0,0,1,0,0,0,0,0,0,0,0,0,1,0,0,0,0,0
4096.0,144.0,3.0,0.0,65535.0,15360.0,1600000.0,0.0,4096.0,5368709120.0,4096.0,512.0,2019328.0,1024.0,100097.0,4096.0,1048576.0,155140.0,4096.0,415232.0,0.0,35976.0,118784.0,1063424.0,0.0,801.0,1.0,1.0,0.0,0.0,9.0,4.0,276.0,1,0,0,1,0,0,1,0,1,0,0,0,1,1,0,0,0,0,0,0,0,0,0,0,0,0,1,0,0,0,0,0,0,0,0,0,1,0,0,0,0,0
5392.0,144.0,3.0,0.0,65535.0,894976.0,984576.0,49664.0,4096.0,4194304.0,4096.0,512.0,1056768.0,1024.0,1037442.0,4096.0,1048576.0,894940.0,4096.0,894976.0,1024.0,71180.0,917504.0,71680.0,909312.0,3.0,0.0,0.0,0.0,0.0,0.0,3.0,133.0,0,0,0,0,0,0,0,0,0,0,0,0,1,1,0,0,0,0,1,0,0,0,0,0,0,0,1,0,0,0,0,0,0,0,0,0,1,0,0,0,0,0
611594.0,144.0,3.0,0.0,65535.0,603648.0,8704.0,0.0,8192.0,4194304.0,8192.0,512.0,630784.0,512.0,0.0,4096.0,1048576.0,603408.0,8192.0,603648.0,512.0,195982.0,585728.0,196096.0,582656.0,96.0,8.0,5.0,0.0,0.0,4.0,1.0,1.0,0,0,1,0,0,0,1,0,0,0,0,1,1,1,0,0,0,0,0,0,0,0,0,0,0,0,1,0,0,0,0,0,0,0,0,0,1,0,0,0,0,0
5650.0,144.0,3.0,0.0,65535.0,478208.0,6308352.0,0.0,4096.0,4194304.0,8192.0,512.0,237568.0,1024.0,1296063.0,4096.0,1048576.0,308428.0,4096.0,58880.0,512.0,56404.0,172032.0,23040.0,1029120.0,41.0,0.0,0.0,0.0,0.0,9.0,5.0,0.0,0,0,1,0,0,0,1,0,0,0,0,0,1,1,0,0,0,0,0,0,0,0,0,0,0,0,1,0,0,0,0,0,0,0,0,0,1,0,0,0,0,0
6909840.0,144.0,3.0,0.0,65535.0,1814528.0,45056.0,5095424.0,5099520.0,4194304.0,4096.0,512.0,6959104.0,4096.0,0.0,4096.0,1048576.0,162784.0,4096.0,162816.0,1024.0,71738.0,167936.0,72192.0,163840.0,198.0,0.0,0.0,3.0,0.0,3.0,21.0,26.0,0,0,1,0,0,0,0,0,0,0,0,0,0,1,0,0,0,0,0,0,0,0,0,0,0,0,1,0,0,0,0,0,0,0,0,0,1,0,0,0,0,0
163850.0,144.0,2.0,15.0,65535.0,828416.0,926208.0,0.0,4096.0,4194304.0,4096.0,512.0,2007040.0,4096.0,966047.0,4096.0,1048576.0,619984.0,4096.0,1571328.0,512.0,45102.0,118784.0,9728.0,1003008.0,6206.0,0.0,0.0,0.0,0.0,11.0,0.0,21.0,0,0,1,1,0,0,1,0,0,0,0,0,1,1,0,0,0,0,0,0,0,0,0,0,0,0,1,0,0,0,0,0,0,0,0,0,1,0,0,0,0,0
1736768.0,144.0,3.0,0.0,65535.0,552960.0,4096.0,1183744.0,1187840.0,4194304.0,4096.0,512.0,1744896.0,4096.0,0.0,4096.0,1048576.0,122516.0,8192.0,122880.0,512.0,24.0,626688.0,512.0,590848.0,115.0,0.0,0.0,0.0,0.0,5.0,5.0,8.0,0,0,0,0,0,0,1,0,0,0,0,0,1,1,0,0,0,0,0,0,0,0,0,0,0,0,1,0,0,0,0,0,0,0,0,0,1,0,0,0,0,0
163850.0,144.0,3.0,0.0,65535.0,1798144.0,18432.0,0.0,4096.0,4194304.0,4096.0,512.0,155648.0,1024.0,0.0,4096.0,1048576.0,12217.0,4096.0,58880.0,4096.0,137962.0,483328.0,9728.0,113664.0,613.0,0.0,2.0,0.0,0.0,0.0,3.0,21.0,0,0,0,1,0,0,1,0,0,0,0,1,1,1,0,0,0,0,0,0,0,0,0,0,0,0,1,0,0,0,0,0,0,0,0,0,1,0,0,0,0,0
7880.0,144.0,3.0,0.0,65535.0,110592.0,16384.0,0.0,4096.0,4194304.0,4096.0,4096.0,159744.0,4096.0,193429.0,4096.0,1048576.0,107328.0,4096.0,110592.0,4096.0,81346.0,208896.0,81408.0,202752.0,30.0,0.0,0.0,0.0,0.0,0.0,1.0,148.0,0,0,1,0,0,0,1,0,1,0,0,0,1,1,0,0,0,0,0,0,0,0,0,0,0,0,1,0,0,0,0,0,0,0,0,0,1,0,0,0,0,0
6048.0,144.0,3.0,0.0,65535.0,242512.0,10676.0,11668.0,4096.0,4194304.0,4096.0,512.0,401408.0,1024.0,0.0,4096.0,1048576.0,242512.0,4096.0,242688.0,1024.0,42736.0,262144.0,43008.0,254464.0,15.0,0.0,0.0,1.0,1.0,2.0,4.0,111.0,0,0,1,0,0,0,1,0,0,0,0,1,1,1,0,0,0,0,0,0,0,0,0,0,0,0,1,0,0,0,0,0,0,0,0,0,1,0,0,0,0,0
1029454.0,64.0,0.0,0.0,65535.0,178176.0,53760.0,0.0,4096.0,4194304.0,4096.0,512.0,86016.0,1024.0,0.0,16384.0,1048576.0,38749.0,4096.0,94720.0,4096.0,23974.0,147456.0,4096.0,467456.0,0.0,1.0,0.0,0.0,0.0,8.0,0.0,237.0,0,0,0,0,0,0,1,0,0,0,0,0,1,1,0,0,0,0,0,0,0,0,0,0,0,0,1,1,0,0,0,0,0,0,0,0,1,0,0,0,0,0
4143118.0,144.0,3.0,0.0,65535.0,575488.0,3108352.0,0.0,4096.0,4194304.0,4096.0,512.0,10600448.0,1024.0,5471081.0,4096.0,1048576.0,575049.0,4096.0,0.0,0.0,2976224.0,581632.0,0.0,0.0,45.0,0.0,0.0,0.0,0.0,2.0,0.0,0.0,0,0,1,0,0,0,1,0,0,0,0,0,1,1,0,0,0,0,0,0,0,0,0,0,0,0,1,0,0,0,0,0,0,0,0,0,1,0,0,0,0,0
16625100.0,144.0,3.0,0.0,65535.0,1060352.0,2133504.0,0.0,4096.0,5368709120.0,4096.0,512.0,19288064.0,1024.0,0.0,4096.0,1048576.0,1060278.0,4096.0,0.0,0.0,1780590.0,1064960.0,0.0,0.0,0.0,0.0,0.0,0.0,0.0,0.0,27.0,27.0,1,0,1,1,0,0,0,0,1,0,0,0,1,1,0,0,0,0,0,0,0,0,0,1,0,0,1,0,0,0,0,0,0,0,0,0,1,0,0,1,0,0
61386.0,144.0,3.0,0.0,65535.0,131072.0,90112.0,0.0,4096.0,4194304.0,4096.0,4096.0,241664.0,4096.0,236630.0,4096.0,1048576.0,129254.0,4096.0,131072.0,4096.0,30766.0,135168.0,32768.0,135168.0,12.0,0.0,0.0,0.0,0.0,5.0,9.0,250.0,0,0,1,0,0,0,1,0,1,0,0,1,1,1,0,0,0,0,0,0,0,0,0,0,0,0,1,0,0,0,0,0,0,0,0,0,1,0,0,0,0,0
163850.0,144.0,3.0,0.0,65535.0,942080.0,1201664.0,0.0,1167360.0,4194304.0,4096.0,512.0,81920.0,4096.0,92886.0,4096.0,1048576.0,3929379.0,4096.0,19216896.0,1024.0,2428.0,1896448.0,4096.0,245760.0,791.0,3.0,0.0,0.0,0.0,0.0,1.0,0.0,0,0,1,0,0,0,1,0,0,0,0,0,1,1,0,0,0,0,0,0,0,0,0,0,0,0,1,0,0,0,0,0,0,0,0,0,1,0,0,0,0,0
25764.0,144.0,3.0,0.0,65535.0,18944.0,787968.0,0.0,4096.0,4194304.0,4096.0,512.0,2322432.0,1024.0,0.0,16384.0,1048576.0,38676.0,4096.0,446464.0,4096.0,49664.0,86016.0,1059840.0,19253248.0,0.0,0.0,0.0,0.0,0.0,6.0,8.0,601.0,0,0,0,0,0,0,1,0,0,0,0,1,1,1,0,0,0,0,0,0,0,0,0,0,0,0,1,0,0,0,0,0,0,0,0,0,1,0,0,0,0,0
40332.0,144.0,3.0,0.0,65535.0,220160.0,796160.0,0.0,4096.0,4194304.0,64.0,512.0,364544.0,1536.0,405535.0,4096.0,1048576.0,260288.0,8192.0,67584.0,1024.0,5370.0,73728.0,99328.0,620544.0,664.0,0.0,0.0,0.0,0.0,11.0,0.0,17.0,0,0,1,1,0,0,0,0,0,0,0,0,1,0,0,0,0,0,1,0,0,0,0,0,0,0,1,0,0,0,0,0,0,0,0,0,1,0,0,0,0,0
107871.0,144.0,3.0,15.0,65535.0,25088.0,8704.0,0.0,4096.0,4194304.0,4096.0,512.0,741376.0,512.0,0.0,4096.0,1048576.0,19756.0,4096.0,35840.0,512.0,82566.0,208896.0,12288.0,238080.0,693.0,0.0,0.0,0.0,0.0,11.0,1.0,21.0,0,0,1,0,0,0,1,0,0,0,0,1,1,1,0,0,0,0,0,0,0,0,0,0,0,0,1,0,0,0,0,0,0,0,0,0,1,0,0,0,0,0
13594.0,144.0,3.0,0.0,65535.0,140288.0,2048.0,0.0,4096.0,4194304.0,4096.0,512.0,2322432.0,512.0,0.0,8192.0,1048576.0,19756.0,4096.0,35840.0,1024.0,6488.0,483328.0,536064.0,15872.0,373.0,0.0,0.0,0.0,0.0,11.0,1.0,0.0,0,0,1,0,0,0,1,0,0,0,0,0,1,1,0,0,0,0,0,0,0,0,0,0,0,0,1,0,0,0,0,0,0,0,0,0,1,0,0,0,0,0
1884645.0,144.0,3.0,0.0,65535.0,649216.0,1492992.0,0.0,8192.0,4194304.0,8192.0,512.0,2981888.0,1024.0,0.0,4096.0,1048576.0,649204.0,8192.0,0.0,0.0,221704.0,741376.0,222208.0,735744.0,90.0,0.0,0.0,1.0,0.0,0.0,1.0,1.0,0,0,1,0,0,0,1,0,1,0,0,1,1,1,0,0,0,0,0,0,0,0,0,0,0,0,1,0,0,0,0,0,0,0,0,0,1,0,0,0,0,0
2945762.0,144.0,3.0,0.0,65535.0,2937856.0,2048.0,0.0,8192.0,4194304.0,8192.0,512.0,2965504.0,512.0,0.0,4096.0,1048576.0,2937576.0,8192.0,2937856.0,512.0,188686.0,585728.0,188928.0,582144.0,2936.0,20.0,0.0,1.0,0.0,1.0,1.0,1.0,0,0,1,0,0,0,1,0,1,0,0,1,1,1,0,0,0,0,0,0,0,0,0,0,0,0,1,0,0,0,0,0,0,0,0,0,1,0,0,0,0,0
705138.0,144.0,3.0,0.0,65535.0,1478656.0,16384.0,1740800.0,1744896.0,4194304.0,4096.0,512.0,3239936.0,4096.0,0.0,16384.0,1048576.0,696968.0,8192.0,697344.0,512.0,32442.0,86016.0,32768.0,80896.0,20096.0,80.0,0.0,9.0,0.0,12.0,10.0,13.0,0,0,1,0,0,0,1,0,0,0,0,1,1,1,0,0,0,0,0,0,0,0,0,0,0,0,1,0,0,0,0,0,0,0,0,0,1,0,0,0,0,0
3990456.0,144.0,3.0,0.0,65535.0,211456.0,4608.0,0.0,8192.0,4194304.0,8192.0,512.0,3997696.0,8192.0,0.0,8192.0,2097152.0,137456.0,4096.0,137728.0,1024.0,65662.0,143360.0,66048.0,138752.0,175.0,14.0,0.0,0.0,0.0,0.0,8.0,11.0,0,0,1,0,0,0,1,0,0,0,0,0,0,1,0,0,0,0,0,0,0,0,0,0,0,0,1,0,0,0,0,0,0,0,0,0,1,0,0,0,0,0
324071.0,64.0,1.0,0.0,65535.0,33792.0,276480.0,0.0,4096.0,4194304.0,4096.0,512.0,565248.0,512.0,0.0,28672.0,1048576.0,208890.0,4096.0,208896.0,1024.0,4096.0,622592.0,512.0,616960.0,724.0,0.0,0.0,0.0,0.0,0.0,8.0,9.0,0,0,0,0,0,0,0,0,0,0,0,0,1,1,0,0,0,0,0,0,0,0,0,0,0,0,1,0,0,0,0,0,0,0,0,0,1,0,0,0,0,0
163850.0,144.0,3.0,0.0,65535.0,9216.0,65536.0,0.0,4096.0,4194304.0,8192.0,512.0,17016.0,512.0,0.0,4096.0,1048576.0,29962.0,4096.0,557056.0,512.0,24.0,147456.0,4096.0,229888.0,0.0,0.0,0.0,0.0,0.0,11.0,0.0,45.0,0,0,1,0,0,0,1,0,0,0,0,0,0,1,0,0,0,0,0,0,0,0,0,0,0,0,1,0,0,0,0,0,0,0,0,0,1,0,0,0,0,0
49214.0,144.0,3.0,0.0,65535.0,9216.0,331264.0,0.0,4096.0,4194304.0,4096.0,512.0,401408.0,1536.0,0.0,4096.0,1048576.0,6890.0,4096.0,8704.0,0.0,66796.0,143360.0,4096.0,521216.0,0.0,0.0,0.0,0.0,0.0,0.0,12.0,15.0,0,0,1,0,0,0,1,0,1,0,0,1,1,1,0,0,0,0,0,0,0,0,0,0,0,0,1,0,0,0,0,0,0,0,0,0,1,0,0,0,0,0
269918.0,144.0,2.0,15.0,65535.0,354304.0,128000.0,0.0,4096.0,4194304.0,4096.0,4096.0,495616.0,1024.0,0.0,4096.0,1048576.0,356352.0,4096.0,356352.0,4096.0,45056.0,360448.0,45056.0,360448.0,2.0,0.0,0.0,0.0,0.0,0.0,0.0,0.0,0,0,1,0,0,0,1,0,0,0,0,1,1,1,0,0,0,0,0,0,0,0,0,0,0,0,1,0,0,0,0,0,0,0,0,0,1,0,0,0,0,0
279088.0,144.0,3.0,0.0,65535.0,555520.0,1012224.0,0.0,4096.0,5368709120.0,4096.0,512.0,1581056.0,1024.0,0.0,4096.0,1048576.0,555252.0,4096.0,555520.0,1024.0,199636.0,561152.0,199680.0,556544.0,0.0,0.0,0.0,0.0,0.0,0.0,9.0,221.0,1,0,1,1,0,0,1,0,1,0,0,0,1,1,0,0,0,0,0,0,0,0,0,0,0,0,1,0,0,0,0,0,0,0,0,0,1,0,0,0,0,0
236705.0,144.0,3.0,0.0,65535.0,524800.0,122368.0,0.0,4096.0,4194304.0,4096.0,512.0,741376.0,1024.0,881312.0,4096.0,4194304.0,524311.0,4096.0,524800.0,1024.0,55644.0,532480.0,55808.0,525824.0,140.0,0.0,0.0,0.0,0.0,0.0,16.0,512.0,0,0,1,0,0,0,0,0,0,0,0,0,0,1,0,0,0,0,0,0,0,0,0,0,0,0,1,0,0,0,0,0,0,0,0,0,1,0,0,0,0,0
90896.0,144.0,3.0,0.0,65535.0,70144.0,20992.0,0.0,4096.0,4194304.0,4096.0,512.0,106496.0,1024.0,0.0,4096.0,1048576.0,54850.0,20480.0,55296.0,15872.0,13224.0,77824.0,13312.0,71168.0,133.0,2.0,0.0,0.0,0.0,0.0,0.0,0.0,0,0,0,0,0,0,1,0,0,0,0,0,1,1,0,0,0,0,0,0,0,0,0,0,0,0,1,0,0,0,0,0,0,0,0,0,1,0,0,0,0,0
6875.0,80.0,2.0,15.0,65535.0,5510656.0,38912.0,0.0,8192.0,4194304.0,8192.0,512.0,5578752.0,1024.0,0.0,4096.0,1048576.0,5510276.0,8192.0,5510656.0,1024.0,2290.0,16384.0,4096.0,16384.0,346.0,0.0,0.0,0.0,0.0,0.0,1.0,1.0,0,0,1,0,0,0,1,0,0,0,0,1,1,1,0,0,0,0,0,0,0,0,0,0,0,0,1,0,0,0,0,0,0,0,0,0,1,0,0,0,0,0
8892.0,144.0,2.0,0.0,65535.0,631296.0,723968.0,0.0,4096.0,4194304.0,4096.0,512.0,2322432.0,512.0,0.0,4096.0,1048576.0,65536.0,4096.0,25600.0,1024.0,24.0,147456.0,12288.0,229888.0,0.0,0.0,1.0,0.0,0.0,11.0,2.0,0.0,0,0,0,0,0,0,1,0,0,0,0,0,1,1,0,0,0,0,0,0,0,0,0,0,0,0,1,0,0,0,0,0,0,0,0,0,1,0,0,0,0,0
5296.0,144.0,3.0,0.0,65535.0,1387008.0,35840.0,0.0,4096.0,4194304.0,4096.0,512.0,1437696.0,1024.0,0.0,4096.0,1048576.0,1386958.0,4096.0,1387008.0,1024.0,29058.0,1392640.0,29184.0,1388032.0,3.0,0.0,0.0,0.0,0.0,3.0,0.0,0.0,0,0,0,0,0,0,0,0,0,0,0,0,1,1,0,0,0,0,0,0,0,0,0,0,0,0,1,0,0,0,0,0,0,0,0,0,1,0,0,0,0,0
144670.0,144.0,3.0,0.0,65535.0,70144.0,19968.0,0.0,4096.0,4194304.0,4096.0,512.0,106496.0,1024.0,0.0,4096.0,1048576.0,54850.0,20480.0,55296.0,15872.0,13224.0,77824.0,13312.0,71168.0,59.0,0.0,0.0,0.0,0.0,2.0,0.0,0.0,0,0,0,0,0,0,1,0,0,0,0,1,1,1,0,0,0,0,0,0,0,0,0,0,0,0,1,0,0,0,0,0,0,0,0,0,1,0,0,0,0,0
380864.0,80.0,3.0,0.0,65535.0,140288.0,2048.0,0.0,8192.0,4194304.0,4096.0,512.0,679936.0,512.0,0.0,4096.0,1048576.0,1161939.0,4096.0,728064.0,1024.0,231692.0,53248.0,512.0,0.0,326.0,0.0,0.0,0.0,0.0,0.0,1.0,21.0,0,0,1,0,0,0,1,0,0,0,0,0,0,1,0,0,0,0,0,0,0,0,0,0,0,0,1,0,0,0,0,0,0,0,0,0,1,0,0,0,0,0
48906.0,144.0,3.0,0.0,65535.0,40960.0,2048.0,0.0,8192.0,4194304.0,8192.0,512.0,65536.0,512.0,0.0,4096.0,1048576.0,40720.0,8192.0,40960.0,512.0,8780.0,15519744.0,9216.0,15513088.0,28.0,0.0,0.0,0.0,0.0,3.0,1.0,1.0,0,0,1,0,0,0,1,0,1,0,0,1,1,1,0,0,0,0,0,0,0,0,0,0,0,0,1,0,0,0,0,0,0,0,0,0,1,0,0,0,0,0
123385.0,144.0,3.0,0.0,65535.0,198144.0,66048.0,0.0,4096.0,4194304.0,4096.0,512.0,425984.0,1024.0,1590281.0,4096.0,1048576.0,198017.0,4096.0,198144.0,1024.0,41778.0,204800.0,41984.0,199168.0,48.0,0.0,0.0,0.0,0.0,5.0,3.0,201.0,0,0,1,0,0,0,1,0,0,0,0,0,1,1,0,0,0,0,0,0,0,0,0,0,0,0,1,0,0,0,0,0,0,0,0,0,1,0,0,0,0,0
13888.0,144.0,3.0,0.0,65535.0,26624.0,428544.0,16384.0,4096.0,4194304.0,4096.0,512.0,1798144.0,1024.0,0.0,4096.0,1048576.0,26230.0,4096.0,26624.0,1024.0,5018.0,32768.0,5120.0,27648.0,1330.0,0.0,0.0,0.0,0.0,0.0,7.0,165.0,0,0,1,0,0,0,1,0,0,0,0,1,1,1,0,0,0,0,0,0,0,0,0,0,0,0,1,0,0,0,0,0,0,0,0,0,1,0,0,0,0,0
16528.0,144.0,3.0,0.0,65535.0,49664.0,238592.0,0.0,4096.0,4194304.0,4096.0,512.0,299008.0,1024.0,0.0,4096.0,1048576.0,49551.0,4096.0,49664.0,1024.0,11828.0,57344.0,12288.0,50688.0,5.0,0.0,0.0,0.0,0.0,3.0,3.0,77.0,0,0,0,0,0,0,0,0,0,0,0,0,0,1,0,0,0,0,0,0,0,0,0,0,0,0,1,0,0,0,0,0,0,0,0,0,1,0,0,0,0,0
312034.0,144.0,3.0,0.0,65535.0,49152.0,8704.0,0.0,4096.0,5368709120.0,4096.0,512.0,32768.0,1024.0,0.0,4096.0,1048576.0,32676.0,4096.0,199168.0,1024.0,46129.0,143360.0,4096.0,50176.0,0.0,0.0,1.0,0.0,0.0,4.0,0.0,0.0,1,0,0,0,0,0,0,0,0,0,0,0,0,1,0,0,0,0,0,0,0,0,0,0,0,0,1,0,0,0,0,0,0,0,0,0,1,0,0,0,0,0
321959.0,144.0,3.0,16.0,65535.0,28672.0,723968.0,0.0,4096.0,4194304.0,4096.0,512.0,4169728.0,1024.0,0.0,4096.0,1048576.0,4274.0,8192.0,8192.0,0.0,4732.0,5181440.0,12288.0,131072.0,896.0,0.0,2.0,0.0,0.0,8.0,10.0,5.0,0,0,1,0,0,0,0,0,0,0,0,0,1,1,0,0,0,0,0,0,0,0,0,0,0,0,1,0,0,0,0,0,0,0,0,0,1,0,0,0,0,0
4861.0,144.0,3.0,0.0,65535.0,9216.0,149504.0,0.0,4096.0,5368709120.0,4096.0,4096.0,69632.0,1024.0,0.0,4096.0,1048576.0,19812.0,4096.0,91136.0,1024.0,30426.0,2658304.0,207872.0,152576.0,6721.0,0.0,0.0,0.0,0.0,10.0,1.0,402.0,0,0,1,1,0,0,1,0,1,0,0,0,0,1,0,0,0,0,0,0,0,0,0,0,0,0,1,0,0,0,0,0,0,0,0,0,1,0,0,0,0,0
317180.0,80.0,2.0,15.0,65535.0,313344.0,56320.0,0.0,4096.0,50790400.0,4096.0,512.0,401408.0,1024.0,0.0,16384.0,1048576.0,50564.0,8192.0,50688.0,512.0,4726.0,32768.0,5120.0,26624.0,10.0,0.0,0.0,0.0,0.0,2.0,0.0,0.0,0,0,1,0,0,0,1,0,0,0,0,1,1,1,0,0,0,0,0,0,0,0,0,0,0,0,1,0,0,0,0,0,0,0,0,0,1,0,0,0,0,0
1047084.0,144.0,3.0,0.0,65535.0,1053184.0,375296.0,0.0,4096.0,5368709120.0,4096.0,512.0,1445888.0,1024.0,0.0,4096.0,1048576.0,1052728.0,4096.0,1053184.0,1024.0,359648.0,1060864.0,359936.0,1054208.0,0.0,0.0,0.0,0.0,0.0,0.0,24.0,266.0,1,0,1,1,0,0,1,0,1,0,0,0,1,1,0,0,0,0,0,0,0,0,0,0,0,0,1,0,0,0,0,0,0,0,0,0,1,0,0,0,0,0
317180.0,80.0,2.0,15.0,65535.0,313344.0,56320.0,0.0,4096.0,48037888.0,4096.0,512.0,401408.0,1024.0,0.0,16384.0,1048576.0,2154742.0,4096.0,0.0,0.0,604040.0,2162688.0,0.0,0.0,2.0,0.0,0.0,0.0,0.0,0.0,0.0,0.0,0,0,1,0,0,0,0,0,0,0,0,0,0,1,0,0,0,0,0,0,0,0,0,0,0,0,1,0,0,0,0,0,0,0,0,0,1,0,0,0,0,0
8245248.0,144.0,3.0,0.0,65535.0,766464.0,638976.0,0.0,4096.0,4194304.0,4096.0,512.0,8257536.0,1024.0,3252105.0,4096.0,1048576.0,29044.0,4096.0,29184.0,1024.0,233930.0,909312.0,233984.0,906240.0,38.0,0.0,0.0,0.0,0.0,0.0,2.0,2.0,0,0,0,0,0,0,1,0,0,0,0,0,0,1,0,0,0,0,0,0,0,0,0,0,0,0,1,0,0,0,0,0,0,0,0,0,1,0,0,0,0,0
124622.0,144.0,3.0,0.0,65535.0,134656.0,466944.0,0.0,4096.0,4194304.0,4096.0,512.0,614400.0,1024.0,0.0,4096.0,1048576.0,134634.0,4096.0,134656.0,1024.0,80300.0,139264.0,80384.0,135680.0,0.0,0.0,0.0,0.0,0.0,0.0,9.0,631.0,0,0,1,0,0,0,1,0,0,0,0,0,1,1,0,0,0,0,0,0,0,0,0,0,0,0,1,0,0,0,0,0,0,0,0,0,1,0,0,0,0,0
5388.0,144.0,3.0,0.0,65535.0,69632.0,16384.0,0.0,4096.0,4194304.0,4096.0,4096.0,90112.0,4096.0,122741.0,4096.0,1048576.0,67648.0,4096.0,69632.0,4096.0,626242.0,1978368.0,626688.0,1975296.0,59.0,4.0,0.0,0.0,0.0,0.0,1.0,66.0,0,0,1,0,0,0,1,0,0,0,0,0,1,1,0,0,0,0,0,0,0,0,0,0,0,0,1,0,0,0,0,0,0,0,0,0,1,0,0,0,0,0
52398.0,144.0,3.0,0.0,65535.0,44544.0,2048.0,0.0,8192.0,4194304.0,8192.0,512.0,73728.0,512.0,0.0,4096.0,1048576.0,44212.0,8192.0,44544.0,512.0,200326.0,909312.0,200704.0,905728.0,65.0,0.0,0.0,0.0,0.0,0.0,1.0,1.0,0,0,1,0,0,0,1,0,0,0,0,1,1,1,0,0,0,0,0,0,0,0,0,0,0,0,1,0,0,0,0,0,0,0,0,0,1,0,0,0,0,0
11850.0,144.0,3.0,0.0,65535.0,10752.0,11264.0,0.0,4096.0,4194304.0,4096.0,512.0,36864.0,1024.0,79113.0,4096.0,1048576.0,10510.0,4096.0,10752.0,1024.0,7324.0,16384.0,7680.0,11776.0,2.0,0.0,0.0,0.0,0.0,0.0,5.0,90.0,0,0,1,0,0,0,1,0,0,0,0,0,1,1,0,0,0,0,0,0,0,0,0,0,0,0,1,0,0,0,0,0,0,0,0,0,1,0,0,0,0,0
116352.0,80.0,3.0,0.0,65535.0,65024.0,562176.0,0.0,1167360.0,4194304.0,4096.0,128.0,1261568.0,1024.0,2651606.0,4096.0,1048576.0,179788.0,4096.0,4387328.0,4096.0,7208.0,7106560.0,512.0,2930688.0,0.0,1.0,2.0,0.0,0.0,0.0,6.0,0.0,0,0,0,0,0,0,1,0,0,0,0,0,1,1,0,0,0,0,0,0,0,0,0,0,0,0,1,0,0,0,0,0,0,0,0,0,1,0,0,0,0,0
1052558.0,144.0,3.0,0.0,65535.0,1044480.0,6656.0,0.0,8192.0,4194304.0,8192.0,512.0,1073152.0,512.0,0.0,4096.0,1048576.0,1044372.0,8192.0,1044480.0,512.0,24.0,61440.0,512.0,41984.0,45.0,0.0,0.0,0.0,0.0,4.0,1.0,1.0,0,0,0,0,0,0,1,0,1,0,0,1,1,1,0,0,0,0,0,0,0,0,0,0,0,0,1,0,0,0,0,0,0,0,0,0,1,0,0,0,0,0
12893.0,144.0,3.0,0.0,65535.0,23040.0,120320.0,1024.0,4096.0,4194304.0,4096.0,512.0,221184.0,1024.0,0.0,4096.0,1048576.0,22878.0,4096.0,23040.0,1024.0,4496.0,28672.0,4608.0,24064.0,672.0,0.0,0.0,0.0,0.0,4.0,8.0,155.0,0,0,1,0,0,0,1,0,0,0,0,0,0,1,0,0,0,0,0,0,0,0,0,0,0,0,1,0,0,0,0,0,0,0,0,0,1,0,0,0,0,0
133008.0,144.0,3.0,0.0,65535.0,387072.0,120832.0,0.0,4096.0,4194304.0,4096.0,512.0,524288.0,1024.0,537896.0,4096.0,1048576.0,386634.0,4096.0,387072.0,1024.0,89354.0,393216.0,89600.0,388096.0,759.0,8.0,0.0,0.0,0.0,3.0,0.0,0.0,0,0,0,0,0,0,1,0,0,0,0,0,1,1,0,0,0,0,0,0,0,0,0,0,0,0,1,0,0,0,0,0,0,0,0,0,1,0,0,0,0,0
425182.0,144.0,3.0,0.0,65535.0,416996.0,1434.0,0.0,8192.0,4194304.0,8192.0,512.0,442368.0,512.0,0.0,4096.0,1048576.0,416996.0,8192.0,417280.0,512.0,4502.0,28672.0,4608.0,25088.0,28.0,0.0,0.0,0.0,0.0,5.0,1.0,1.0,0,0,1,0,0,0,1,0,1,0,0,1,1,1,0,0,0,0,0,0,0,0,0,0,0,0,1,0,0,0,0,0,0,0,0,0,1,0,0,0,0,0
19462928.0,80.0,3.0,0.0,65535.0,669696.0,562176.0,0.0,4096.0,4194304.0,4096.0,512.0,53248.0,1024.0,0.0,4096.0,1048576.0,195088.0,8192.0,94720.0,1536.0,2822.0,73728.0,147456.0,427520.0,406.0,0.0,0.0,0.0,0.0,0.0,2.0,14.0,0,0,1,0,0,0,1,0,1,0,0,1,1,1,0,0,0,0,0,0,0,0,0,0,0,0,1,0,0,0,0,0,0,0,0,0,1,0,0,0,0,0
126501.0,144.0,3.0,0.0,65535.0,261632.0,388608.0,0.0,4096.0,4194304.0,4096.0,512.0,655360.0,1024.0,0.0,4096.0,1048576.0,261608.0,4096.0,261632.0,1024.0,68670.0,266240.0,69120.0,262656.0,109.0,0.0,0.0,0.0,0.0,4.0,13.0,254.0,0,0,1,0,0,0,0,0,0,0,0,0,1,1,0,0,0,0,0,0,0,0,0,0,0,0,1,0,0,0,0,0,0,0,0,0,1,0,0,0,0,0
102190.0,144.0,3.0,0.0,65535.0,94208.0,512.0,0.0,8192.0,4194304.0,8192.0,512.0,114688.0,512.0,0.0,4096.0,1048576.0,94004.0,8192.0,94208.0,512.0,24.0,57344.0,512.0,40448.0,162.0,0.0,0.0,0.0,0.0,0.0,1.0,1.0,0,0,1,0,0,0,1,0,0,0,0,1,1,1,0,0,0,0,0,0,0,0,0,0,0,0,1,0,0,0,0,0,0,0,0,0,1,0,0,0,0,0
19945.0,144.0,3.0,0.0,65535.0,164352.0,2491904.0,0.0,4096.0,4194304.0,4096.0,512.0,2670592.0,1024.0,316225.0,4096.0,1048576.0,163874.0,4096.0,164352.0,1024.0,6210.0,16384.0,6656.0,12288.0,10.0,0.0,0.0,0.0,0.0,5.0,4.0,113.0,0,0,1,0,0,0,0,0,0,0,0,0,0,1,0,0,0,0,0,0,0,0,0,0,0,0,1,0,0,0,0,0,0,0,0,0,1,0,0,0,0,0
1431166.0,144.0,3.0,0.0,65535.0,810496.0,14848.0,0.0,8192.0,4194304.0,8192.0,512.0,843776.0,512.0,0.0,4096.0,1048576.0,810060.0,8192.0,810496.0,512.0,24.0,245760.0,512.0,65536.0,51.0,0.0,0.0,0.0,0.0,2.0,0.0,0.0,0,0,1,0,0,0,1,0,0,0,0,1,1,1,0,0,0,0,0,0,0,0,0,0,0,0,1,0,0,0,0,0,0,0,0,0,1,0,0,0,0,0
30766.0,144.0,3.0,0.0,65535.0,76288.0,26112.0,0.0,4096.0,4194304.0,4096.0,512.0,114688.0,1024.0,139255.0,4096.0,1048576.0,75956.0,4096.0,76288.0,1024.0,57796.0,491520.0,57856.0,485376.0,10.0,0.0,0.0,0.0,0.0,0.0,5.0,81.0,0,0,1,0,0,0,1,0,0,0,0,0,1,1,0,0,0,0,0,0,0,0,0,0,0,0,1,0,0,0,0,0,0,0,0,0,1,0,0,1,0,0
216644.0,144.0,3.0,15.0,65535.0,284160.0,202240.0,0.0,4096.0,4194304.0,8192.0,512.0,7184384.0,8192.0,0.0,4096.0,1048576.0,2938324.0,4096.0,109568.0,512.0,191016.0,1392640.0,10752.0,463360.0,260.0,0.0,0.0,0.0,0.0,0.0,25.0,0.0,0,0,0,0,0,0,0,0,0,0,0,0,1,1,0,0,0,0,0,0,0,0,0,0,0,0,1,0,0,0,0,0,0,0,0,0,1,0,0,0,0,0
739460.0,144.0,3.0,0.0,65535.0,871936.0,353792.0,0.0,4096.0,4194304.0,4096.0,512.0,1314816.0,1024.0,1255708.0,4096.0,1048576.0,871851.0,4096.0,871936.0,1024.0,182880.0,876544.0,183296.0,872960.0,8276.0,46.0,6.0,0.0,0.0,0.0,9.0,277.0,0,0,1,0,0,0,1,0,0,0,0,0,1,1,0,0,0,0,0,0,0,0,0,0,0,0,1,0,0,0,0,0,0,0,0,0,1,0,0,0,0,0
32032.0,80.0,2.0,15.0,65535.0,28672.0,43520.0,0.0,4096.0,4194304.0,4096.0,512.0,258048.0,1024.0,0.0,16384.0,1048576.0,39020.0,4096.0,40960.0,4096.0,24.0,245760.0,512.0,65536.0,26.0,0.0,0.0,0.0,0.0,0.0,4.0,38.0,0,0,1,0,0,0,0,0,0,0,0,0,1,0,0,0,0,0,0,0,0,0,0,0,0,0,1,0,0,0,0,0,0,0,0,0,1,0,0,0,0,0
26130.0,108.0,1.0,0.0,65535.0,512.0,328192.0,0.0,4096.0,4194304.0,4096.0,512.0,339968.0,512.0,356246.0,65536.0,1048576.0,32.0,4096.0,512.0,512.0,5286.0,32768.0,5632.0,28160.0,42.0,0.0,0.0,0.0,0.0,3.0,0.0,0.0,0,0,1,0,0,0,1,0,1,0,0,1,1,1,0,0,0,0,0,0,0,0,0,0,0,0,1,0,0,0,0,0,0,0,0,0,1,0,0,0,0,0
6819498.0,144.0,3.0,0.0,65535.0,6817280.0,11776.0,0.0,8192.0,4194304.0,8192.0,512.0,6856704.0,512.0,0.0,4096.0,1048576.0,6817216.0,8192.0,6817280.0,512.0,24904.0,65536.0,25088.0,61440.0,15.0,0.0,0.0,0.0,0.0,0.0,1.0,1.0,0,0,0,0,0,0,1,0,0,0,0,1,1,1,0,0,0,0,0,0,0,0,0,0,0,0,1,0,0,0,0,0,0,0,0,0,1,0,0,0,0,0
74126.0,144.0,2.0,15.0,65535.0,186368.0,19456.0,0.0,8192.0,4194304.0,8192.0,512.0,229376.0,512.0,0.0,4096.0,1048576.0,185920.0,8192.0,186368.0,512.0,10250.0,65536.0,10752.0,62464.0,60.0,0.0,0.0,0.0,0.0,0.0,1.0,1.0,0,0,1,0,0,0,1,0,1,0,0,1,1,1,0,0,0,0,0,0,0,0,0,0,0,0,1,0,0,0,0,0,0,0,0,0,1,0,0,0,0,0
163850.0,144.0,3.0,15.0,65535.0,11264.0,177664.0,0.0,4096.0,4194304.0,4096.0,512.0,1769472.0,1024.0,0.0,4096.0,1048576.0,77248.0,4096.0,135168.0,1024.0,82566.0,1392640.0,512.0,113664.0,793.0,3.0,2.0,0.0,0.0,10.0,28.0,10.0,0,0,0,0,0,0,0,0,0,0,0,0,0,1,0,0,0,0,0,0,0,0,0,0,0,0,1,0,0,0,0,0,0,0,0,0,1,0,0,0,0,0
97344.0,144.0,3.0,0.0,65535.0,99840.0,55296.0,0.0,4096.0,5368709120.0,4096.0,512.0,167936.0,1024.0,167938.0,8192.0,1048576.0,99663.0,4096.0,99840.0,1024.0,44618.0,106496.0,45056.0,100864.0,0.0,0.0,0.0,0.0,0.0,0.0,9.0,223.0,1,0,0,1,0,0,1,0,1,0,0,0,1,1,0,0,0,0,0,0,0,0,0,0,0,0,1,0,0,0,0,0,0,0,0,0,1,0,0,0,0,0
4768.0,144.0,3.0,0.0,65535.0,17920.0,37376.0,1024.0,4096.0,4194304.0,4096.0,512.0,65536.0,1024.0,93515.0,4096.0,1048576.0,17412.0,4096.0,17920.0,1024.0,1184.0,28672.0,1536.0,19456.0,15.0,0.0,0.0,0.0,0.0,0.0,3.0,66.0,0,0,1,0,0,0,1,0,1,0,0,0,1,1,0,0,0,0,1,0,0,0,0,0,0,0,1,0,0,0,0,0,0,0,0,0,1,0,0,0,0,0
13206.0,144.0,3.0,0.0,65535.0,5120.0,1536.0,0.0,8192.0,4194304.0,8192.0,512.0,32768.0,512.0,0.0,4096.0,1048576.0,5020.0,8192.0,5120.0,512.0,202760.0,696320.0,203264.0,690176.0,0.0,0.0,0.0,0.0,0.0,0.0,0.0,0.0,0,0,0,0,0,0,1,0,1,0,0,1,1,1,0,0,0,0,0,0,0,0,0,0,0,0,1,0,0,0,0,0,0,0,0,0,1,0,0,0,0,0
5308158.0,144.0,3.0,0.0,65535.0,5300224.0,62976.0,0.0,8192.0,4194304.0,8192.0,512.0,5382144.0,512.0,0.0,4096.0,1048576.0,5299972.0,8192.0,5300224.0,512.0,140028.0,405504.0,0.0,0.0,0.0,0.0,0.0,1.0,0.0,2.0,1.0,1.0,0,0,1,0,0,0,1,0,1,0,0,1,1,1,0,0,0,0,0,0,0,0,0,0,0,0,1,0,0,0,0,0,0,0,0,0,1,0,0,0,0,0
5516.0,144.0,3.0,0.0,65535.0,84480.0,6308352.0,0.0,4096.0,4194304.0,4096.0,512.0,970752.0,1024.0,100097.0,4096.0,1048576.0,508944.0,4096.0,185344.0,1024.0,1778.0,8548352.0,207872.0,18432.0,901.0,1.0,0.0,0.0,0.0,11.0,15.0,20.0,1,0,0,1,0,0,0,0,0,0,0,0,0,1,0,0,0,0,0,0,0,0,0,0,0,0,1,0,0,0,0,0,0,0,0,0,1,0,0,0,0,0
40332.0,144.0,3.0,0.0,65535.0,478208.0,145408.0,0.0,4096.0,4194304.0,4096.0,512.0,3383296.0,1024.0,0.0,4096.0,1048576.0,110281.0,4096.0,474624.0,1024.0,1380.0,8192.0,12288.0,19253248.0,225.0,3.0,0.0,0.0,0.0,11.0,0.0,0.0,0,0,1,1,0,0,1,0,1,0,0,0,1,1,0,0,0,0,0,0,0,0,0,0,0,0,1,0,0,0,0,0,0,0,0,0,1,0,0,0,0,0
19259.0,144.0,3.0,0.0,65535.0,140288.0,374784.0,0.0,4096.0,4194304.0,4096.0,512.0,4169728.0,1024.0,0.0,4096.0,1048576.0,200400.0,4096.0,25600.0,1024.0,37182.0,53248.0,12288.0,41984.0,6680.0,2.0,0.0,0.0,0.0,11.0,2.0,119.0,0,0,0,0,0,0,1,0,0,0,0,0,0,1,0,0,0,0,0,0,0,0,0,0,0,0,1,0,0,0,0,0,0,0,0,0,1,0,0,0,0,0
17004188.0,144.0,3.0,0.0,65535.0,5632.0,2036224.0,0.0,4096.0,4194304.0,4096.0,512.0,17010688.0,1024.0,2059921.0,8192.0,2097152.0,73235.0,4096.0,73728.0,1024.0,16162.0,77824.0,16384.0,74752.0,0.0,0.0,0.0,0.0,0.0,0.0,9.0,12.0,1,0,1,1,0,0,0,0,0,0,0,0,0,1,0,0,0,0,0,0,0,0,0,0,0,0,1,0,0,0,0,0,0,0,0,0,1,0,0,0,0,0
406365.0,80.0,3.0,0.0,65535.0,239104.0,1669632.0,0.0,4096.0,4194304.0,4096.0,512.0,1781760.0,4096.0,0.0,4096.0,1048576.0,4086.0,4096.0,25088.0,1024.0,25022.0,163840.0,207872.0,10752.0,2875.0,2.0,2.0,0.0,0.0,10.0,2.0,336.0,1,0,1,1,0,0,1,0,0,0,0,1,1,1,0,0,0,0,0,0,0,0,0,0,0,0,1,0,0,0,0,0,0,0,0,0,1,0,0,0,0,0
69687.0,144.0,3.0,0.0,65535.0,72192.0,30208.0,0.0,4096.0,4194304.0,4096.0,512.0,188416.0,1024.0,0.0,4096.0,1048576.0,71862.0,69632.0,72192.0,1024.0,14355.0,143360.0,14848.0,73216.0,0.0,0.0,0.0,0.0,0.0,0.0,4.0,120.0,0,0,0,0,0,0,1,0,0,0,0,0,1,1,0,0,0,0,0,0,0,0,0,0,0,0,1,0,0,0,0,0,0,0,0,0,1,0,0,0,0,0
10686.0,144.0,3.0,0.0,65535.0,60416.0,40448.0,0.0,4096.0,4194304.0,4096.0,512.0,118784.0,1024.0,0.0,4096.0,1048576.0,60017.0,4096.0,60416.0,1024.0,24874.0,65536.0,25088.0,61440.0,7.0,0.0,0.0,0.0,0.0,0.0,2.0,74.0,0,0,0,0,0,0,1,0,0,0,0,0,1,1,0,0,0,0,0,0,0,0,0,0,0,0,1,0,0,0,0,0,0,0,0,0,1,0,0,0,0,0
40332.0,144.0,3.0,0.0,65535.0,613376.0,3212800.0,0.0,4096.0,4194304.0,4096.0,512.0,7307264.0,512.0,100097.0,4096.0,1048576.0,2394244.0,4096.0,4594688.0,1024.0,298616.0,20480.0,4096.0,467456.0,886.0,0.0,0.0,0.0,0.0,0.0,32.0,388.0,1,0,0,1,0,0,1,0,1,0,0,1,1,1,0,0,0,0,0,0,0,0,0,0,0,0,1,0,0,0,0,0,0,0,0,0,1,0,0,0,0,0
531992.0,144.0,3.0,0.0,65535.0,535040.0,1295872.0,0.0,4096.0,5368709120.0,4096.0,512.0,1847296.0,1024.0,0.0,4096.0,1048576.0,534935.0,4096.0,535040.0,1024.0,1262970.0,540672.0,1263104.0,536064.0,0.0,0.0,0.0,0.0,0.0,0.0,25.0,352.0,1,0,0,1,0,0,1,0,1,0,0,0,1,1,0,0,0,0,0,0,0,0,0,0,0,0,1,0,0,0,0,0,0,0,0,0,1,0,0,0,0,0
676921.0,144.0,3.0,0.0,65535.0,99840.0,58368.0,0.0,4096.0,268435456.0,4096.0,512.0,176128.0,1024.0,0.0,4096.0,1048576.0,99435.0,4096.0,99840.0,1024.0,27246.0,106496.0,27648.0,100864.0,0.0,0.0,0.0,0.0,0.0,4.0,0.0,0.0,0,0,1,0,0,0,1,0,0,0,0,0,1,0,0,0,0,0,0,0,0,0,0,0,0,0,1,0,0,0,0,0,0,0,0,0,1,0,0,0,0,0
59040.0,144.0,3.0,0.0,65535.0,59904.0,33792.0,0.0,4096.0,5368709120.0,4096.0,512.0,114688.0,1024.0,93308.0,8192.0,1048576.0,59643.0,4096.0,59904.0,1024.0,23172.0,65536.0,23552.0,60928.0,0.0,0.0,0.0,0.0,0.0,0.0,9.0,159.0,1,0,1,1,0,0,1,0,1,0,0,0,1,1,0,0,0,0,0,0,0,0,0,0,0,0,1,0,0,0,0,0,0,0,0,0,1,0,0,0,0,0
19259.0,144.0,3.0,0.0,65535.0,58368.0,68096.0,0.0,4096.0,4194304.0,4096.0,512.0,151552.0,1024.0,168160.0,4096.0,1048576.0,58085.0,4096.0,58368.0,1024.0,14300.0,65536.0,14336.0,59392.0,48.0,0.0,0.0,0.0,0.0,5.0,4.0,85.0,0,0,1,0,0,0,1,0,0,0,0,0,1,1,0,0,0,0,0,0,0,0,0,0,0,0,1,0,0,0,0,0,0,0,0,0,1,0,0,0,0,0
15441581.0,144.0,3.0,0.0,65535.0,6299136.0,2208768.0,0.0,4096.0,5368709120.0,4096.0,512.0,24051712.0,1024.0,15096524.0,4096.0,1048576.0,6298636.0,4096.0,0.0,0.0,1522918.0,6303744.0,1523200.0,1024.0,0.0,0.0,0.0,3.0,1.0,3.0,19.0,22.0,1,0,0,1,0,0,1,0,1,0,0,0,1,1,0,0,0,0,0,0,0,0,0,0,0,0,1,0,0,0,0,0,0,0,0,0,1,0,0,0,0,0
4311214.0,144.0,3.0,0.0,65535.0,4303360.0,6656.0,0.0,8192.0,4194304.0,8192.0,512.0,4333568.0,512.0,0.0,4096.0,1048576.0,4303044.0,8192.0,4303360.0,512.0,24.0,110592.0,512.0,75264.0,116.0,0.0,0.0,0.0,0.0,0.0,1.0,1.0,0,0,1,0,0,0,1,0,1,0,0,1,1,1,0,0,0,0,0,0,0,0,0,0,0,0,1,0,0,0,0,0,0,0,0,0,1,0,0,0,0,0
4389.0,144.0,3.0,0.0,65535.0,114176.0,205312.0,65024.0,4096.0,5368709120.0,4096.0,512.0,299008.0,1024.0,198935.0,4096.0,1048576.0,113768.0,4096.0,114176.0,1024.0,10864.0,122880.0,11264.0,115712.0,0.0,0.0,0.0,0.0,0.0,0.0,4.0,84.0,1,0,0,1,0,0,1,0,1,0,0,0,1,0,0,0,0,0,1,0,0,0,0,0,0,0,1,0,0,0,0,0,0,0,0,0,1,0,0,0,0,0
11029.0,4.0,1.0,1.0,65535.0,13824.0,2560.0,0.0,4096.0,4194304.0,4096.0,512.0,32768.0,1024.0,0.0,4096.0,1048576.0,13542.0,4096.0,13824.0,1024.0,11230.0,53248.0,11264.0,50176.0,7.0,0.0,0.0,0.0,0.0,5.0,5.0,78.0,0,0,1,0,0,0,1,0,0,0,0,0,0,1,0,0,0,0,0,0,0,0,0,0,0,0,1,0,0,0,0,0,0,0,0,0,1,0,0,0,0,0
29762.0,144.0,3.0,0.0,65535.0,73216.0,70144.0,0.0,4096.0,4194304.0,4096.0,512.0,155648.0,1024.0,183424.0,4096.0,1048576.0,72788.0,4096.0,73216.0,1024.0,41778.0,204800.0,41984.0,199168.0,11.0,0.0,0.0,0.0,0.0,2.0,5.0,77.0,0,0,1,0,0,0,1,0,0,0,0,0,1,1,0,0,0,0,0,0,0,0,0,0,0,0,1,0,0,0,0,0,0,0,0,0,1,0,0,0,0,0
415102.0,144.0,3.0,0.0,65535.0,329728.0,122368.0,0.0,4096.0,4194304.0,4096.0,512.0,466944.0,1024.0,493409.0,4096.0,1048576.0,329629.0,4096.0,329728.0,1024.0,73690.0,335872.0,73728.0,330752.0,82.0,0.0,3.0,0.0,0.0,3.0,0.0,0.0,0,0,1,0,0,0,1,0,0,0,0,0,1,1,0,0,0,0,0,0,0,0,0,0,0,0,1,0,0,0,0,0,0,0,0,0,1,0,0,0,0,0
19402.0,64.0,3.0,0.0,65535.0,239104.0,204288.0,0.0,4096.0,4194304.0,4096.0,512.0,2166784.0,1024.0,0.0,4096.0,1048576.0,145124.0,4096.0,192000.0,1536.0,10660.0,8548352.0,4096.0,37888.0,902.0,0.0,0.0,0.0,0.0,7.0,5.0,16.0,0,0,1,0,0,0,1,0,0,0,0,0,1,1,0,0,0,0,0,0,0,0,0,0,0,0,1,0,0,0,0,0,0,0,0,0,1,0,0,0,0,0
4139.0,144.0,3.0,0.0,65535.0,512.0,878080.0,0.0,4096.0,4194304.0,4096.0,512.0,897024.0,1024.0,60637.0,4096.0,1048576.0,502.0,4096.0,512.0,1024.0,472.0,8192.0,512.0,1536.0,13.0,0.0,0.0,0.0,0.0,3.0,1.0,17.0,0,0,1,0,0,0,1,0,0,0,0,0,1,1,0,0,0,0,0,0,0,0,0,0,0,0,1,0,0,0,0,0,0,0,0,0,1,0,0,0,0,0
11538.0,144.0,3.0,0.0,65535.0,3584.0,2048.0,0.0,8192.0,4194304.0,8192.0,512.0,32768.0,512.0,0.0,4096.0,1048576.0,3352.0,8192.0,3584.0,512.0,2670.0,32768.0,4096.0,32768.0,28.0,0.0,0.0,0.0,0.0,0.0,1.0,1.0,0,0,0,0,0,0,1,0,1,0,0,1,1,1,0,0,0,0,0,0,0,0,0,0,0,0,1,0,0,0,0,0,0,0,0,0,1,0,0,0,0,0
20296472.0,144.0,3.0,0.0,65535.0,10238464.0,275456.0,0.0,8192.0,4194304.0,8192.0,512.0,20316160.0,8192.0,0.0,8192.0,2097152.0,32296.0,8192.0,32768.0,512.0,5286.0,32768.0,5632.0,28160.0,677.0,0.0,0.0,0.0,0.0,4.0,8.0,11.0,0,0,1,0,0,0,1,0,1,0,0,0,0,1,0,0,0,0,0,0,0,0,0,0,0,0,1,0,0,0,0,0,0,0,0,0,1,0,0,0,0,0
163850.0,144.0,3.0,0.0,65535.0,2560.0,723968.0,0.0,4096.0,4194304.0,4096.0,512.0,221184.0,512.0,0.0,4096.0,1048576.0,682086.0,4096.0,2055680.0,1024.0,49450.0,53248.0,207872.0,37888.0,671.0,0.0,1.0,0.0,0.0,5.0,0.0,0.0,0,0,0,0,0,0,1,0,0,0,0,1,1,1,0,0,0,0,0,0,0,0,0,0,0,0,1,0,0,0,0,0,0,0,0,0,1,0,0,0,0,0
97982.0,144.0,3.0,0.0,65535.0,90112.0,102400.0,0.0,8192.0,4194304.0,8192.0,512.0,212992.0,512.0,0.0,4096.0,1048576.0,89796.0,8192.0,90112.0,512.0,11792.0,49152.0,12288.0,42496.0,138.0,0.0,0.0,0.0,0.0,3.0,1.0,1.0,0,0,1,0,0,0,1,0,0,0,0,1,1,1,0,0,0,0,0,0,0,0,0,0,0,0,1,0,0,0,0,0,0,0,0,0,1,0,0,0,0,0
9924.0,144.0,3.0,0.0,65535.0,160256.0,331264.0,0.0,4096.0,4194304.0,4096.0,512.0,2166784.0,1024.0,0.0,16384.0,1048576.0,68272.0,4096.0,199168.0,1024.0,182156.0,8548352.0,64000.0,328192.0,872.0,0.0,2.0,0.0,0.0,11.0,1.0,0.0,1,0,0,1,0,0,1,0,0,0,0,1,1,1,0,0,0,0,0,0,0,0,0,0,0,0,1,0,0,0,0,0,0,0,0,0,1,0,0,0,0,0
4717.0,144.0,3.0,0.0,65535.0,3584.0,5120.0,0.0,4096.0,4194304.0,4096.0,512.0,24576.0,1024.0,0.0,4096.0,1048576.0,3260.0,4096.0,3584.0,1024.0,2750.0,8192.0,3072.0,4608.0,174.0,0.0,0.0,0.0,0.0,0.0,8.0,41.0,0,0,0,0,0,0,1,0,0,0,0,0,1,1,0,0,0,0,0,0,0,0,0,0,0,0,1,0,0,0,0,0,0,0,0,0,1,0,0,0,0,0
34916.0,144.0,3.0,0.0,65535.0,137728.0,148992.0,0.0,4096.0,5368709120.0,4096.0,512.0,368640.0,1024.0,12651047.0,4096.0,1048576.0,137456.0,4096.0,137728.0,1024.0,65662.0,143360.0,66048.0,138752.0,12.0,0.0,0.0,0.0,0.0,0.0,0.0,0.0,1,0,0,1,0,0,1,0,1,0,0,0,1,1,0,0,0,0,0,0,0,0,0,0,0,0,1,0,0,0,0,0,0,0,0,0,1,0,0,0,0,0
14830.0,144.0,3.0,0.0,65535.0,6656.0,2560.0,0.0,8192.0,4194304.0,8192.0,512.0,32768.0,512.0,0.0,4096.0,1048576.0,6644.0,8192.0,6656.0,512.0,13221.0,77824.0,13312.0,71680.0,41.0,0.0,0.0,0.0,0.0,0.0,1.0,1.0,0,0,1,0,0,0,1,0,1,0,0,1,1,1,0,0,0,0,0,0,0,0,0,0,0,0,1,0,0,0,0,0,0,0,0,0,1,0,0,0,0,0
111212.0,144.0,3.0,0.0,65535.0,237568.0,129536.0,0.0,4096.0,5368709120.0,4096.0,512.0,495616.0,1024.0,0.0,4096.0,1048576.0,237485.0,110592.0,237568.0,1024.0,69017.0,348160.0,69120.0,238592.0,0.0,0.0,0.0,0.0,0.0,0.0,9.0,171.0,1,0,1,1,0,0,1,0,1,0,0,0,1,1,0,0,0,0,0,0,0,0,0,0,0,0,1,0,0,0,0,0,0,0,0,0,1,0,0,0,0,0
11532.0,144.0,3.0,0.0,65535.0,25088.0,49664.0,0.0,4096.0,5368709120.0,4096.0,512.0,98304.0,1024.0,139818.0,4096.0,1048576.0,25027.0,4096.0,25088.0,1024.0,14664.0,32768.0,14848.0,26112.0,0.0,0.0,0.0,0.0,0.0,0.0,4.0,91.0,1,0,1,1,0,0,1,0,0,0,0,0,1,1,0,0,0,0,0,0,0,0,0,0,0,0,1,0,0,0,0,0,0,0,0,0,1,0,0,0,0,0
5520.0,144.0,3.0,0.0,65535.0,23040.0,180224.0,36352.0,4096.0,4194304.0,4096.0,512.0,262144.0,1024.0,214067.0,4096.0,1048576.0,22896.0,4096.0,23040.0,1024.0,2328.0,32768.0,2560.0,24576.0,27.0,0.0,0.0,0.0,0.0,3.0,5.0,59.0,0,0,1,0,0,0,1,0,0,0,0,1,1,0,0,0,0,0,0,0,0,0,0,0,0,0,1,0,0,0,0,0,0,0,0,0,1,0,0,0,0,0
15212340.0,144.0,3.0,0.0,65535.0,254464.0,111104.0,0.0,4096.0,5368709120.0,4096.0,512.0,15220736.0,1024.0,0.0,8192.0,2097152.0,134496.0,4096.0,134656.0,1024.0,63214.0,139264.0,63488.0,135680.0,0.0,0.0,0.0,0.0,0.0,0.0,9.0,12.0,1,0,0,1,0,0,1,0,1,0,0,0,0,1,0,0,0,0,0,0,0,0,0,0,0,0,1,0,0,0,0,0,0,0,0,0,1,0,0,0,0,0
48222.0,144.0,3.0,0.0,65535.0,40448.0,204800.0,0.0,8192.0,4194304.0,8192.0,512.0,262144.0,512.0,0.0,4096.0,1048576.0,40036.0,8192.0,40448.0,512.0,17016.0,73728.0,17408.0,70656.0,99.0,2.0,0.0,0.0,0.0,0.0,1.0,1.0,0,0,0,0,0,0,1,0,0,0,0,1,1,1,0,0,0,0,0,0,0,0,0,0,0,0,1,0,0,0,0,0,0,0,0,0,1,0,0,0,0,0
660782.0,144.0,3.0,0.0,65535.0,652800.0,2560.0,0.0,8192.0,4194304.0,8192.0,512.0,679936.0,512.0,0.0,4096.0,1048576.0,652708.0,8192.0,652800.0,512.0,6730.0,53248.0,7168.0,49152.0,35.0,0.0,0.0,0.0,0.0,4.0,1.0,1.0,0,0,0,0,0,0,1,0,1,0,0,1,1,1,0,0,0,0,0,0,0,0,0,0,0,0,1,0,0,0,0,0,0,0,0,0,1,0,0,0,0,0
4117742.0,0.0,17744.0,0.0,29557.0,2079744.0,295936.0,0.0,4096.0,4194304.0,4096.0,512.0,4423680.0,1024.0,0.0,4096.0,1048576.0,12048.0,4096.0,0.0,0.0,704.0,16384.0,0.0,0.0,1.0,0.0,0.0,0.0,0.0,0.0,0.0,0.0,0,0,1,0,0,0,0,0,0,0,0,0,1,1,0,0,0,0,0,0,0,0,0,0,0,0,1,0,0,0,0,0,0,0,0,0,1,0,0,0,0,0
40704.0,144.0,3.0,0.0,65535.0,57344.0,106496.0,0.0,4096.0,4194304.0,4096.0,4096.0,167936.0,4096.0,0.0,4096.0,1048576.0,56600.0,4096.0,57344.0,4096.0,4830.0,61440.0,8192.0,61440.0,15.0,0.0,0.0,0.0,0.0,2.0,2.0,60.0,0,0,1,0,0,0,1,0,1,0,0,1,1,1,0,0,0,0,0,0,0,0,0,0,0,0,1,0,0,0,0,0,0,0,0,0,1,0,0,0,0,0
5332831.0,144.0,3.0,0.0,65535.0,1080320.0,696832.0,0.0,4096.0,4194304.0,4096.0,512.0,6541312.0,1024.0,0.0,4096.0,1048576.0,1080094.0,4096.0,1080320.0,1024.0,643214.0,1085440.0,643584.0,1081344.0,0.0,0.0,0.0,0.0,0.0,0.0,12.0,12.0,0,0,1,0,0,0,1,0,0,0,0,0,1,1,0,0,0,0,0,0,0,0,0,0,0,0,1,0,0,0,0,0,0,0,0,0,1,0,0,0,0,0
13258.0,144.0,3.0,0.0,65535.0,5120.0,5120.0,0.0,8192.0,4194304.0,8192.0,512.0,32768.0,512.0,0.0,4096.0,1048576.0,5072.0,8192.0,5120.0,512.0,8468.0,40960.0,8704.0,37376.0,56.0,0.0,0.0,0.0,0.0,0.0,1.0,1.0,0,0,0,0,0,0,1,0,1,0,0,1,1,1,0,0,0,0,0,0,0,0,0,0,0,0,1,0,0,0,0,0,0,0,0,0,1,0,0,0,0,0
172014.0,144.0,3.0,0.0,65535.0,163840.0,43008.0,0.0,8192.0,4194304.0,8192.0,512.0,229376.0,1024.0,1516825269.0,4096.0,1048576.0,163828.0,8192.0,163840.0,1024.0,1708.0,16384.0,2048.0,12288.0,77.0,0.0,0.0,0.0,0.0,0.0,1.0,1.0,0,0,1,0,0,0,1,0,0,0,0,1,1,1,0,0,0,0,0,0,0,0,0,0,0,0,1,0,0,0,0,0,0,0,0,0,1,0,0,0,0,0
4101.0,144.0,3.0,0.0,65535.0,3956736.0,699904.0,0.0,4096.0,4194304.0,4096.0,512.0,4497408.0,1024.0,1418036647.0,4096.0,1048576.0,2574740.0,4096.0,0.0,1024.0,320.0,1081344.0,8704.0,2358272.0,900.0,3.0,0.0,0.0,0.0,10.0,6.0,141.0,0,0,0,0,0,0,1,0,1,0,0,1,1,1,0,0,0,0,0,0,0,0,0,0,0,0,1,0,0,0,0,0,0,0,0,0,1,0,0,0,0,0
950282.0,144.0,3.0,0.0,65535.0,41984.0,877568.0,0.0,712704.0,4194304.0,8192.0,512.0,958464.0,1024.0,0.0,4096.0,1048576.0,41008.0,712704.0,41472.0,703488.0,13224.0,77824.0,13312.0,71168.0,28.0,0.0,0.0,0.0,0.0,0.0,1.0,1.0,0,0,1,0,0,0,1,0,1,0,0,1,1,1,0,0,0,0,0,0,0,0,0,0,0,0,1,0,0,0,0,0,0,0,0,0,1,0,0,0,0,0
676696.0,144.0,3.0,0.0,65535.0,668510.0,69632.0,0.0,8192.0,4194304.0,8192.0,512.0,761856.0,512.0,803538.0,4096.0,1048576.0,668510.0,8192.0,668672.0,512.0,391260.0,667648.0,393216.0,667648.0,28.0,0.0,0.0,2.0,1.0,6.0,1.0,1.0,0,0,1,0,0,0,1,0,1,0,0,1,1,1,0,0,0,0,0,0,0,0,0,0,0,0,1,0,0,0,0,0,0,0,0,0,1,0,0,0,0,0
837070.0,144.0,3.0,0.0,65535.0,889344.0,5960704.0,0.0,4096.0,4194304.0,4096.0,512.0,6877184.0,1024.0,0.0,4096.0,1048576.0,889271.0,4096.0,889344.0,1024.0,443406.0,450560.0,443904.0,444928.0,10534.0,120.0,8.0,26.0,34.0,42.0,0.0,0.0,0,0,1,0,0,0,1,0,0,0,0,0,1,1,0,0,0,0,0,0,0,0,0,0,0,0,1,0,0,0,0,0,0,0,0,0,1,0,0,0,0,0
117962.0,144.0,3.0,0.0,65535.0,993280.0,2048.0,0.0,8192.0,4194304.0,8192.0,512.0,1024000.0,512.0,0.0,4096.0,1048576.0,993188.0,8192.0,993280.0,512.0,5154.0,12288.0,5632.0,7680.0,866.0,0.0,0.0,0.0,0.0,3.0,0.0,0.0,0,0,0,0,0,0,1,0,1,0,0,1,1,1,0,0,0,0,0,0,0,0,0,0,0,0,1,0,0,0,0,0,0,0,0,0,1,0,0,0,0,0
9020.0,144.0,3.0,0.0,65535.0,102400.0,132096.0,0.0,4096.0,5368709120.0,4096.0,512.0,438272.0,512.0,0.0,8192.0,1048576.0,508944.0,4096.0,185344.0,1024.0,40462.0,40960.0,12288.0,28160.0,857.0,0.0,0.0,0.0,0.0,7.0,19.0,19.0,1,0,1,0,0,0,0,0,0,0,0,0,1,1,0,0,0,0,0,0,0,0,0,0,0,0,1,0,0,0,0,0,0,0,0,0,1,0,0,0,0,0
1650288.0,80.0,2.0,15.0,65535.0,606208.0,28672.0,1044480.0,1048576.0,4194304.0,4096.0,512.0,1683456.0,4096.0,0.0,16384.0,1048576.0,43808.0,4096.0,44032.0,1024.0,3864.0,53248.0,4096.0,45568.0,770.0,0.0,0.0,0.0,0.0,3.0,11.0,16.0,0,0,1,0,0,0,1,0,0,0,0,1,1,0,0,0,0,0,0,0,0,0,0,0,0,0,1,0,0,0,0,0,0,0,0,0,1,0,0,0,0,0
142864.0,144.0,3.0,0.0,65535.0,140288.0,29184.0,0.0,4096.0,4194304.0,4096.0,512.0,23601152.0,1024.0,0.0,4096.0,1048576.0,181148.0,4096.0,474624.0,1024.0,978.0,577536.0,5120.0,5457408.0,0.0,3.0,2.0,0.0,0.0,10.0,2.0,241.0,0,0,0,0,0,0,1,0,0,0,0,1,1,1,0,0,0,0,1,0,0,0,0,0,0,0,1,0,0,0,0,0,0,0,0,0,1,0,0,0,0,0
40240.0,144.0,3.0,0.0,65535.0,144896.0,146944.0,0.0,4096.0,5368709120.0,4096.0,512.0,376832.0,1024.0,6945030.0,4096.0,1048576.0,144864.0,4096.0,144896.0,1024.0,70908.0,151552.0,71168.0,145920.0,0.0,0.0,0.0,0.0,0.0,0.0,2.0,98.0,1,0,0,1,0,0,1,0,1,0,0,0,1,1,0,0,0,0,0,0,0,0,0,0,0,0,1,0,0,0,0,0,0,0,0,0,1,0,0,0,0,0
5376.0,144.0,3.0,0.0,65535.0,7680.0,293888.0,3072.0,4096.0,4194304.0,4096.0,512.0,425984.0,1536.0,443717.0,4096.0,1048576.0,7584.0,4096.0,7680.0,1536.0,2032.0,16384.0,2048.0,9728.0,5.0,0.0,0.0,0.0,0.0,0.0,3.0,55.0,1,0,0,1,0,0,1,0,1,0,0,1,1,1,0,0,0,0,0,0,0,0,0,0,0,0,1,0,0,0,0,0,0,0,0,0,1,0,0,0,0,0
4096.0,144.0,3.0,0.0,65535.0,29696.0,9216.0,0.0,4096.0,4194304.0,4096.0,512.0,53248.0,1024.0,0.0,4096.0,1048576.0,22711.0,12288.0,23040.0,7680.0,1290.0,36864.0,1536.0,30720.0,31.0,0.0,0.0,0.0,0.0,0.0,8.0,130.0,0,0,0,0,0,0,1,0,0,0,0,0,1,1,0,0,0,0,0,0,0,0,0,0,0,0,1,0,0,0,0,0,0,0,0,0,1,0,0,0,0,0
17126.0,144.0,3.0,0.0,65535.0,15360.0,26624.0,0.0,4096.0,4194304.0,4096.0,512.0,49152.0,1024.0,11281010.0,4096.0,1048576.0,15344.0,4096.0,15360.0,1024.0,75546.0,172032.0,75776.0,167424.0,47.0,1.0,0.0,0.0,0.0,4.0,5.0,84.0,0,0,1,0,0,0,1,0,1,0,0,1,1,1,0,0,0,0,0,0,0,0,1,0,0,0,1,1,0,0,0,0,0,0,0,0,1,0,0,0,0,0
47774.0,144.0,3.0,0.0,65535.0,39936.0,2048.0,0.0,8192.0,4194304.0,8192.0,512.0,65536.0,512.0,0.0,4096.0,1048576.0,39588.0,8192.0,39936.0,512.0,9471.0,20480.0,9472.0,20480.0,21.0,0.0,0.0,0.0,0.0,0.0,1.0,1.0,0,0,0,0,0,0,1,0,0,0,0,1,1,1,0,0,0,0,0,0,0,0,0,0,0,0,1,0,0,0,0,0,0,0,0,1,1,1,0,0,0,0
112046.0,144.0,3.0,0.0,65535.0,103936.0,1536.0,0.0,8192.0,4194304.0,8192.0,512.0,131072.0,512.0,0.0,4096.0,1048576.0,103860.0,8192.0,103936.0,512.0,76154.0,225280.0,0.0,0.0,132.0,0.0,0.0,0.0,0.0,0.0,1.0,1.0,0,0,1,0,0,0,1,0,0,0,0,1,1,1,0,0,0,0,0,0,0,0,0,0,0,0,1,0,0,0,0,0,0,0,0,0,1,0,0,0,0,0
15820.0,144.0,3.0,0.0,65535.0,63488.0,596480.0,0.0,4096.0,5368709120.0,8192.0,512.0,16781312.0,1536.0,0.0,4096.0,1048576.0,149640.0,4096.0,53760.0,1024.0,5686.0,2396160.0,99328.0,483840.0,869.0,2.0,0.0,0.0,0.0,0.0,1.0,211.0,0,0,1,1,0,0,1,0,1,0,0,0,1,1,0,0,0,0,0,0,0,0,0,0,0,0,1,0,0,0,0,0,0,0,0,0,1,0,0,0,0,0
81230.0,144.0,3.0,0.0,65535.0,73216.0,2048.0,0.0,8192.0,4194304.0,8192.0,512.0,98304.0,512.0,0.0,4096.0,1048576.0,73044.0,8192.0,73216.0,512.0,3072.0,28672.0,3072.0,19456.0,28.0,0.0,0.0,1.0,0.0,1.0,1.0,1.0,0,0,1,0,0,0,1,0,1,0,0,1,1,1,0,0,0,0,0,0,0,0,0,0,0,0,1,0,0,0,0,0,0,0,0,0,1,0,0,0,0,0
40422.0,144.0,3.0,0.0,65535.0,49664.0,5120.0,0.0,4096.0,285212672.0,8192.0,512.0,352256.0,4096.0,0.0,4096.0,1048576.0,18279.0,4096.0,94720.0,1024.0,15314.0,8548352.0,4096.0,113664.0,662.0,3.0,0.0,0.0,0.0,10.0,3.0,20.0,0,0,0,0,0,0,1,0,1,0,0,0,1,1,0,0,0,0,0,0,0,0,0,0,0,0,1,0,0,0,0,0,0,0,0,0,1,0,0,0,0,0
122944.0,80.0,2.0,15.0,65535.0,120832.0,19968.0,0.0,4096.0,4194304.0,4096.0,512.0,167936.0,1024.0,0.0,16384.0,1048576.0,358988.0,8192.0,0.0,0.0,24.0,143360.0,512.0,126976.0,126.0,0.0,0.0,0.0,0.0,0.0,4.0,52.0,0,0,0,0,0,0,1,0,1,0,0,1,1,1,0,0,0,0,0,0,0,0,0,0,0,0,1,0,0,0,0,0,0,0,0,0,1,0,0,0,0,0
12039.0,144.0,3.0,0.0,65535.0,933888.0,29184.0,0.0,4096.0,4194304.0,8192.0,512.0,888832.0,4096.0,0.0,4096.0,1048576.0,4180.0,4096.0,94720.0,1536.0,130906.0,8548352.0,28160.0,286720.0,870.0,1.0,0.0,0.0,0.0,0.0,1.0,953.0,0,0,1,1,0,0,1,0,1,0,0,0,0,1,0,0,0,0,0,0,0,0,0,0,0,0,1,0,0,0,0,0,0,0,0,0,1,0,0,0,0,0
0.0,144.0,3.0,0.0,65535.0,278016.0,4608.0,0.0,8192.0,4194304.0,8192.0,512.0,1318912.0,1024.0,0.0,16384.0,1048576.0,277760.0,8192.0,0.0,0.0,24.0,454656.0,512.0,420864.0,0.0,0.0,0.0,0.0,0.0,0.0,0.0,0.0,1,0,1,1,0,0,1,0,1,0,0,1,1,1,0,0,0,0,0,0,0,0,0,0,0,0,1,0,0,0,0,0,0,0,0,0,1,0,0,0,0,0
12558.0,144.0,3.0,0.0,65535.0,32768.0,77824.0,0.0,4096.0,4194304.0,4096.0,4096.0,114688.0,4096.0,116728.0,4096.0,1048576.0,31861.0,4096.0,32768.0,4096.0,3964.0,36864.0,4096.0,36864.0,13.0,4.0,0.0,0.0,0.0,0.0,5.0,101.0,0,0,1,0,0,0,0,0,0,0,0,0,1,1,0,0,0,0,0,0,0,0,0,0,0,0,1,0,0,0,0,0,0,0,0,0,1,0,0,0,0,0
480880.0,120.0,1.0,0.0,0.0,871424.0,498176.0,0.0,4096.0,5368709120.0,4096.0,512.0,1449984.0,1024.0,1445491.0,4096.0,1048576.0,871094.0,4096.0,871424.0,1024.0,154836.0,876544.0,155136.0,872448.0,151.0,0.0,0.0,3.0,0.0,23.0,7.0,160.0,1,0,1,1,0,0,1,0,1,0,0,0,1,1,0,0,0,0,0,0,0,0,0,0,0,0,1,0,0,0,0,0,0,0,0,0,1,0,0,0,0,0
102126.0,144.0,3.0,0.0,65535.0,94208.0,2048.0,0.0,8192.0,4194304.0,8192.0,512.0,122880.0,512.0,0.0,4096.0,1048576.0,93956.0,8192.0,94208.0,512.0,4478318.0,8192.0,4478464.0,5120.0,161.0,0.0,0.0,0.0,0.0,0.0,1.0,1.0,0,0,1,0,0,0,1,0,0,0,0,1,1,1,0,0,0,0,0,0,0,0,0,0,0,0,1,0,0,0,0,0,0,0,0,0,1,0,0,0,0,0
755776.0,13107.0,12336.0,0.0,65535.0,253952.0,8192.0,499712.0,503808.0,4194304.0,4096.0,512.0,765952.0,4096.0,0.0,4096.0,1048576.0,35768.0,8192.0,35840.0,512.0,760.0,28672.0,1024.0,21504.0,0.0,0.0,0.0,0.0,0.0,0.0,12.0,17.0,0,0,1,0,0,0,0,0,0,0,0,0,0,1,0,0,0,0,0,0,0,0,0,0,0,0,1,0,0,0,0,0,0,0,0,0,1,0,0,0,0,0
40862.0,144.0,3.0,0.0,65535.0,32768.0,5120.0,0.0,8192.0,4194304.0,8192.0,512.0,57344.0,512.0,47722.0,4096.0,1048576.0,32676.0,8192.0,32768.0,512.0,24.0,204800.0,512.0,168960.0,215.0,0.0,0.0,0.0,0.0,0.0,1.0,1.0,0,0,0,0,0,0,1,0,0,0,0,1,1,1,0,0,0,0,0,0,0,0,0,0,0,0,1,0,0,0,0,0,0,0,0,0,1,0,0,0,0,0
188548.0,144.0,3.0,0.0,65535.0,77312.0,101376.0,0.0,4096.0,4194304.0,4096.0,512.0,192512.0,1024.0,0.0,4096.0,1048576.0,77824.0,4096.0,77312.0,1024.0,24576.0,81920.0,22016.0,78336.0,4.0,0.0,0.0,0.0,0.0,0.0,1.0,1.0,0,0,1,0,0,0,1,0,0,0,0,0,1,1,0,0,0,0,0,0,0,0,0,0,0,0,1,1,0,0,0,0,0,0,0,0,1,0,0,0,0,0
7184.0,144.0,3.0,0.0,65535.0,56320.0,1767424.0,0.0,1761280.0,4194304.0,8192.0,512.0,1859584.0,1024.0,0.0,4096.0,1048576.0,55440.0,1761280.0,55808.0,1747456.0,5996.0,28672.0,6144.0,25088.0,19.0,0.0,0.0,0.0,0.0,6.0,0.0,0.0,0,0,1,0,0,0,1,0,1,0,0,1,1,1,0,0,0,0,0,0,0,0,0,0,0,0,1,0,0,0,0,0,0,0,0,0,1,0,0,0,0,0
15165.0,80.0,3.0,0.0,65535.0,106496.0,2302464.0,0.0,1167360.0,4194304.0,4096.0,512.0,344064.0,1024.0,0.0,16384.0,1048576.0,375732.0,4096.0,1692160.0,4096.0,13268.0,512000.0,99328.0,105472.0,749.0,0.0,0.0,0.0,0.0,0.0,3.0,0.0,0,0,0,0,0,0,1,0,0,0,0,0,1,1,0,0,0,0,0,0,0,0,0,0,0,0,1,0,0,0,0,0,0,0,0,0,1,0,0,0,0,0
115652.0,80.0,2.0,15.0,65535.0,112128.0,1334217.0,0.0,4096.0,4194304.0,4096.0,512.0,1490944.0,1024.0,1500369.0,16384.0,1048576.0,108856.0,4096.0,109056.0,1024.0,24.0,159744.0,512.0,123392.0,40.0,0.0,0.0,0.0,0.0,4.0,6.0,94.0,0,0,1,0,0,0,1,0,1,0,0,1,1,1,0,0,0,0,0,0,0,0,0,0,0,0,1,0,0,0,0,0,0,0,0,0,1,0,0,0,0,0
40332.0,120.0,3.0,0.0,65535.0,84480.0,210944.0,0.0,4096.0,5368709120.0,4096.0,512.0,53248.0,1024.0,0.0,4096.0,1048576.0,251301.0,8192.0,4149248.0,1024.0,29140.0,36864.0,10752.0,37888.0,895.0,2.0,0.0,0.0,0.0,0.0,1.0,21.0,1,0,0,0,0,0,1,0,0,0,0,1,1,1,0,0,0,0,0,0,0,0,0,0,0,0,1,0,0,0,0,0,0,0,0,0,1,0,0,0,0,0
163850.0,144.0,3.0,0.0,65535.0,10752.0,6308352.0,0.0,8192.0,4194304.0,8192.0,512.0,49152.0,4096.0,0.0,8192.0,1048576.0,32760.0,4096.0,851968.0,512.0,24.0,253952.0,5632.0,37888.0,0.0,0.0,15.0,0.0,0.0,0.0,6.0,9.0,0,0,1,0,0,0,0,0,0,0,0,0,0,1,0,0,0,0,0,0,0,0,0,0,0,0,1,0,0,0,0,0,0,0,0,0,1,0,0,0,0,0
236090.0,144.0,3.0,0.0,65535.0,228352.0,16896.0,0.0,8192.0,4194304.0,8192.0,512.0,262144.0,512.0,281841.0,4096.0,1048576.0,227928.0,8192.0,228352.0,512.0,472.0,8192.0,512.0,1536.0,24.0,0.0,0.0,0.0,0.0,2.0,1.0,1.0,0,0,0,0,0,0,1,0,1,0,0,1,1,1,0,0,0,0,0,0,0,0,0,0,0,0,1,0,0,0,0,0,0,0,0,0,1,0,0,0,0,0
71024.0,144.0,3.0,0.0,65535.0,28672.0,20480.0,40960.0,45056.0,4194304.0,4096.0,512.0,94208.0,4096.0,0.0,4096.0,1048576.0,7116.0,8192.0,7168.0,512.0,359648.0,1060864.0,359936.0,1054208.0,13.0,0.0,0.0,0.0,0.0,0.0,7.0,12.0,0,0,1,0,0,0,1,0,0,0,0,0,1,1,0,0,0,0,0,0,0,0,0,0,0,0,1,0,0,0,0,0,0,0,0,0,1,0,0,0,0,0
115198.0,144.0,3.0,0.0,65535.0,107520.0,69632.0,0.0,8192.0,6815744.0,8192.0,512.0,204800.0,512.0,239265.0,4096.0,1048576.0,107012.0,8192.0,107520.0,512.0,5468.0,8192.0,5632.0,5120.0,44.0,0.0,0.0,0.0,0.0,0.0,1.0,1.0,0,0,1,0,0,0,1,0,1,0,0,0,0,0,0,0,0,0,0,0,0,0,0,0,0,0,1,0,0,0,0,0,0,0,0,0,1,0,0,0,0,0
8064.0,144.0,3.0,0.0,65535.0,109568.0,56832.0,0.0,4096.0,4194304.0,4096.0,512.0,176128.0,1024.0,0.0,4096.0,1048576.0,109115.0,4096.0,109568.0,1024.0,32882.0,114688.0,33280.0,110592.0,30.0,0.0,0.0,0.0,0.0,0.0,2.0,74.0,0,0,0,0,0,0,1,0,0,0,0,0,1,1,0,0,0,0,0,0,0,0,0,0,0,0,1,0,0,0,0,0,0,0,0,0,1,0,0,0,0,0
73738.0,144.0,3.0,0.0,65535.0,31232.0,17408.0,0.0,24576.0,4194304.0,8192.0,512.0,81920.0,1024.0,0.0,4096.0,1048576.0,30248.0,24576.0,30720.0,16384.0,4096.0,1159168.0,512.0,929792.0,62.0,0.0,0.0,0.0,0.0,0.0,1.0,1.0,0,0,1,0,0,0,1,0,1,0,0,1,1,1,0,0,0,0,0,0,0,0,0,0,0,0,1,0,0,0,0,0,0,0,0,0,1,0,0,0,0,0
512366.0,144.0,3.0,0.0,65535.0,504320.0,70144.0,0.0,8192.0,917504.0,8192.0,512.0,598016.0,512.0,0.0,4096.0,1048576.0,504180.0,8192.0,504320.0,512.0,45102.0,323584.0,45568.0,316928.0,56.0,0.0,0.0,0.0,0.0,0.0,1.0,1.0,0,0,1,0,0,0,1,0,0,0,0,0,0,1,0,0,0,0,0,0,0,0,0,0,0,0,1,0,0,0,0,0,0,0,0,0,1,0,0,0,0,0
4382840.0,144.0,3.0,0.0,65535.0,285696.0,1953792.0,0.0,8192.0,4194304.0,8192.0,512.0,1781760.0,512.0,0.0,4096.0,1048576.0,1906873.0,8192.0,2055680.0,512.0,535744.0,36864.0,512.0,37888.0,0.0,27.0,0.0,0.0,0.0,11.0,29.0,21.0,0,0,1,0,0,0,1,0,1,0,0,1,1,1,0,0,0,0,0,0,0,0,0,0,0,0,1,0,0,0,0,0,0,0,0,0,1,0,0,0,0,0
9048.0,144.0,3.0,0.0,65535.0,8192.0,10752.0,0.0,4096.0,5368709120.0,4096.0,512.0,36864.0,1024.0,0.0,4096.0,1048576.0,8142.0,4096.0,8192.0,1024.0,6354.0,12288.0,6656.0,9216.0,0.0,0.0,0.0,1.0,0.0,1.0,10.0,66.0,1,0,0,1,0,0,1,0,1,0,0,0,1,1,0,0,0,0,0,0,0,0,0,0,0,0,1,0,0,0,0,0,0,0,0,0,1,0,0,0,0,0
4096.0,144.0,3.0,0.0,65535.0,67584.0,198144.0,0.0,4096.0,4194304.0,4096.0,512.0,282624.0,1024.0,0.0,4096.0,1048576.0,53986.0,20480.0,54272.0,14336.0,13224.0,77824.0,13312.0,68608.0,72.0,0.0,0.0,0.0,0.0,3.0,9.0,133.0,0,0,0,0,0,0,1,0,1,0,0,1,1,1,0,0,0,0,0,0,0,0,0,0,0,0,1,0,0,0,0,0,0,0,0,0,1,0,0,0,0,0
68128.0,144.0,3.0,0.0,65535.0,75776.0,46080.0,0.0,4096.0,5368709120.0,4096.0,512.0,143360.0,1024.0,125551.0,8192.0,1048576.0,75516.0,4096.0,75776.0,1024.0,34746.0,81920.0,34816.0,76800.0,12.0,0.0,0.0,0.0,0.0,0.0,0.0,0.0,1,0,1,1,0,0,1,0,1,0,0,0,1,1,0,0,0,0,0,0,0,0,0,0,0,0,1,0,0,0,0,0,0,0,0,0,1,0,0,0,0,0
27914.0,144.0,3.0,0.0,65535.0,38912.0,192512.0,0.0,4096.0,4194304.0,4096.0,512.0,245760.0,1024.0,251597.0,4096.0,1048576.0,38518.0,4096.0,38912.0,1024.0,26444.0,45056.0,26624.0,39936.0,15.0,0.0,0.0,0.0,0.0,0.0,8.0,117.0,0,0,1,0,0,0,1,0,0,0,0,0,1,1,0,0,0,0,0,0,0,0,0,0,0,0,1,0,0,0,0,0,0,0,0,0,1,0,0,0,0,0
34772.0,144.0,3.0,0.0,65535.0,33792.0,9728.0,0.0,4096.0,5368709120.0,4096.0,512.0,61440.0,1024.0,82464.0,8192.0,1048576.0,33320.0,4096.0,33792.0,1024.0,34750.0,45056.0,34816.0,41984.0,0.0,0.0,0.0,0.0,0.0,0.0,5.0,125.0,1,0,0,1,0,0,1,0,1,0,0,0,1,1,0,0,0,0,0,0,0,0,0,0,0,0,1,0,0,0,0,0,0,0,0,0,1,0,0,0,0,0
4496.0,144.0,3.0,0.0,65535.0,4096.0,5632.0,0.0,4096.0,5368709120.0,4096.0,512.0,28672.0,1024.0,53229.0,32768.0,1048576.0,3984.0,4096.0,4096.0,1024.0,128.0,8192.0,512.0,1536.0,0.0,0.0,0.0,0.0,0.0,0.0,11.0,35.0,1,0,1,1,0,0,1,0,1,0,0,0,1,1,0,0,0,0,0,0,0,0,0,0,0,0,1,0,0,0,0,0,0,0,0,0,1,0,0,0,0,0
0.0,144.0,3.0,0.0,65535.0,4096.0,69632.0,0.0,8192.0,5368709120.0,8192.0,512.0,90112.0,512.0,0.0,16384.0,1048576.0,3680.0,8192.0,4096.0,512.0,33084.0,188416.0,33280.0,182272.0,0.0,0.0,0.0,0.0,0.0,0.0,0.0,0.0,1,0,1,1,0,0,1,0,0,0,0,1,1,1,0,0,0,0,0,0,0,0,0,0,0,0,1,0,0,0,0,0,0,0,0,0,1,0,0,0,0,0
91585.0,144.0,3.0,0.0,65535.0,274432.0,32768.0,483328.0,487424.0,4194304.0,4096.0,512.0,806912.0,1024.0,0.0,4096.0,4194304.0,238772.0,8192.0,239104.0,512.0,4096.0,3342336.0,234.0,2770432.0,98.0,0.0,0.0,0.0,0.0,0.0,16.0,513.0,0,0,1,0,0,0,0,0,0,0,0,0,0,1,0,0,0,0,0,0,0,0,0,0,0,0,1,0,0,0,0,0,0,0,0,0,1,0,0,0,0,0
4566784.0,144.0,3.0,0.0,65535.0,1241088.0,122880.0,3325952.0,3330048.0,4194304.0,4096.0,512.0,4694016.0,4096.0,0.0,4096.0,1048576.0,886.0,4096.0,1024.0,1024.0,48.0,8192.0,512.0,2048.0,0.0,0.0,0.0,0.0,0.0,0.0,3.0,6.0,1,0,0,1,0,0,1,0,1,0,0,0,1,1,0,0,0,0,0,0,0,0,0,0,0,0,1,0,0,0,0,0,0,0,0,0,1,0,0,0,0,0
5344.0,144.0,3.0,0.0,65535.0,6656.0,11776.0,1024.0,4096.0,4194304.0,4096.0,512.0,372736.0,1024.0,378058.0,4096.0,1048576.0,6372.0,4096.0,6656.0,1024.0,1628.0,16384.0,2048.0,8192.0,2.0,0.0,0.0,0.0,0.0,0.0,2.0,51.0,0,0,0,0,0,0,1,0,0,0,0,0,1,0,0,0,0,0,1,0,0,0,0,0,0,0,1,0,0,0,0,0,0,0,0,0,1,0,0,0,0,0
5292.0,144.0,3.0,0.0,65535.0,6144.0,2048.0,0.0,4096.0,4194304.0,4096.0,512.0,86016.0,1024.0,0.0,4096.0,2097152.0,682086.0,8192.0,10295808.0,1024.0,60720.0,20480.0,512.0,521216.0,861.0,0.0,1.0,0.0,0.0,11.0,0.0,111.0,0,0,0,1,0,0,1,0,0,0,0,1,1,1,0,0,0,0,0,0,0,0,0,0,0,0,1,0,0,0,0,0,0,0,0,0,1,0,0,0,0,0
4864.0,144.0,3.0,0.0,65535.0,26112.0,391680.0,2560.0,4096.0,4194304.0,4096.0,512.0,417792.0,1024.0,402581.0,4096.0,1048576.0,25700.0,4096.0,26112.0,1024.0,1156.0,393216.0,1536.0,384512.0,10.0,0.0,0.0,0.0,0.0,0.0,3.0,41.0,0,0,1,0,0,0,1,0,1,0,0,0,1,1,0,0,0,0,1,0,0,0,0,0,0,0,1,0,0,0,0,0,0,0,0,0,1,0,0,0,0,0
37599630.0,144.0,3.0,0.0,65535.0,24576.0,152064.0,0.0,4096.0,4194304.0,4096.0,512.0,5787648.0,1024.0,0.0,4096.0,1048576.0,24084.0,4096.0,0.0,0.0,12736.0,28672.0,0.0,0.0,4.0,0.0,0.0,0.0,0.0,0.0,20.0,20.0,0,0,0,0,0,0,1,0,0,0,0,0,1,1,0,0,0,0,0,0,0,0,0,0,0,0,1,0,0,0,0,0,0,0,0,0,1,0,0,0,0,0
11138.0,144.0,3.0,0.0,65535.0,3072.0,2048.0,0.0,8192.0,4194304.0,8192.0,512.0,352256.0,1024.0,0.0,4096.0,1048576.0,2952.0,8192.0,3072.0,1024.0,7324.0,16384.0,7680.0,11776.0,345.0,0.0,0.0,0.0,0.0,0.0,1.0,1.0,0,0,0,0,0,0,1,0,1,0,0,1,1,1,0,0,0,0,0,0,0,0,0,0,0,0,1,0,0,0,0,0,0,0,0,0,1,0,0,0,0,0
16374.0,144.0,3.0,0.0,65535.0,8192.0,2048.0,0.0,8192.0,4194304.0,8192.0,512.0,32768.0,512.0,0.0,4096.0,1048576.0,8188.0,8192.0,8192.0,512.0,19448.0,122880.0,20480.0,122880.0,182.0,0.0,0.0,0.0,0.0,4.0,1.0,1.0,0,0,0,0,0,0,1,0,0,0,0,1,1,1,0,0,0,0,0,0,0,0,0,0,0,0,1,0,0,0,0,0,0,0,0,0,1,0,0,0,0,0
445994.0,144.0,3.0,0.0,65535.0,1579520.0,318464.0,0.0,4096.0,4194304.0,4096.0,512.0,1925120.0,1024.0,1858176.0,4096.0,1048576.0,842934.0,4096.0,843264.0,1024.0,153270.0,1589248.0,153600.0,1580544.0,127.0,0.0,0.0,0.0,0.0,0.0,17.0,252.0,0,0,0,0,0,0,1,0,0,0,0,0,1,1,0,0,0,0,0,0,0,0,0,0,0,0,1,0,0,0,0,0,0,0,0,0,1,0,0,0,0,0
40240.0,144.0,3.0,0.0,65535.0,144896.0,192000.0,0.0,4096.0,5368709120.0,4096.0,512.0,421888.0,1024.0,7017712.0,4096.0,1048576.0,144864.0,4096.0,144896.0,1024.0,70908.0,151552.0,71168.0,145920.0,0.0,0.0,0.0,0.0,0.0,0.0,2.0,98.0,1,0,0,1,0,0,1,0,1,0,0,0,1,1,0,0,0,0,0,0,0,0,0,0,0,0,1,0,0,0,0,0,0,0,0,0,1,0,0,0,0,0
52527.0,144.0,3.0,0.0,65535.0,104448.0,2260480.0,0.0,4096.0,4194304.0,4096.0,512.0,2383872.0,1024.0,146427.0,4096.0,1048576.0,104216.0,4096.0,104448.0,1024.0,28084.0,110592.0,28160.0,105472.0,39.0,0.0,0.0,0.0,0.0,5.0,3.0,94.0,0,0,1,0,0,0,0,0,0,0,0,0,0,1,0,0,0,0,0,0,0,0,0,0,0,0,1,0,0,0,0,0,0,0,0,0,1,0,0,0,0,0
3125248.0,144.0,3.0,0.0,65535.0,6144.0,47104.0,0.0,4096.0,4194304.0,4096.0,512.0,104208.0,1024.0,0.0,4096.0,1048576.0,17001.0,4096.0,17408.0,1024.0,8476.0,24576.0,8704.0,18432.0,298.0,0.0,0.0,0.0,0.0,2.0,0.0,0.0,0,0,1,0,0,0,1,0,0,0,0,0,1,1,0,0,0,0,0,0,0,0,0,0,0,0,1,0,0,0,0,0,0,0,0,0,1,0,0,0,0,0
107871.0,80.0,3.0,0.0,65535.0,118784.0,225280.0,0.0,4096.0,4194304.0,4096.0,512.0,4169728.0,4096.0,0.0,4096.0,1048576.0,69840.0,4096.0,19216896.0,1024.0,170890.0,19259392.0,0.0,41984.0,895.0,2.0,0.0,0.0,0.0,10.0,0.0,21.0,0,0,1,0,0,0,1,0,0,0,0,0,0,1,0,0,0,0,0,0,0,0,0,0,0,0,1,0,0,0,0,0,0,0,0,0,1,0,0,0,0,0
143360.0,144.0,3.0,0.0,65535.0,301056.0,184320.0,0.0,4096.0,4194304.0,4096.0,512.0,5713920.0,1024.0,3683574.0,4096.0,1048576.0,1620.0,4096.0,2048.0,512.0,35196.0,114688.0,35328.0,108032.0,0.0,0.0,0.0,0.0,0.0,0.0,0.0,0.0,0,0,1,0,0,0,0,0,0,0,0,0,1,1,0,0,0,0,0,0,0,0,0,0,0,0,1,0,0,0,0,0,0,0,0,0,1,0,0,0,0,0
163850.0,144.0,3.0,0.0,65535.0,25600.0,375296.0,0.0,4096.0,4194304.0,4096.0,512.0,65536.0,1024.0,0.0,4096.0,1048576.0,251257.0,4096.0,557056.0,512.0,6488.0,8548352.0,207872.0,521216.0,895.0,0.0,0.0,0.0,0.0,96.0,0.0,0.0,0,0,1,0,0,0,1,0,1,0,0,1,1,1,0,0,0,0,0,0,0,0,0,0,0,0,1,0,0,0,0,0,0,0,0,0,1,0,0,0,0,0
132990.0,144.0,3.0,0.0,65535.0,124928.0,70144.0,0.0,8192.0,4194304.0,8192.0,512.0,221184.0,512.0,0.0,4096.0,1048576.0,124804.0,8192.0,124928.0,512.0,4096.0,12288.0,4096.0,8192.0,190.0,0.0,0.0,0.0,0.0,0.0,1.0,1.0,0,0,1,0,0,0,1,0,0,0,0,0,1,1,0,0,0,0,0,0,0,0,0,0,0,0,1,0,0,0,0,0,0,0,0,0,1,0,0,0,1,0
47758.0,144.0,3.0,0.0,65535.0,39936.0,2048.0,0.0,8192.0,4194304.0,8192.0,512.0,65536.0,512.0,0.0,4096.0,1048576.0,39572.0,8192.0,39936.0,512.0,24.0,454656.0,512.0,420864.0,21.0,0.0,0.0,0.0,0.0,0.0,1.0,1.0,0,0,0,0,0,0,1,0,0,0,0,1,1,1,0,0,0,0,0,0,0,0,0,0,0,0,1,0,0,0,0,0,0,0,0,0,1,0,0,0,0,0
8495808.0,144.0,3.0,0.0,65535.0,3584.0,2732032.0,0.0,4096.0,4194304.0,4096.0,512.0,11726848.0,1024.0,5940048.0,4096.0,1048576.0,5984.0,45056.0,6144.0,31232.0,2070894.0,4009984.0,0.0,0.0,0.0,0.0,0.0,0.0,0.0,0.0,2.0,2.0,1,0,1,1,0,0,0,0,0,0,0,1,1,1,0,0,0,0,0,0,0,0,0,0,0,0,1,1,0,0,0,0,0,0,0,0,1,0,0,0,0,0
24045.0,144.0,3.0,0.0,65535.0,23552.0,16384.0,0.0,4096.0,4194304.0,4096.0,512.0,53248.0,1024.0,0.0,4096.0,1048576.0,23249.0,4096.0,23552.0,1024.0,11348.0,28672.0,11776.0,24576.0,2.0,0.0,0.0,0.0,0.0,4.0,13.0,136.0,0,0,1,0,0,0,1,0,0,0,0,0,1,1,0,0,0,0,0,0,0,0,0,0,0,0,1,0,0,0,0,0,0,0,0,0,1,0,0,0,0,0
949934.0,144.0,3.0,0.0,65535.0,942080.0,121856.0,0.0,8192.0,4194304.0,8192.0,512.0,1081344.0,512.0,0.0,4096.0,1048576.0,941748.0,8192.0,942080.0,512.0,244102.0,3133440.0,0.0,0.0,9146.0,31.0,0.0,6.0,0.0,14.0,1.0,1.0,0,0,1,0,0,0,1,0,1,0,0,1,1,1,0,0,0,0,0,0,0,0,0,0,0,0,1,0,0,0,0,0,0,0,0,0,1,0,0,0,0,0
13171.0,144.0,3.0,0.0,65535.0,26112.0,186368.0,2048.0,4096.0,4194304.0,4096.0,512.0,413696.0,1024.0,0.0,4096.0,1048576.0,26095.0,4096.0,26112.0,1024.0,5274.0,32768.0,5632.0,27136.0,678.0,0.0,0.0,0.0,0.0,0.0,7.0,165.0,0,0,1,0,0,0,1,0,0,0,0,1,1,1,0,0,0,0,0,0,0,0,0,0,0,0,1,0,0,0,0,0,0,0,0,0,1,0,0,0,0,0
247143.0,144.0,3.0,0.0,10120.0,1073152.0,46080.0,0.0,4096.0,4194304.0,4096.0,512.0,3014656.0,1024.0,0.0,4096.0,1048576.0,451436.0,8192.0,4594688.0,1024.0,5686.0,552960.0,28672.0,15360.0,719.0,0.0,0.0,0.0,0.0,0.0,1.0,0.0,0,0,0,0,0,0,1,0,0,0,0,0,1,1,0,0,0,0,0,0,0,0,0,0,0,0,1,0,0,0,0,0,0,0,0,0,1,0,0,0,0,0
2123358.0,120.0,3.0,0.0,65535.0,495616.0,146432.0,0.0,4096.0,4194304.0,8192.0,512.0,18149376.0,1024.0,966047.0,4096.0,1048576.0,310368.0,4096.0,721408.0,1024.0,6488.0,2031616.0,51712.0,8782336.0,832.0,2.0,0.0,0.0,0.0,10.0,1.0,11.0,0,1,0,0,0,0,1,0,0,0,0,0,1,1,0,0,0,0,0,0,0,0,0,0,0,0,1,0,0,0,0,0,0,0,0,0,1,0,0,0,0,0
47790.0,144.0,3.0,0.0,65535.0,39936.0,2048.0,0.0,8192.0,4194304.0,8192.0,512.0,65536.0,512.0,0.0,4096.0,1048576.0,39604.0,8192.0,39936.0,512.0,13666.0,114688.0,16384.0,114688.0,21.0,0.0,0.0,0.0,0.0,0.0,1.0,1.0,0,0,0,0,0,0,1,0,0,0,0,1,1,1,0,0,0,0,0,0,0,0,0,0,0,0,1,0,0,0,0,0,0,0,0,0,1,0,0,0,0,0
550018.0,144.0,3.0,0.0,65535.0,233472.0,135168.0,0.0,8192.0,285212672.0,8192.0,4096.0,385024.0,4096.0,429758.0,4096.0,1048576.0,233348.0,8192.0,233472.0,4096.0,13360.0,126976.0,13824.0,56832.0,30.0,0.0,0.0,0.0,0.0,5.0,0.0,0.0,0,0,1,0,0,0,1,0,1,0,0,1,1,1,0,0,0,0,0,0,0,0,0,0,0,0,1,0,0,0,0,0,0,0,0,0,1,0,0,0,0,0
6176.0,144.0,3.0,0.0,65535.0,3584.0,5120.0,0.0,4096.0,4194304.0,4096.0,512.0,24576.0,1024.0,0.0,4096.0,1048576.0,3316.0,4096.0,3584.0,1024.0,2980.0,8192.0,3072.0,4608.0,2.0,0.0,0.0,0.0,0.0,0.0,7.0,43.0,0,0,0,0,0,0,1,0,0,0,0,0,1,1,0,0,0,0,0,0,0,0,0,0,0,0,1,0,0,0,0,0,0,0,0,0,1,0,0,0,0,0
412096.0,144.0,3.0,0.0,65535.0,4096.0,8192.0,0.0,4096.0,4194304.0,4096.0,512.0,13084.0,432.0,61988.0,4096.0,1048576.0,3552.0,4096.0,3584.0,512.0,1116504.0,1110016.0,1116672.0,1106432.0,272.0,0.0,0.0,0.0,0.0,1.0,4.0,25.0,1,0,1,1,0,0,1,0,0,0,0,0,1,0,0,0,0,0,0,0,0,0,0,0,0,0,1,0,0,0,0,0,0,0,0,0,1,0,0,0,0,0
5072.0,144.0,3.0,0.0,65535.0,59392.0,1014784.0,0.0,4096.0,5368709120.0,4096.0,512.0,1093632.0,1024.0,0.0,4096.0,1048576.0,58976.0,4096.0,59392.0,1024.0,37316.0,65536.0,37376.0,60416.0,0.0,0.0,0.0,0.0,0.0,0.0,1.0,77.0,1,0,1,1,0,0,1,0,1,0,0,0,1,1,0,0,0,0,0,0,0,0,0,0,0,0,1,0,0,0,0,0,0,0,0,0,1,0,0,0,0,0
0.0,144.0,3.0,0.0,65535.0,2592256.0,1536.0,0.0,8192.0,5368709120.0,8192.0,512.0,2613248.0,512.0,0.0,16384.0,1048576.0,2591960.0,8192.0,2592256.0,512.0,760.0,28672.0,1024.0,21504.0,0.0,0.0,0.0,0.0,0.0,0.0,0.0,0.0,1,0,1,1,0,0,1,0,0,0,0,1,1,1,0,0,0,0,0,0,0,0,0,0,0,0,1,0,0,0,0,0,0,0,0,0,1,0,0,0,0,0
412576.0,144.0,3.0,0.0,65535.0,2311168.0,445952.0,0.0,4096.0,4194304.0,4096.0,512.0,5591040.0,1536.0,0.0,4096.0,1048576.0,2310984.0,4096.0,2311168.0,1536.0,2264272.0,2318336.0,2264576.0,2312704.0,1121.0,726.0,0.0,4.0,6.0,6.0,1.0,40.0,1,0,1,1,0,0,1,0,1,0,0,0,1,1,0,0,0,0,0,0,0,0,0,0,0,0,1,0,0,0,0,0,0,0,0,0,1,0,0,0,0,0
21529.0,64.0,3.0,0.0,65535.0,24576.0,18432.0,0.0,4096.0,4194304.0,4096.0,512.0,155648.0,1024.0,0.0,4096.0,1048576.0,16363.0,4096.0,728064.0,1024.0,608.0,53248.0,512.0,152576.0,179.0,0.0,0.0,0.0,0.0,11.0,2.0,119.0,0,0,1,0,0,0,1,0,0,0,0,1,1,1,0,0,0,0,0,0,0,0,0,0,0,0,1,0,0,0,0,0,0,0,0,0,1,0,0,0,0,0
8977424.0,144.0,3.0,0.0,65535.0,576000.0,2048.0,0.0,8192.0,4194304.0,8192.0,512.0,8994816.0,8192.0,0.0,8192.0,2097152.0,899314.0,4096.0,899584.0,1536.0,969976.0,905216.0,970240.0,901120.0,702.0,0.0,0.0,0.0,0.0,0.0,8.0,11.0,0,0,1,0,0,0,1,0,1,0,0,0,0,1,0,0,0,0,0,0,0,0,0,0,0,0,1,0,0,0,0,0,0,0,0,0,1,0,0,0,0,0
585568.0,144.0,3.0,0.0,65535.0,716800.0,146432.0,0.0,4096.0,4194304.0,4096.0,512.0,876544.0,1024.0,808594.0,4096.0,1048576.0,716554.0,4096.0,716800.0,1024.0,27096.0,45056.0,27136.0,37376.0,0.0,0.0,0.0,0.0,0.0,0.0,0.0,0.0,0,0,1,0,0,0,0,0,0,0,0,0,0,1,0,0,0,0,0,0,0,0,0,0,0,0,1,0,0,0,0,0,0,0,0,0,1,0,0,0,0,0
13594.0,144.0,3.0,0.0,65535.0,84480.0,3584.0,0.0,8192.0,4194304.0,4096.0,512.0,221184.0,1024.0,0.0,4096.0,1048576.0,2396.0,4096.0,517120.0,1024.0,1496.0,483328.0,4096.0,41984.0,888.0,0.0,0.0,0.0,0.0,11.0,1.0,0.0,0,0,0,0,0,0,1,0,0,0,0,0,1,1,0,0,0,0,0,0,0,0,0,0,0,0,1,0,0,0,0,0,0,0,0,0,1,0,0,0,1,0
1154946.0,144.0,3.0,0.0,65535.0,1146880.0,315904.0,0.0,8192.0,4194304.0,8192.0,512.0,1482752.0,512.0,0.0,4096.0,1048576.0,1146760.0,8192.0,1146880.0,512.0,9020.0,24576.0,9216.0,20992.0,129.0,0.0,0.0,0.0,0.0,0.0,1.0,1.0,0,0,1,0,0,0,1,0,0,0,0,1,1,1,0,0,0,0,0,0,0,0,0,0,0,0,1,0,0,0,0,0,0,0,0,0,1,0,0,0,0,0
2982192.0,80.0,2.0,15.0,65535.0,3034624.0,744960.0,0.0,4096.0,4194304.0,4096.0,512.0,3854336.0,1024.0,3819680.0,16384.0,1048576.0,3034332.0,4096.0,3034624.0,1024.0,109.0,3395584.0,512.0,3330048.0,0.0,0.0,0.0,0.0,0.0,0.0,13.0,587.0,1,0,1,1,0,0,1,0,1,0,0,0,1,1,0,0,0,0,0,0,0,0,0,0,0,0,1,0,0,0,0,0,0,0,0,0,1,0,0,0,0,0
933854.0,144.0,3.0,0.0,65535.0,925696.0,3584.0,0.0,8192.0,4194304.0,8192.0,512.0,950272.0,512.0,0.0,4096.0,1048576.0,925668.0,8192.0,925696.0,512.0,35694.0,8192.0,35840.0,5120.0,37.0,0.0,0.0,0.0,0.0,0.0,1.0,1.0,0,0,1,0,0,0,1,0,1,0,0,1,1,1,0,0,0,0,0,0,0,0,0,0,0,0,1,0,0,0,0,0,0,0,0,0,1,0,0,0,0,0
4636.0,144.0,3.0,0.0,65535.0,8192.0,8192.0,0.0,4096.0,4194304.0,4096.0,4096.0,20480.0,4096.0,72702.0,4096.0,1048576.0,7712.0,4096.0,8192.0,4096.0,46964.0,90112.0,47104.0,84480.0,19.0,0.0,0.0,0.0,0.0,0.0,1.0,47.0,0,0,1,0,0,0,1,0,0,0,0,0,1,1,0,0,0,0,0,0,0,0,0,0,0,0,1,0,0,0,0,0,0,0,0,0,1,0,0,0,0,0
115541.0,144.0,3.0,0.0,65535.0,211968.0,99840.0,0.0,4096.0,4194304.0,4096.0,512.0,323584.0,1024.0,362275.0,4096.0,1048576.0,211568.0,4096.0,211968.0,1024.0,61360.0,217088.0,61440.0,212992.0,0.0,0.0,0.0,0.0,0.0,0.0,0.0,0.0,0,0,1,0,0,0,1,0,0,0,0,0,1,1,0,0,0,0,0,0,0,0,0,0,0,0,1,0,0,0,0,0,0,0,0,0,1,0,0,0,0,0
10652.0,144.0,3.0,0.0,65535.0,107008.0,216064.0,0.0,4096.0,4194304.0,4096.0,512.0,339968.0,1024.0,0.0,4096.0,1048576.0,106595.0,4096.0,107008.0,1024.0,35196.0,114688.0,35328.0,108032.0,0.0,0.0,0.0,0.0,0.0,0.0,0.0,0.0,0,0,1,0,0,0,1,0,0,0,0,0,0,1,0,0,0,0,0,0,0,0,0,0,0,0,1,0,0,0,0,0,0,0,0,0,1,0,0,0,0,0
219810.0,144.0,3.0,0.0,65535.0,211968.0,70144.0,0.0,8192.0,4194304.0,8192.0,512.0,303104.0,512.0,0.0,4096.0,1048576.0,211624.0,8192.0,211968.0,512.0,956640.0,1007616.0,956928.0,1001472.0,31.0,0.0,0.0,0.0,0.0,0.0,1.0,1.0,0,0,1,0,0,0,1,0,1,0,0,1,1,1,0,0,0,0,0,0,0,0,0,0,0,0,1,0,0,0,0,0,0,0,0,0,1,0,0,0,0,0
217768.0,80.0,25218.0,39657.0,49222.0,211456.0,1767424.0,0.0,4096.0,4194304.0,4096.0,512.0,1392640.0,1536.0,156460.0,4096.0,1048576.0,63864.0,8192.0,271872.0,1024.0,130966.0,552960.0,3584.0,105472.0,865.0,0.0,0.0,0.0,0.0,7.0,8.0,9.0,0,0,0,0,0,0,1,0,0,0,0,0,1,1,0,0,0,0,0,0,0,0,0,0,0,0,1,0,0,0,0,0,0,0,0,0,1,0,0,0,0,0
2543654.0,24934.0,3.0,0.0,65535.0,154112.0,1953792.0,0.0,4096.0,4194304.0,4096.0,512.0,1855488.0,1024.0,0.0,4096.0,1048576.0,337258.0,4096.0,829440.0,1024.0,1639346.0,36864.0,207872.0,37888.0,0.0,2.0,2.0,0.0,0.0,9.0,2.0,11.0,0,0,1,0,0,0,0,0,0,0,0,0,0,1,0,0,0,0,0,0,0,0,0,0,0,0,1,0,0,0,0,0,0,0,0,0,1,0,0,0,0,0
19396.0,144.0,3.0,0.0,65535.0,90624.0,868352.0,0.0,4096.0,5368709120.0,4096.0,512.0,983040.0,1024.0,1013019.0,4096.0,1048576.0,90250.0,4096.0,90624.0,1024.0,517262.0,98304.0,517632.0,91648.0,362.0,0.0,0.0,0.0,0.0,1.0,1.0,82.0,1,0,1,1,0,0,1,0,1,0,0,0,1,1,0,0,0,0,0,0,0,0,0,0,0,0,1,0,0,0,0,0,0,0,0,0,1,0,0,0,0,0
186436.0,144.0,3.0,0.0,65535.0,673280.0,1892864.0,0.0,4096.0,5368709120.0,4096.0,512.0,2600960.0,1024.0,2575998.0,4096.0,4194304.0,672965.0,4096.0,673280.0,1024.0,183440.0,679936.0,183808.0,674304.0,0.0,0.0,0.0,0.0,0.0,0.0,18.0,521.0,1,0,1,1,0,0,1,0,1,0,0,0,1,1,0,0,0,0,0,0,0,0,0,0,0,0,1,0,0,0,0,0,0,0,0,0,1,0,0,0,0,0
41063.0,144.0,2.0,0.0,65535.0,1444352.0,12861440.0,0.0,4096.0,4194304.0,4096.0,512.0,324096.0,1024.0,0.0,4096.0,1048576.0,28744.0,4096.0,1868800.0,1024.0,43198.0,106496.0,64000.0,875008.0,779.0,2.0,0.0,0.0,0.0,8.0,0.0,88.0,1,0,0,1,0,0,1,0,0,0,0,1,1,1,0,0,0,0,0,0,0,0,0,0,0,0,1,0,0,0,0,0,0,0,0,0,1,0,0,0,0,0
102756.0,144.0,3.0,0.0,65535.0,203264.0,96768.0,0.0,4096.0,4194304.0,4096.0,512.0,323584.0,1024.0,351352.0,4096.0,1048576.0,203043.0,4096.0,203264.0,1024.0,72434.0,208896.0,72704.0,204288.0,4.0,0.0,0.0,0.0,0.0,4.0,5.0,116.0,0,0,0,0,0,0,1,0,0,0,0,0,1,1,0,0,0,0,0,0,0,0,0,0,0,0,1,0,0,0,0,0,0,0,0,0,1,0,0,0,0,0
34388.0,144.0,3.0,0.0,65535.0,135168.0,179712.0,0.0,4096.0,5368709120.0,4096.0,512.0,331776.0,1024.0,0.0,4096.0,1048576.0,135152.0,4096.0,135168.0,1024.0,63186.0,139264.0,63488.0,136192.0,0.0,0.0,0.0,1.0,0.0,1.0,3.0,96.0,1,0,0,1,0,0,1,0,1,0,0,0,1,1,0,0,0,0,0,0,0,0,0,0,0,0,1,0,0,0,0,0,0,0,0,0,1,0,0,0,0,0
124774.0,144.0,3.0,0.0,65535.0,116736.0,3072.0,0.0,8192.0,4194304.0,8192.0,512.0,147456.0,512.0,193152.0,4096.0,1048576.0,116636.0,8192.0,116736.0,512.0,5016.0,32768.0,5120.0,27136.0,1111.0,0.0,0.0,0.0,0.0,0.0,1.0,1.0,0,0,0,0,0,0,1,0,1,0,0,1,1,1,0,0,0,0,0,0,0,0,0,0,0,0,1,0,0,0,0,0,0,0,0,0,1,0,0,0,0,0
13594.0,144.0,2.0,0.0,65535.0,1483264.0,375296.0,0.0,4096.0,4194304.0,4096.0,512.0,10252288.0,512.0,0.0,4096.0,1048576.0,4285888.0,4096.0,8192.0,1024.0,658408.0,28672.0,512.0,76800.0,860.0,0.0,1.0,0.0,0.0,11.0,0.0,0.0,0,0,0,0,0,0,1,0,0,0,0,1,1,1,0,0,0,0,0,0,0,0,0,0,0,0,1,1,0,0,0,0,0,0,0,0,1,0,0,0,0,0
7040.0,144.0,3.0,0.0,65535.0,24576.0,12288.0,0.0,4096.0,4194304.0,4096.0,4096.0,40960.0,4096.0,48852.0,4096.0,1048576.0,22900.0,4096.0,24576.0,4096.0,102684.0,503808.0,106496.0,503808.0,126.0,0.0,0.0,0.0,0.0,5.0,0.0,0.0,0,0,1,0,0,0,1,0,0,0,0,0,1,1,0,0,0,0,0,0,0,0,0,0,0,0,1,0,0,0,0,0,0,0,0,0,1,0,0,0,0,0
107871.0,144.0,3.0,0.0,65535.0,57344.0,1953792.0,0.0,4096.0,4194304.0,4096.0,512.0,352256.0,1024.0,0.0,4096.0,1048576.0,51549.0,4096.0,25088.0,4096.0,241246.0,53248.0,2560000.0,830464.0,0.0,0.0,2.0,0.0,0.0,12.0,0.0,120.0,0,0,0,0,0,0,1,0,0,0,0,1,1,1,0,0,0,0,1,0,0,0,0,0,0,0,1,0,0,0,0,0,0,0,0,0,1,0,0,0,0,0
47790.0,144.0,3.0,0.0,65535.0,39936.0,2048.0,0.0,8192.0,4194304.0,8192.0,512.0,65536.0,512.0,0.0,4096.0,1048576.0,39604.0,8192.0,39936.0,512.0,132766.0,241664.0,135168.0,241664.0,0.0,0.0,0.0,2.0,1.0,4.0,1.0,1.0,0,0,0,0,0,0,1,0,0,0,0,1,1,1,0,0,0,0,0,0,0,0,0,0,0,0,1,0,0,0,0,0,0,0,0,0,1,0,0,0,0,0
389184.0,144.0,3.0,0.0,65535.0,3692032.0,3528192.0,0.0,4096.0,4194304.0,4096.0,512.0,17424384.0,1024.0,7259676.0,16384.0,1048576.0,2072252.0,4096.0,2072576.0,1024.0,1711516.0,2076672.0,1711616.0,2073600.0,184.0,0.0,0.0,0.0,0.0,0.0,16.0,19.0,0,0,1,0,0,0,1,0,0,0,0,0,1,1,0,0,0,0,0,0,0,0,0,0,0,0,1,0,0,0,0,0,0,0,0,0,1,0,0,0,0,0
6911.0,144.0,3.0,0.0,65535.0,2701312.0,331264.0,0.0,4096.0,5368709120.0,4096.0,512.0,7729152.0,1024.0,92886.0,4096.0,1048576.0,2637071.0,4096.0,893952.0,1024.0,6406.0,532480.0,8192.0,98816.0,234.0,2.0,0.0,0.0,0.0,11.0,0.0,84.0,0,0,0,1,0,0,1,0,0,0,0,1,1,1,0,0,0,0,0,0,0,0,0,0,0,0,1,0,0,0,0,0,0,0,0,0,1,0,0,0,0,0
1124942.0,144.0,3.0,0.0,65535.0,1117184.0,113152.0,0.0,8192.0,4194304.0,8192.0,512.0,1253376.0,512.0,0.0,4096.0,1048576.0,1116756.0,8192.0,1117184.0,512.0,844.0,8192.0,1024.0,3072.0,112.0,0.0,0.0,0.0,0.0,0.0,1.0,1.0,0,0,1,0,0,0,1,0,1,0,0,1,1,1,0,0,0,0,0,0,0,0,0,0,0,0,1,0,0,0,0,0,0,0,0,0,1,0,0,0,0,0
1912094.0,144.0,3.0,0.0,65535.0,285696.0,313856.0,0.0,4096.0,5368709120.0,4096.0,512.0,1499136.0,1024.0,0.0,4096.0,2097152.0,1060278.0,4096.0,199168.0,1024.0,5370.0,143360.0,99328.0,59392.0,0.0,0.0,2.0,0.0,0.0,7.0,0.0,64.0,1,0,1,1,0,0,1,0,1,0,0,0,1,1,0,0,0,0,0,0,0,0,0,0,0,0,1,0,0,0,0,0,0,0,0,0,1,0,0,0,0,0
252176.0,144.0,3.0,0.0,65535.0,208896.0,4096.0,40960.0,45056.0,4194304.0,4096.0,512.0,258048.0,4096.0,0.0,4096.0,1048576.0,808372.0,8192.0,808448.0,512.0,412.0,8192.0,512.0,2560.0,15.0,0.0,0.0,0.0,0.0,0.0,5.0,10.0,0,0,1,0,0,0,1,0,1,0,0,1,1,1,0,0,0,0,0,0,0,0,0,0,0,0,1,0,0,0,0,0,0,0,0,0,1,0,0,0,0,0
21529.0,144.0,3.0,0.0,65535.0,696320.0,2048.0,0.0,4096.0,4194304.0,4096.0,512.0,40960.0,1024.0,0.0,4096.0,1048576.0,17412.0,4096.0,188928.0,0.0,24568.0,135168.0,207872.0,10296832.0,827.0,0.0,0.0,0.0,0.0,4.0,8.0,0.0,0,0,1,0,0,0,1,0,0,0,0,0,1,1,0,0,0,0,0,0,0,0,0,0,0,0,1,0,0,0,0,0,0,0,0,0,1,0,0,0,0,0
14467.0,144.0,3.0,0.0,65535.0,28160.0,445952.0,16896.0,4096.0,4194304.0,4096.0,512.0,1646592.0,1024.0,0.0,4096.0,1048576.0,28078.0,4096.0,28160.0,1024.0,10850.0,32768.0,11264.0,29184.0,2218.0,18.0,0.0,0.0,0.0,0.0,8.0,172.0,0,0,1,0,0,0,1,0,0,0,0,1,1,1,0,0,0,0,0,0,0,0,0,0,0,0,1,0,0,0,0,0,0,0,0,0,1,0,0,0,0,0
13594.0,144.0,2.0,0.0,65535.0,30720.0,2048.0,0.0,4096.0,4194304.0,8192.0,512.0,81920.0,1024.0,0.0,4096.0,1048576.0,1906873.0,8192.0,1536.0,1024.0,45102.0,53248.0,207872.0,1029120.0,871.0,1.0,0.0,0.0,0.0,12.0,5.0,8.0,0,0,1,0,0,0,1,0,0,0,0,1,1,1,0,0,0,0,0,0,0,0,0,0,0,0,1,0,0,0,0,0,0,0,0,0,1,0,0,0,0,0
5726472.0,144.0,3.0,0.0,65535.0,933376.0,128512.0,0.0,8192.0,4194304.0,8192.0,512.0,8568832.0,1024.0,3672456.0,4096.0,1048576.0,12531252.0,8192.0,12531712.0,512.0,525576.0,1990656.0,525824.0,1986048.0,4.0,0.0,0.0,0.0,0.0,5.0,2.0,2.0,0,0,1,0,0,0,1,0,0,0,0,0,0,1,0,0,0,0,0,0,0,0,0,0,0,0,1,0,0,0,0,0,0,0,0,0,1,0,0,0,0,0
8182768.0,144.0,3.0,0.0,65535.0,8192.0,4096.0,28672.0,32768.0,4194304.0,4096.0,512.0,45056.0,4096.0,0.0,4096.0,1048576.0,7347316.0,4096.0,7347712.0,1024.0,24.0,8003584.0,512.0,7865344.0,77.0,0.0,0.0,0.0,0.0,3.0,0.0,0.0,0,0,1,0,0,0,0,0,0,0,0,0,0,1,0,0,0,0,0,0,0,0,0,0,0,0,1,0,0,0,0,0,0,0,0,0,1,0,0,0,0,0
13594.0,144.0,3.0,0.0,65535.0,28672.0,3584.0,0.0,4096.0,4194304.0,8192.0,512.0,2322432.0,4096.0,0.0,4096.0,1048576.0,1906873.0,8192.0,4608.0,4096.0,535744.0,1376256.0,4096.0,521216.0,858.0,2.0,0.0,0.0,0.0,12.0,0.0,0.0,0,0,0,0,0,0,1,0,0,0,0,0,1,1,0,0,0,0,0,0,0,0,0,0,0,0,1,0,0,0,0,0,0,0,0,0,1,0,0,0,0,0
41704.0,144.0,3.0,0.0,65535.0,52224.0,4096.0,0.0,4096.0,4194304.0,4096.0,512.0,61440.0,512.0,77379.0,4096.0,1048576.0,52063.0,4096.0,52224.0,512.0,96124.0,233472.0,98304.0,233472.0,138.0,0.0,0.0,0.0,0.0,60.0,0.0,0.0,0,0,1,0,0,0,0,0,0,0,0,0,1,1,0,0,0,0,0,0,0,0,0,0,0,0,1,0,0,0,0,0,0,0,0,0,1,0,0,0,0,0
4096.0,108.0,1.0,0.0,65535.0,8506880.0,0.0,0.0,4096.0,4194304.0,4096.0,512.0,8511488.0,512.0,8554866.0,65536.0,1048576.0,10499210.0,4096.0,10499584.0,1024.0,2370428.0,10514432.0,2370560.0,10505216.0,1.0,0.0,0.0,0.0,0.0,0.0,0.0,0.0,0,0,1,0,0,0,1,0,0,0,0,0,1,1,0,0,0,0,0,0,0,0,0,0,0,0,1,0,0,0,0,0,0,0,0,0,1,0,0,0,0,0
373504.0,144.0,3.0,0.0,65535.0,897536.0,1906176.0,0.0,8192.0,4194304.0,8192.0,512.0,2826240.0,512.0,2834866.0,4096.0,1048576.0,897064.0,8192.0,897536.0,512.0,2316.0,8192.0,2560.0,5120.0,1742.0,18.0,0.0,56.0,0.0,30.0,0.0,0.0,0,0,1,0,0,0,1,0,1,0,0,1,1,1,0,0,0,0,0,0,0,0,0,0,0,0,1,0,0,0,0,0,0,0,0,0,1,0,0,0,0,0
423744.0,120.0,1.0,0.0,0.0,800768.0,211456.0,0.0,4096.0,5368709120.0,4096.0,512.0,1073152.0,1024.0,1079420.0,4096.0,1048576.0,800486.0,4096.0,800768.0,1024.0,157660.0,806912.0,157696.0,801792.0,17.0,0.0,0.0,0.0,0.0,0.0,0.0,0.0,1,0,1,1,0,0,1,0,1,0,0,0,1,1,0,0,0,0,0,0,0,0,0,0,0,0,1,0,0,0,0,0,0,0,0,0,1,0,0,0,0,0
592131.0,144.0,3.0,0.0,65535.0,644608.0,165376.0,0.0,4096.0,4194304.0,4096.0,512.0,856064.0,1024.0,0.0,4096.0,1048576.0,644097.0,4096.0,644608.0,1024.0,143492.0,651264.0,143872.0,645632.0,15.0,0.0,0.0,1.0,0.0,1.0,13.0,432.0,0,0,1,0,0,0,1,0,1,0,0,0,1,0,0,0,0,0,0,0,0,0,0,0,0,0,1,0,0,0,0,0,0,0,0,0,1,0,0,0,0,0
35268.0,144.0,3.0,0.0,65535.0,380416.0,304640.0,0.0,4096.0,4194304.0,4096.0,512.0,696320.0,1024.0,676654.0,4096.0,1048576.0,380327.0,4096.0,380416.0,1024.0,125306.0,385024.0,125440.0,381440.0,21.0,0.0,0.0,0.0,0.0,4.0,0.0,0.0,0,0,1,0,0,0,1,0,0,0,0,0,1,1,0,0,0,0,0,0,0,0,0,0,0,0,1,0,0,0,0,0,0,0,0,0,1,0,0,0,0,0
7590.0,144.0,3.0,0.0,65535.0,37888.0,17408.0,0.0,4096.0,4194304.0,4096.0,512.0,77824.0,1024.0,80060.0,4096.0,1048576.0,37828.0,4096.0,37888.0,1024.0,8600.0,45056.0,8704.0,38912.0,4.0,0.0,0.0,0.0,0.0,0.0,2.0,96.0,0,0,0,0,0,0,1,0,0,0,0,0,1,1,0,0,0,0,0,0,0,0,0,0,0,0,1,0,0,0,0,0,0,0,0,0,1,0,0,0,0,0
107871.0,80.0,0.0,0.0,65535.0,28672.0,8704.0,0.0,4096.0,4194304.0,4096.0,512.0,17016.0,512.0,0.0,8192.0,1048576.0,8192.0,8192.0,2055680.0,512.0,6488.0,163840.0,99328.0,238080.0,0.0,1.0,1.0,0.0,0.0,0.0,1.0,213.0,0,0,0,0,0,0,1,0,0,0,0,1,1,1,0,0,0,0,1,0,0,0,0,0,0,0,1,0,0,0,0,0,0,0,0,0,1,0,0,0,0,0
139968.0,144.0,3.0,0.0,65535.0,140800.0,182272.0,3072.0,4096.0,5368709120.0,4096.0,512.0,405504.0,1536.0,465165.0,4096.0,1048576.0,140552.0,4096.0,140800.0,1536.0,30208.0,155648.0,30208.0,146944.0,155.0,0.0,0.0,0.0,0.0,6.0,2.0,50.0,1,0,0,1,0,0,1,0,1,0,0,1,1,0,0,0,0,0,1,0,0,0,0,0,0,0,1,0,0,0,0,0,0,0,0,0,1,0,0,0,0,0
13594.0,144.0,3.0,0.0,65535.0,28672.0,2048.0,0.0,8192.0,4194304.0,4096.0,512.0,40960.0,512.0,0.0,4096.0,1048576.0,51972.0,4096.0,10295808.0,512.0,56636.0,53248.0,512.0,521216.0,902.0,3.0,1.0,0.0,0.0,12.0,0.0,0.0,0,0,0,0,0,0,1,0,0,0,0,1,1,1,0,0,0,0,0,0,0,0,0,0,0,0,1,0,0,0,0,0,0,0,0,0,1,0,0,0,0,0
1871153.0,144.0,3.0,0.0,65535.0,258560.0,109056.0,0.0,4096.0,4194304.0,4096.0,512.0,380928.0,1024.0,371741.0,4096.0,1048576.0,258471.0,4096.0,258560.0,1024.0,75328.0,266240.0,75776.0,259584.0,18.0,0.0,0.0,0.0,0.0,0.0,3.0,84.0,0,0,0,0,0,0,1,0,0,0,0,0,1,1,0,0,0,0,0,0,0,0,0,0,0,0,1,0,0,0,0,0,0,0,0,0,1,0,0,0,0,0
585511.0,144.0,3.0,0.0,65535.0,2162688.0,659456.0,0.0,4096.0,4194304.0,4096.0,4096.0,23695360.0,4096.0,2845323.0,4096.0,1048576.0,32340.0,4096.0,32768.0,1024.0,8808.0,36864.0,9216.0,33792.0,95.0,0.0,0.0,0.0,0.0,0.0,11.0,14.0,0,0,1,0,0,0,0,0,0,0,0,0,0,1,0,0,0,0,0,0,0,0,0,0,0,0,1,0,0,0,0,0,0,0,0,0,1,0,0,0,0,0
4884.0,80.0,2.0,15.0,65535.0,5668864.0,81920.0,4083712.0,4087808.0,4194304.0,4096.0,512.0,9838592.0,4096.0,0.0,16384.0,1048576.0,442368.0,4096.0,441856.0,1536.0,4096.0,491520.0,512.0,463360.0,1398.0,0.0,0.0,0.0,0.0,0.0,13.0,16.0,0,0,1,0,0,0,1,0,0,0,0,0,1,1,0,0,0,0,0,0,0,0,0,0,0,0,1,0,0,0,0,0,0,0,0,0,1,0,0,0,0,0
919706.0,144.0,3.0,0.0,65535.0,2248192.0,7755264.0,0.0,4096.0,5368709120.0,4096.0,512.0,41205760.0,1024.0,4274080.0,4096.0,1048576.0,205905.0,4096.0,0.0,1024.0,2370428.0,40960.0,1104896.0,449536.0,852.0,0.0,1.0,0.0,0.0,10.0,0.0,163.0,1,0,1,1,0,0,1,0,1,0,0,0,1,1,0,0,0,0,0,0,0,0,0,0,0,0,1,0,0,0,0,0,0,0,0,0,1,0,0,0,0,0
13594.0,144.0,3.0,0.0,65535.0,24576.0,211456.0,0.0,8192.0,4194304.0,8192.0,512.0,1859584.0,4096.0,0.0,4096.0,1048576.0,907178.0,8192.0,25600.0,512.0,191016.0,172032.0,12288.0,521216.0,896.0,0.0,0.0,0.0,0.0,0.0,1.0,0.0,0,0,0,0,0,0,1,0,0,0,0,0,1,1,0,0,0,0,0,0,0,0,0,0,0,0,1,0,0,0,0,0,0,0,0,0,1,0,0,0,0,0
18862.0,144.0,3.0,0.0,65535.0,10752.0,2048.0,0.0,8192.0,4194304.0,8192.0,512.0,40960.0,512.0,0.0,4096.0,1048576.0,10676.0,8192.0,10752.0,512.0,8176.0,77824.0,8192.0,72704.0,17.0,0.0,0.0,0.0,0.0,4.0,1.0,1.0,0,0,0,0,0,0,1,0,1,0,0,1,1,1,0,0,0,0,0,0,0,0,0,0,0,0,1,0,0,0,0,0,0,0,0,0,1,0,0,0,0,0
269591.0,144.0,3.0,0.0,65535.0,73216.0,70144.0,0.0,4096.0,4194304.0,4096.0,512.0,155648.0,1024.0,183424.0,4096.0,1048576.0,72788.0,4096.0,73216.0,1024.0,101068.0,438272.0,101376.0,432128.0,44.0,0.0,0.0,0.0,0.0,0.0,5.0,77.0,0,0,1,0,0,0,1,0,0,0,0,0,1,1,0,0,0,0,0,0,0,0,0,0,0,0,1,0,0,0,0,0,0,0,0,0,1,0,0,0,0,0
1919796.0,144.0,3.0,0.0,65535.0,0.0,622592.0,1880064.0,4096.0,4194304.0,4096.0,512.0,2514944.0,4096.0,647135.0,4096.0,1048576.0,383416.0,4096.0,383488.0,1024.0,188686.0,585728.0,188928.0,582144.0,135.0,0.0,3.0,0.0,0.0,0.0,11.0,16.0,0,0,1,0,0,0,1,0,0,0,0,0,1,1,0,0,0,0,0,0,0,0,0,0,0,0,1,0,0,0,0,0,0,0,0,0,1,0,0,0,0,0
1106478.0,144.0,3.0,0.0,65535.0,1098752.0,3584.0,0.0,8192.0,4194304.0,8192.0,512.0,1130496.0,512.0,0.0,4096.0,1048576.0,1098292.0,8192.0,1098752.0,512.0,25092.0,28672.0,25600.0,24064.0,197.0,0.0,0.0,0.0,0.0,0.0,1.0,1.0,0,0,1,0,0,0,1,0,0,0,0,1,1,1,0,0,0,0,0,0,0,0,0,0,0,0,1,0,0,0,0,0,0,0,0,0,1,0,0,0,0,0
4832.0,144.0,3.0,0.0,65535.0,282112.0,109568.0,0.0,8192.0,4194304.0,8192.0,512.0,417792.0,512.0,0.0,4096.0,1048576.0,281684.0,8192.0,282112.0,512.0,24.0,561152.0,0.0,0.0,62.0,0.0,3.0,0.0,0.0,3.0,0.0,0.0,0,0,1,0,0,0,1,0,1,0,0,1,1,1,0,0,0,0,0,0,0,0,0,0,0,0,1,0,0,0,0,0,0,0,0,0,1,0,0,0,0,0
65198.0,144.0,3.0,0.0,65535.0,57344.0,17408.0,0.0,8192.0,4194304.0,8192.0,512.0,98304.0,512.0,0.0,4096.0,1048576.0,57012.0,8192.0,57344.0,512.0,19448.0,122880.0,20480.0,122880.0,3033.0,0.0,0.0,1.0,0.0,1.0,1.0,1.0,0,0,1,0,0,0,1,0,0,0,0,1,1,1,0,0,0,0,0,0,0,0,0,0,0,0,1,0,0,0,0,0,0,0,0,0,1,0,0,0,0,0
5360.0,64.0,0.0,0.0,65535.0,2580480.0,1767424.0,0.0,4096.0,4194304.0,8192.0,512.0,2076672.0,1536.0,0.0,4096.0,1048576.0,9797208.0,4096.0,1532928.0,4096.0,45102.0,1896448.0,99328.0,69632.0,255.0,2.0,0.0,0.0,0.0,0.0,13.0,0.0,0,0,1,0,0,0,1,0,0,0,0,0,1,1,0,0,0,0,0,0,0,0,0,0,0,0,1,0,0,0,0,0,0,0,0,0,1,0,0,0,0,0
5312.0,144.0,3.0,0.0,65535.0,4033024.0,7527424.0,397824.0,4096.0,5368709120.0,4096.0,512.0,7954432.0,1024.0,7587650.0,4096.0,1048576.0,4032912.0,4096.0,4033024.0,1024.0,2952720.0,4390912.0,2953216.0,4385792.0,0.0,0.0,0.0,0.0,0.0,0.0,0.0,0.0,1,0,1,1,0,0,1,0,1,0,0,0,1,1,0,0,0,0,1,0,0,0,0,0,0,0,1,0,0,0,0,0,0,0,0,0,1,0,0,0,0,0
119984.0,21061.0,232.0,59523.0,35593.0,162816.0,130048.0,0.0,4096.0,4194304.0,4096.0,512.0,297504.0,512.0,0.0,4096.0,1048576.0,163840.0,4096.0,162816.0,1024.0,2037614.0,12288.0,0.0,0.0,0.0,0.0,0.0,0.0,0.0,0.0,0.0,0.0,0,0,1,0,0,0,1,0,0,0,0,0,1,1,0,0,0,0,0,0,0,0,0,0,0,0,1,0,0,0,0,0,0,0,0,0,1,0,0,0,0,0
5344.0,144.0,3.0,0.0,65535.0,784384.0,1025536.0,1024.0,4096.0,4194304.0,4096.0,512.0,4202496.0,1536.0,4621710.0,4096.0,1048576.0,783976.0,4096.0,784384.0,1536.0,163920.0,794624.0,164352.0,786432.0,0.0,0.0,0.0,0.0,0.0,0.0,6.0,160.0,1,0,0,1,0,0,1,0,1,0,0,0,1,0,0,0,0,0,1,0,0,0,0,0,0,0,1,0,0,0,0,0,0,0,0,0,1,0,0,0,0,0
392424.0,144.0,3.0,0.0,65535.0,797184.0,409600.0,0.0,4096.0,4194304.0,4096.0,512.0,1613824.0,1024.0,0.0,4096.0,1048576.0,796987.0,385024.0,797184.0,1024.0,162490.0,1183744.0,162816.0,798208.0,0.0,0.0,0.0,0.0,0.0,0.0,7.0,172.0,0,0,0,0,0,0,1,0,0,0,0,0,1,1,0,0,0,0,0,0,0,0,0,0,0,0,1,0,0,0,0,0,0,0,0,0,1,0,0,0,0,0
230160.0,144.0,3.0,0.0,65535.0,1863680.0,577536.0,0.0,4096.0,4194304.0,4096.0,4096.0,2445312.0,4096.0,0.0,4096.0,1048576.0,1859792.0,4096.0,1863680.0,4096.0,125991.0,1867776.0,126976.0,1867776.0,140.0,0.0,0.0,0.0,0.0,3.0,10.0,724.0,0,0,1,0,0,0,0,0,0,0,0,0,1,1,0,0,0,0,0,0,0,0,0,0,0,0,1,0,0,0,0,0,0,0,0,0,1,0,0,0,0,0
11933223.0,144.0,3.0,0.0,65535.0,696320.0,670720.0,0.0,4096.0,4194304.0,4096.0,512.0,20070400.0,1024.0,8745182.0,4096.0,1048576.0,1516600.0,8192.0,1517056.0,512.0,3434008.0,2502656.0,3434496.0,2498048.0,0.0,0.0,0.0,0.0,0.0,0.0,18.0,220.0,0,0,1,0,0,0,0,0,0,0,0,0,1,1,0,0,0,0,0,0,0,0,0,0,0,0,1,0,0,0,0,0,0,0,0,0,1,0,0,0,0,0
5127.0,144.0,3.0,0.0,65535.0,2560.0,4096.0,0.0,4096.0,17170432.0,4096.0,512.0,24576.0,1024.0,0.0,4096.0,1048576.0,2500.0,4096.0,2560.0,4096.0,1598.0,8192.0,2048.0,8192.0,137.0,0.0,0.0,0.0,0.0,5.0,2.0,44.0,0,0,0,0,0,0,1,0,0,0,0,0,1,1,0,0,0,0,0,0,0,0,0,0,0,0,1,0,0,0,0,0,0,0,0,0,1,0,0,0,0,0
703745.0,144.0,3.0,0.0,65535.0,172544.0,12951552.0,0.0,4096.0,4194304.0,4096.0,512.0,9814016.0,4096.0,100097.0,4096.0,1048576.0,807148.0,4096.0,8192.0,1024.0,39650.0,4599808.0,8192.0,65536.0,786.0,0.0,0.0,0.0,0.0,7.0,5.0,0.0,1,1,0,1,0,0,1,0,0,0,0,1,1,1,0,0,0,0,0,0,0,0,0,0,0,0,1,0,0,0,0,0,0,0,0,0,1,0,0,0,0,0
163850.0,144.0,3.0,0.0,65535.0,28672.0,12288.0,0.0,4096.0,4194304.0,8192.0,512.0,86016.0,1024.0,0.0,4096.0,1048576.0,682086.0,4096.0,58880.0,4096.0,4933254.0,299008.0,207872.0,37888.0,0.0,3.0,2.0,0.0,0.0,0.0,0.0,0.0,0,0,0,1,0,0,1,0,0,0,0,1,1,1,0,0,0,0,0,0,0,0,0,0,0,0,1,0,0,0,0,0,0,0,0,0,1,0,0,0,0,0
13594.0,144.0,3.0,0.0,65535.0,9216.0,3584.0,0.0,4096.0,4194304.0,8192.0,512.0,86016.0,1024.0,0.0,4096.0,1048576.0,684032.0,8192.0,5147648.0,1024.0,24.0,36864.0,207872.0,240640.0,733.0,2.0,0.0,7.0,0.0,5.0,0.0,0.0,0,0,1,0,0,0,1,0,0,0,0,1,1,1,0,0,0,0,0,0,0,0,0,0,0,0,1,0,0,0,0,0,0,0,0,0,1,0,0,0,0,0
3961324.0,80.0,2.0,15.0,65535.0,3956736.0,6018560.0,0.0,4096.0,4194304.0,4096.0,512.0,10035200.0,1024.0,0.0,16384.0,1048576.0,3947376.0,4096.0,3947520.0,1024.0,93.0,4177920.0,512.0,4124672.0,1.0,0.0,0.0,0.0,0.0,0.0,18.0,718.0,0,0,1,0,0,0,1,0,1,0,0,0,1,1,0,0,0,0,0,0,0,0,0,0,0,0,1,0,0,0,0,0,0,0,0,0,1,0,0,0,0,0
31904.0,144.0,3.0,0.0,65535.0,73728.0,38400.0,0.0,4096.0,4194304.0,4096.0,512.0,122880.0,1024.0,0.0,4096.0,1048576.0,73359.0,4096.0,73728.0,1024.0,25248.0,77824.0,25600.0,74752.0,2805.0,0.0,1884.0,0.0,0.0,4.0,8.0,112.0,0,0,1,0,0,0,1,0,0,0,0,0,1,1,0,0,0,0,0,0,0,0,0,0,0,0,1,0,0,0,0,0,0,0,0,0,1,0,0,0,0,0
8666546.0,144.0,3.0,0.0,65535.0,8958976.0,9104896.0,0.0,4096.0,4194304.0,4096.0,512.0,18079744.0,1024.0,0.0,4096.0,1048576.0,8958915.0,4096.0,8958976.0,1024.0,5929342.0,8966144.0,5929472.0,8960000.0,0.0,0.0,0.0,0.0,0.0,3.0,19.0,537.0,0,0,1,0,0,0,1,0,0,0,0,0,1,1,0,0,0,0,0,0,0,0,0,0,0,0,1,0,0,0,0,0,0,0,0,0,1,0,0,0,0,0
24734.0,144.0,3.0,0.0,65535.0,16896.0,2048.0,0.0,8192.0,4194304.0,8192.0,512.0,49152.0,512.0,0.0,4096.0,1048576.0,16548.0,8192.0,16896.0,512.0,5556.0,8192.0,5632.0,4608.0,0.0,0.0,0.0,0.0,0.0,0.0,1.0,1.0,0,0,1,0,0,0,1,0,1,0,0,1,1,1,0,0,0,0,0,0,0,0,0,0,0,0,1,0,0,0,0,0,0,0,0,0,1,0,0,0,0,0
13594.0,144.0,3.0,0.0,65535.0,18944.0,12288.0,0.0,8192.0,4194304.0,8192.0,512.0,385024.0,4096.0,0.0,4096.0,1048576.0,352244.0,4096.0,1241088.0,1024.0,288424.0,610304.0,4096.0,1029120.0,743.0,2.0,1.0,0.0,0.0,9.0,4.0,0.0,0,0,0,0,0,0,1,0,0,0,0,1,1,1,0,0,0,0,0,0,0,0,0,0,0,0,1,0,0,0,0,0,0,0,0,0,1,0,0,0,0,0
17614.0,144.0,3.0,0.0,65535.0,12288.0,12288.0,0.0,8192.0,285212672.0,8192.0,4096.0,40960.0,4096.0,63339.0,4096.0,1048576.0,9428.0,8192.0,12288.0,4096.0,6730.0,53248.0,7168.0,49152.0,139.0,0.0,0.0,0.0,0.0,5.0,1.0,1.0,0,0,1,0,0,0,1,0,0,0,0,1,1,1,0,0,0,0,0,0,0,0,0,0,0,0,1,0,0,0,0,0,0,0,0,0,1,0,0,0,0,0
580400.0,144.0,3.0,0.0,65535.0,726016.0,1158656.0,0.0,4096.0,4194304.0,4096.0,512.0,41701376.0,1024.0,842850.0,4096.0,1048576.0,725868.0,4096.0,726016.0,1024.0,760.0,28672.0,1024.0,21504.0,0.0,0.0,0.0,0.0,0.0,0.0,0.0,0.0,0,0,1,0,0,0,0,0,0,0,0,0,1,1,0,0,0,0,0,0,0,0,0,0,0,0,1,0,0,0,0,0,0,0,0,0,1,0,0,0,0,0
1897484.0,0.0,3.0,0.0,65535.0,1483264.0,0.0,0.0,4096.0,4194304.0,8192.0,512.0,696320.0,512.0,0.0,4096.0,1048576.0,59643.0,4096.0,25600.0,1024.0,16544.0,8192.0,512.0,38912.0,371.0,0.0,0.0,0.0,0.0,66.0,0.0,0.0,0,0,0,0,0,0,1,0,0,0,0,0,1,1,0,0,0,0,0,0,0,0,0,0,0,0,1,0,0,0,0,0,0,0,0,0,1,0,0,0,0,0
5280.0,144.0,3.0,0.0,65535.0,7680.0,16384.0,1024.0,4096.0,4194304.0,4096.0,512.0,69632.0,1024.0,86184.0,4096.0,1048576.0,7644.0,4096.0,7680.0,1024.0,760.0,16384.0,1024.0,9216.0,1.0,0.0,0.0,0.0,0.0,0.0,5.0,74.0,0,0,0,0,0,0,1,0,1,0,0,0,1,1,0,0,0,0,1,0,0,0,0,0,0,0,1,0,0,0,0,0,0,0,0,0,1,0,0,0,0,0
29762.0,144.0,3.0,0.0,65535.0,73216.0,70144.0,0.0,4096.0,4194304.0,4096.0,512.0,155648.0,1024.0,183424.0,4096.0,1048576.0,72788.0,4096.0,73216.0,1024.0,64342.0,118784.0,64512.0,114688.0,11.0,0.0,0.0,0.0,0.0,4.0,5.0,77.0,0,0,1,0,0,0,1,0,0,0,0,0,1,1,0,0,0,0,0,0,0,0,0,0,0,0,1,0,0,0,0,0,0,0,0,0,1,0,0,0,0,0
13594.0,144.0,3.0,0.0,65535.0,45056.0,1953792.0,0.0,8192.0,4194304.0,8192.0,512.0,786432.0,512.0,0.0,4096.0,1048576.0,851516.0,4096.0,171008.0,4096.0,24.0,36864.0,207872.0,37888.0,0.0,3.0,0.0,0.0,0.0,0.0,5.0,116.0,0,0,1,0,0,0,1,0,0,0,0,1,1,1,0,0,0,0,0,0,0,0,0,0,0,0,1,0,0,0,0,0,0,0,0,0,1,0,0,0,0,0
5360.0,144.0,3.0,0.0,65535.0,6193152.0,8188928.0,3279872.0,4096.0,4194304.0,4096.0,512.0,11493376.0,4096.0,8221782.0,4096.0,1048576.0,6191400.0,4096.0,6193152.0,4096.0,1449776.0,6266880.0,1449984.0,6264320.0,0.0,0.0,0.0,0.0,0.0,0.0,0.0,0.0,1,0,0,1,0,0,1,0,1,0,0,1,1,1,0,0,0,0,1,0,0,0,0,0,0,0,1,0,0,0,0,0,0,0,0,0,1,0,0,0,0,0
5376.0,144.0,3.0,0.0,65535.0,29184.0,41472.0,4096.0,4096.0,4194304.0,4096.0,512.0,94208.0,1024.0,133427.0,4096.0,1048576.0,28744.0,4096.0,29184.0,1024.0,1984.0,40960.0,2048.0,30720.0,0.0,0.0,0.0,0.0,0.0,0.0,3.0,101.0,1,0,0,1,0,0,1,0,1,0,0,1,1,1,0,0,0,0,1,0,0,0,0,0,0,0,1,0,0,0,0,0,0,0,0,0,1,0,0,0,0,0
5997.0,144.0,3.0,0.0,65535.0,43008.0,104448.0,0.0,4096.0,4194304.0,4096.0,512.0,159744.0,1024.0,0.0,4096.0,1048576.0,42584.0,4096.0,43008.0,1024.0,23366.0,49152.0,23552.0,44032.0,3.0,0.0,0.0,0.0,0.0,4.0,1.0,80.0,0,0,1,0,0,0,1,0,0,0,0,0,1,1,0,0,0,0,0,0,0,0,0,0,0,0,1,0,0,0,0,0,0,0,0,0,1,0,0,0,0,0
14750.0,144.0,3.0,0.0,65535.0,6656.0,123904.0,0.0,8192.0,4194304.0,8192.0,512.0,155648.0,512.0,0.0,4096.0,1048576.0,6564.0,8192.0,6656.0,512.0,3072.0,28672.0,3072.0,19456.0,45.0,0.0,0.0,0.0,0.0,0.0,1.0,1.0,0,0,1,0,0,0,1,0,0,0,0,1,1,1,0,0,0,0,0,0,0,0,0,0,0,0,1,0,0,0,0,0,0,0,0,0,1,0,0,0,0,0
18926.0,144.0,3.0,0.0,65535.0,18944.0,1153536.0,0.0,4096.0,4194304.0,4096.0,512.0,1179648.0,1024.0,0.0,4096.0,1048576.0,20480.0,4096.0,18944.0,1024.0,12288.0,24576.0,10240.0,19968.0,0.0,0.0,0.0,0.0,0.0,0.0,13.0,110.0,0,0,0,0,0,0,1,0,0,0,0,0,1,1,0,0,0,0,0,0,0,0,0,0,0,0,1,0,0,0,0,0,0,0,0,0,1,0,0,0,0,0
13594.0,144.0,3.0,0.0,65535.0,70656.0,2048.0,0.0,8192.0,4194304.0,8192.0,512.0,1495040.0,512.0,0.0,4096.0,1048576.0,23668.0,8192.0,440832.0,4096.0,56636.0,53248.0,512.0,521216.0,902.0,0.0,0.0,0.0,0.0,11.0,1.0,14.0,0,0,0,0,0,0,1,0,0,0,0,1,1,1,0,0,0,0,0,0,0,0,0,0,0,0,1,0,0,0,0,0,0,0,0,0,1,0,0,0,0,0
4416.0,144.0,3.0,0.0,65535.0,153600.0,58368.0,0.0,4096.0,5368709120.0,4096.0,512.0,229376.0,1024.0,264864.0,4096.0,1048576.0,153094.0,4096.0,153600.0,1024.0,30254.0,159744.0,30720.0,154624.0,0.0,0.0,0.0,0.0,0.0,0.0,12.0,249.0,1,0,1,1,0,0,0,0,0,0,0,0,0,1,0,0,0,0,0,0,0,0,0,0,0,0,1,0,0,0,0,0,0,0,0,0,1,0,0,0,0,0
1054060.0,144.0,3.0,0.0,65535.0,9216.0,387072.0,0.0,4096.0,4194304.0,4096.0,512.0,237568.0,512.0,0.0,4096.0,1048576.0,844284.0,8192.0,2147840.0,4096.0,56404.0,1490944.0,99328.0,69632.0,490.0,0.0,2.0,0.0,0.0,3.0,1.0,0.0,0,0,0,0,0,0,1,0,1,0,0,1,1,1,0,0,0,0,0,0,0,0,0,0,0,0,1,0,0,0,0,0,0,0,0,0,1,0,0,0,0,0
3661718.0,144.0,3.0,0.0,65535.0,4231680.0,1641984.0,0.0,4096.0,4194304.0,4096.0,512.0,5890048.0,1024.0,5911159.0,4096.0,1048576.0,4231553.0,4096.0,4231680.0,1024.0,1061438.0,4239360.0,1061888.0,4232704.0,164.0,0.0,0.0,0.0,0.0,0.0,19.0,578.0,0,0,1,0,0,0,1,0,0,0,0,0,1,1,0,0,0,0,0,0,0,0,0,0,0,0,1,0,0,0,0,0,0,0,0,0,1,0,0,0,0,0
12078.0,144.0,3.0,0.0,65535.0,4096.0,2048.0,0.0,8192.0,4194304.0,8192.0,512.0,32768.0,512.0,0.0,4096.0,1048576.0,3908.0,8192.0,4096.0,512.0,7806.0,45056.0,8192.0,41472.0,333.0,0.0,0.0,2.0,0.0,8.0,1.0,1.0,0,0,1,0,0,0,1,0,1,0,0,1,1,1,0,0,0,0,0,0,0,0,0,0,0,0,1,0,0,0,0,0,0,0,0,0,1,0,0,0,0,0
93133.0,144.0,3.0,0.0,65535.0,211456.0,240640.0,0.0,4096.0,4194304.0,4096.0,512.0,466944.0,1024.0,0.0,4096.0,1048576.0,211096.0,4096.0,211456.0,1024.0,109870.0,217088.0,110080.0,212480.0,3748.0,57.0,3.0,20.0,0.0,31.0,9.0,525.0,0,0,1,0,0,0,1,0,0,0,0,0,1,1,0,0,0,0,0,0,0,0,0,0,0,0,1,0,0,0,0,0,0,0,0,0,1,0,0,0,0,0
163850.0,144.0,3.0,0.0,65535.0,696320.0,211456.0,0.0,4096.0,4194304.0,4096.0,512.0,1171456.0,4096.0,0.0,16384.0,1048576.0,1060278.0,4096.0,25600.0,0.0,191016.0,53248.0,12288.0,76800.0,311.0,0.0,9.0,0.0,0.0,0.0,28.0,0.0,0,0,1,0,0,0,1,0,0,0,0,1,1,1,0,0,0,0,0,0,0,0,0,0,0,0,1,0,0,0,0,0,0,0,0,0,1,0,0,0,0,0
65519.0,144.0,3.0,0.0,65535.0,104448.0,2260480.0,0.0,4096.0,4194304.0,4096.0,512.0,2383872.0,1024.0,146427.0,4096.0,1048576.0,104216.0,4096.0,104448.0,1024.0,28084.0,110592.0,28160.0,105472.0,344.0,0.0,0.0,0.0,0.0,5.0,0.0,0.0,0,0,1,0,0,0,0,0,0,0,0,0,0,1,0,0,0,0,0,0,0,0,0,0,0,0,1,0,0,0,0,0,0,0,0,0,1,0,0,0,0,0
113080.0,144.0,3.0,0.0,65535.0,396800.0,520704.0,0.0,4096.0,4294967296.0,4096.0,512.0,929792.0,1536.0,964555.0,8192.0,1048576.0,396489.0,4096.0,396800.0,1536.0,69316.0,401408.0,69632.0,398336.0,0.0,0.0,0.0,0.0,0.0,0.0,17.0,377.0,1,0,1,1,0,0,1,0,0,0,0,0,1,1,0,0,0,0,0,0,0,0,0,0,0,0,1,0,0,0,0,0,0,0,0,0,1,0,0,0,0,0
12342.0,144.0,3.0,0.0,65535.0,39424.0,24576.0,0.0,4096.0,4194304.0,4096.0,512.0,73728.0,1024.0,80577.0,4096.0,1048576.0,38952.0,4096.0,39424.0,1024.0,15706.0,45056.0,15872.0,40448.0,40.0,0.0,0.0,0.0,0.0,0.0,10.0,114.0,0,0,1,0,0,0,0,0,0,0,1,0,1,1,0,0,0,0,0,0,0,0,0,0,0,0,1,0,0,0,0,0,0,0,0,0,1,0,0,0,0,0
83560.0,144.0,3.0,0.0,65535.0,217088.0,93184.0,0.0,4096.0,4194304.0,4096.0,512.0,323584.0,1024.0,0.0,4096.0,1048576.0,216832.0,4096.0,217088.0,1024.0,70872.0,221184.0,71168.0,218112.0,3324.0,34.0,0.0,3.0,3.0,6.0,4.0,115.0,0,0,1,0,0,0,1,0,0,0,0,0,1,1,0,0,0,0,0,0,0,0,0,0,0,0,1,0,0,0,0,0,0,0,0,0,1,0,0,0,0,0
585511.0,144.0,3.0,0.0,65535.0,2162688.0,659456.0,0.0,4096.0,4194304.0,4096.0,4096.0,23695360.0,4096.0,2845323.0,4096.0,1048576.0,55650.0,20480.0,55808.0,15872.0,13221.0,77824.0,13312.0,71680.0,95.0,0.0,0.0,3.0,1.0,3.0,11.0,14.0,0,0,1,0,0,0,0,0,0,0,0,0,0,1,0,0,0,0,0,0,0,0,0,0,0,0,1,0,0,0,0,0,0,0,0,0,1,0,0,0,0,0
682528.0,144.0,3.0,0.0,65535.0,569344.0,28672.0,114688.0,118784.0,5368709120.0,4096.0,512.0,716800.0,4096.0,0.0,4096.0,1048576.0,3256.0,8192.0,3584.0,512.0,108290.0,1097728.0,108544.0,1091072.0,0.0,0.0,0.0,0.0,0.0,0.0,9.0,12.0,1,0,0,1,0,0,1,0,1,0,0,1,1,1,0,0,0,0,0,0,0,0,0,0,0,0,1,0,0,0,0,0,0,0,0,0,1,0,0,0,0,0
19402.0,144.0,3.0,0.0,65535.0,829440.0,105984.0,0.0,4096.0,4194304.0,4096.0,512.0,352256.0,4096.0,0.0,4096.0,1048576.0,2055186.0,4096.0,8192.0,512.0,207676.0,36864.0,512.0,98304.0,577.0,0.0,0.0,0.0,0.0,11.0,1.0,144.0,0,0,1,0,0,0,1,0,1,0,0,1,1,1,0,0,0,0,0,0,0,0,0,0,0,0,1,0,0,0,0,0,0,0,0,0,1,0,0,0,0,0
757360.0,144.0,3.0,0.0,65535.0,274432.0,32768.0,483328.0,487424.0,4194304.0,4096.0,512.0,794624.0,4096.0,0.0,4096.0,4194304.0,7347316.0,4096.0,7347712.0,1024.0,24.0,8003584.0,512.0,7865344.0,98.0,0.0,0.0,0.0,0.0,0.0,16.0,21.0,0,0,1,0,0,0,0,0,0,0,0,0,0,1,0,0,0,0,0,0,0,0,0,0,0,0,1,0,0,0,0,0,0,0,0,0,1,0,0,0,0,0
235438.0,144.0,3.0,0.0,65535.0,227328.0,102912.0,0.0,8192.0,4194304.0,8192.0,512.0,360448.0,1024.0,0.0,4096.0,1048576.0,227252.0,8192.0,227328.0,1024.0,1108.0,12288.0,1536.0,6656.0,51.0,0.0,0.0,0.0,0.0,0.0,1.0,1.0,0,0,1,0,0,0,1,0,0,0,0,1,1,1,0,0,0,0,0,0,0,0,0,0,0,0,1,0,0,0,0,0,0,0,0,0,1,0,0,1,0,0
5114496.0,80.0,3.0,0.0,65535.0,3993088.0,3584.0,0.0,4096.0,4194304.0,4096.0,512.0,679936.0,1024.0,0.0,4096.0,1048576.0,323028.0,4096.0,247808.0,15360.0,608.0,143360.0,207872.0,240640.0,0.0,2.0,0.0,0.0,0.0,12.0,1.0,224.0,0,0,0,0,0,0,1,0,0,0,0,1,1,1,0,0,0,0,0,0,0,0,0,0,0,0,1,1,0,0,0,0,0,0,0,0,1,0,0,0,0,0
305598.0,144.0,3.0,0.0,65535.0,236544.0,12288.0,0.0,4096.0,5368709120.0,4096.0,512.0,237568.0,1024.0,0.0,4096.0,1048576.0,4086.0,4096.0,2055680.0,1536.0,3978.0,1048576.0,207872.0,467456.0,0.0,0.0,2.0,0.0,0.0,12.0,0.0,335.0,1,0,0,1,0,0,1,0,0,0,0,1,1,1,0,0,0,0,0,0,0,0,0,0,0,0,1,0,0,0,0,0,0,0,0,0,1,0,0,0,0,0
29577.0,144.0,2.0,0.0,65535.0,70656.0,12288.0,0.0,4096.0,4194304.0,4096.0,512.0,577536.0,512.0,0.0,16384.0,1048576.0,140329.0,4096.0,871936.0,4096.0,1639346.0,10301440.0,4096.0,10240.0,0.0,1.0,2.0,0.0,0.0,0.0,0.0,0.0,0,0,0,0,0,0,1,0,1,0,0,1,1,1,0,0,0,0,0,0,0,0,0,0,0,0,1,0,0,0,0,0,0,0,0,0,1,0,0,0,0,0
207882.0,144.0,3.0,0.0,65535.0,200192.0,2560.0,0.0,8192.0,4194304.0,8192.0,512.0,229376.0,512.0,0.0,4096.0,1048576.0,199696.0,8192.0,200192.0,512.0,812.0,24576.0,1024.0,14336.0,36.0,0.0,0.0,0.0,0.0,0.0,1.0,1.0,0,0,1,0,0,0,1,0,1,0,0,1,1,1,0,0,0,0,0,0,0,0,0,0,0,0,1,0,0,0,0,0,0,0,0,0,1,0,0,0,0,0
8939482.0,144.0,3.0,0.0,65535.0,3968000.0,4096.0,0.0,8192.0,4194304.0,8192.0,512.0,3997696.0,512.0,0.0,4096.0,1048576.0,3967904.0,8192.0,3968000.0,512.0,195982.0,585728.0,196096.0,582656.0,276.0,2.0,0.0,0.0,0.0,0.0,1.0,1.0,0,0,1,0,0,0,1,0,0,0,0,1,1,1,0,0,0,0,0,0,0,0,0,0,0,0,1,0,0,0,0,0,0,0,0,0,1,0,0,0,0,0
6687556.0,144.0,3.0,1.0,17744.0,696320.0,128000.0,0.0,4096.0,4194304.0,4096.0,512.0,86016.0,1024.0,0.0,4096.0,1048576.0,290776.0,4096.0,766464.0,512.0,4070.0,10301440.0,4096.0,69632.0,815.0,0.0,2.0,0.0,0.0,11.0,5.0,0.0,0,0,0,0,0,0,1,0,1,0,0,1,1,1,0,0,0,0,0,0,0,0,0,1,0,0,1,0,0,0,0,0,0,0,0,0,1,0,0,0,0,0
5504.0,144.0,3.0,0.0,65535.0,73728.0,8192.0,0.0,4096.0,4194304.0,4096.0,4096.0,86016.0,4096.0,88579.0,4096.0,1048576.0,73688.0,4096.0,73728.0,4096.0,24.0,667648.0,512.0,620544.0,29.0,0.0,0.0,0.0,0.0,0.0,1.0,112.0,0,0,1,0,0,0,1,0,1,0,0,0,1,1,0,0,0,0,0,0,0,0,0,0,0,0,1,0,0,0,0,0,0,0,0,0,1,0,0,0,0,0
410912.0,144.0,3.0,0.0,65535.0,30720.0,375296.0,0.0,4096.0,4194304.0,4096.0,512.0,696320.0,1024.0,0.0,4096.0,1048576.0,356180.0,4096.0,1532928.0,4096.0,24.0,8192.0,207872.0,521216.0,0.0,0.0,1.0,0.0,0.0,11.0,0.0,0.0,0,0,0,1,0,0,1,0,0,0,0,1,1,1,0,0,0,0,0,0,0,0,0,0,0,0,1,0,0,0,0,0,0,0,0,0,1,0,0,0,0,0
2691931.0,64.0,1.0,0.0,65535.0,2159104.0,474624.0,0.0,4096.0,4194304.0,4096.0,512.0,2867200.0,512.0,0.0,53248.0,1048576.0,652.0,4096.0,4096.0,4096.0,472.0,8192.0,4096.0,8192.0,32.0,0.0,0.0,0.0,0.0,0.0,12.0,13.0,0,0,1,0,0,0,1,0,0,0,0,1,1,1,0,0,0,0,0,0,0,0,0,0,0,0,1,0,0,0,0,0,0,0,0,0,1,0,0,0,0,0
43728.0,80.0,2.0,15.0,65535.0,41984.0,17920.0,0.0,4096.0,4194304.0,4096.0,512.0,86016.0,1024.0,0.0,16384.0,1048576.0,99435.0,4096.0,99840.0,1024.0,24.0,65536.0,512.0,46592.0,693.0,0.0,0.0,0.0,0.0,5.0,5.0,40.0,0,0,1,0,0,0,1,0,0,0,0,0,1,1,0,0,0,0,0,0,0,0,0,0,0,0,1,0,0,0,0,0,0,0,0,0,1,0,0,0,0,0
8416.0,144.0,3.0,0.0,65535.0,8192.0,294912.0,0.0,4096.0,4194304.0,4096.0,4096.0,307200.0,4096.0,351911.0,4096.0,1048576.0,4874.0,4096.0,8192.0,4096.0,2092.0,12288.0,4096.0,12288.0,15.0,0.0,0.0,0.0,0.0,0.0,5.0,45.0,0,0,1,0,0,0,1,0,0,0,0,0,1,1,0,0,0,0,0,0,0,0,0,0,0,0,1,0,0,0,0,0,0,0,0,0,1,0,0,0,0,0
6414424.0,144.0,3.0,0.0,65535.0,11776.0,18432.0,0.0,4096.0,5368709120.0,4096.0,512.0,9314304.0,1024.0,2921392.0,4096.0,1048576.0,11186.0,4096.0,11264.0,1024.0,1708.0,16384.0,2048.0,12288.0,0.0,0.0,0.0,0.0,0.0,0.0,14.0,14.0,1,0,0,1,0,0,1,0,1,0,0,0,0,1,0,0,0,0,0,0,0,0,0,0,0,0,1,0,0,0,0,0,0,0,0,0,1,0,0,0,0,0
30436.0,144.0,3.0,0.0,65535.0,64512.0,56320.0,0.0,4096.0,5368709120.0,4096.0,512.0,135168.0,1024.0,166938.0,4096.0,1048576.0,64212.0,4096.0,64512.0,1024.0,27826.0,69632.0,28160.0,65536.0,126.0,0.0,0.0,0.0,0.0,5.0,3.0,51.0,1,0,1,1,0,0,1,0,1,0,1,0,1,1,0,0,0,0,0,0,0,0,0,0,0,0,1,0,0,0,0,0,0,0,0,0,1,0,0,0,0,0
580286.0,144.0,3.0,0.0,65535.0,572416.0,102400.0,0.0,8192.0,4194304.0,8192.0,512.0,696320.0,512.0,733941.0,4096.0,1048576.0,572100.0,8192.0,572416.0,512.0,3110660.0,8458240.0,3110912.0,8453632.0,181.0,0.0,0.0,0.0,0.0,3.0,1.0,1.0,0,0,0,0,0,0,1,0,0,0,0,1,1,1,0,0,0,0,0,0,0,0,0,0,0,0,1,0,0,0,0,0,0,0,0,0,1,0,0,0,0,0
578686.0,144.0,3.0,0.0,65535.0,570880.0,9216.0,0.0,8192.0,4194304.0,8192.0,512.0,606208.0,512.0,0.0,4096.0,1048576.0,570500.0,8192.0,570880.0,512.0,1886696.0,3829760.0,1886720.0,3825664.0,46.0,0.0,0.0,0.0,0.0,4.0,1.0,1.0,0,0,1,0,0,0,1,0,0,0,0,1,1,1,0,0,0,0,0,0,0,0,0,0,0,0,1,0,0,0,0,0,0,0,0,0,1,0,0,0,0,0
6992.0,80.0,2.0,15.0,65535.0,480256.0,78336.0,0.0,4096.0,4194304.0,4096.0,512.0,598016.0,1024.0,0.0,16384.0,1048576.0,253952.0,61440.0,116736.0,16896.0,4096.0,516096.0,512.0,177152.0,48.0,0.0,0.0,0.0,0.0,0.0,7.0,9.0,0,0,1,0,0,0,1,0,0,0,0,0,1,1,0,0,0,0,1,0,0,0,0,0,0,0,1,1,0,0,0,0,0,0,0,0,1,0,0,0,1,0
1472654.0,144.0,3.0,0.0,65535.0,45056.0,40960.0,0.0,4096.0,4194304.0,4096.0,4096.0,90112.0,4096.0,0.0,4096.0,1048576.0,43366.0,4096.0,45056.0,4096.0,4070.0,49152.0,4096.0,49152.0,54.0,0.0,3.0,0.0,0.0,3.0,0.0,0.0,0,0,1,0,0,0,1,0,1,0,0,1,1,1,0,0,0,0,0,0,0,0,0,0,0,0,1,0,0,0,0,0,0,0,0,0,1,0,0,0,0,0
48874.0,144.0,3.0,0.0,65535.0,45056.0,40960.0,0.0,4096.0,4194304.0,4096.0,4096.0,90112.0,4096.0,0.0,4096.0,1048576.0,43366.0,4096.0,45056.0,4096.0,4070.0,49152.0,4096.0,49152.0,424.0,0.0,6.0,0.0,0.0,1.0,5.0,115.0,0,0,1,0,0,0,1,0,1,0,0,1,1,1,0,0,0,0,0,0,0,0,0,0,0,0,1,0,0,0,0,0,0,0,0,0,1,0,0,0,0,0
560288.0,144.0,0.0,0.0,65535.0,37376.0,12288.0,0.0,4096.0,4194304.0,4096.0,512.0,20480.0,4096.0,0.0,4096.0,1048576.0,724276.0,4096.0,190464.0,4096.0,207676.0,53248.0,512.0,521216.0,900.0,0.0,0.0,0.0,0.0,6.0,2.0,20.0,0,0,1,0,0,0,1,0,0,0,0,1,1,1,0,0,0,0,0,0,0,0,0,0,0,0,1,0,0,0,0,0,0,0,0,0,1,0,0,0,0,0
17075.0,144.0,3.0,0.0,65535.0,65536.0,32768.0,0.0,4096.0,4194304.0,4096.0,4096.0,102400.0,4096.0,0.0,4096.0,1048576.0,64448.0,4096.0,65536.0,4096.0,8160.0,69632.0,8192.0,69632.0,30.0,0.0,0.0,0.0,0.0,0.0,2.0,82.0,0,0,1,0,0,0,0,0,0,0,0,0,0,1,0,0,0,0,0,0,0,0,0,0,0,0,1,0,0,0,0,0,0,0,0,0,1,0,0,0,0,0
904229.0,144.0,3.0,0.0,65535.0,1029120.0,15606784.0,0.0,4096.0,4194304.0,4096.0,512.0,16650240.0,1024.0,16665255.0,4096.0,1048576.0,1028972.0,4096.0,1029120.0,1024.0,15324490.0,1036288.0,15324672.0,1030144.0,896.0,110.0,0.0,1.0,0.0,8.0,31.0,977.0,0,0,1,0,0,0,1,0,0,0,0,0,1,1,0,0,0,0,0,0,0,0,0,0,0,0,1,0,0,0,0,0,0,0,0,0,1,0,0,0,0,0
8095151.0,144.0,3.0,0.0,65535.0,31232.0,2449920.0,0.0,8093696.0,4194304.0,4096.0,512.0,10526720.0,1024.0,0.0,4096.0,1048576.0,48052.0,4096.0,48128.0,1024.0,4508.0,53248.0,4608.0,49152.0,168.0,0.0,0.0,0.0,0.0,0.0,1.0,69.0,0,0,1,0,0,0,1,0,0,0,0,0,1,1,0,0,0,0,0,0,0,0,0,0,0,0,1,0,0,0,0,0,0,0,0,0,1,0,0,0,0,0
256240.0,144.0,3.0,0.0,65535.0,45056.0,12288.0,208896.0,212992.0,4194304.0,4096.0,512.0,270336.0,4096.0,0.0,4096.0,1048576.0,53154.0,20480.0,53248.0,15360.0,13216.0,73728.0,13312.0,68608.0,4550.0,102.0,0.0,5.0,0.0,9.0,5.0,10.0,0,0,1,0,0,0,1,0,0,0,0,0,1,1,0,0,0,0,0,0,0,0,0,0,0,0,1,0,0,0,0,0,0,0,0,0,1,0,0,0,0,0
64414.0,144.0,3.0,0.0,65535.0,56320.0,2048.0,0.0,8192.0,4194304.0,8192.0,512.0,81920.0,512.0,0.0,4096.0,1048576.0,56228.0,8192.0,56320.0,512.0,108946.0,696320.0,0.0,0.0,30.0,0.0,0.0,0.0,0.0,0.0,1.0,1.0,0,0,0,0,0,0,1,0,1,0,0,1,1,1,0,0,0,0,0,0,0,0,0,0,0,0,1,0,0,0,0,0,0,0,0,0,1,0,0,0,0,0
4668.0,144.0,3.0,0.0,65535.0,16384.0,8192.0,0.0,4096.0,4194304.0,4096.0,4096.0,36864.0,4096.0,76810.0,4096.0,1048576.0,14516.0,4096.0,16384.0,4096.0,48632.0,114688.0,0.0,0.0,0.0,0.0,0.0,0.0,0.0,0.0,1.0,47.0,0,0,1,0,0,0,1,0,1,0,0,0,1,1,0,0,0,0,0,0,0,0,0,0,0,0,1,0,0,0,0,0,0,0,0,0,1,0,0,0,0,0
587912.0,80.0,2.0,15.0,65535.0,586752.0,86016.0,0.0,4096.0,4194304.0,4096.0,512.0,729088.0,1024.0,0.0,16384.0,1048576.0,579824.0,4096.0,580096.0,1024.0,24.0,667648.0,512.0,620544.0,214.0,0.0,0.0,0.0,0.0,3.0,22.0,221.0,0,0,1,0,0,0,1,0,0,0,0,1,1,1,0,0,0,0,0,0,0,0,0,0,0,0,1,0,0,0,0,0,0,0,0,0,1,0,0,0,0,0
4728.0,144.0,3.0,0.0,65535.0,3072.0,72192.0,512.0,4096.0,4194304.0,4096.0,512.0,94208.0,1024.0,86827.0,4096.0,1048576.0,2988.0,4096.0,3072.0,1024.0,320.0,8192.0,512.0,4096.0,252.0,0.0,0.0,0.0,0.0,1.0,3.0,20.0,0,0,1,0,0,0,1,0,0,0,0,1,1,1,0,0,0,0,0,0,0,0,0,0,0,0,1,0,0,0,0,0,0,0,0,0,1,0,0,0,0,0
599875.0,144.0,3.0,0.0,65535.0,652288.0,199680.0,0.0,4096.0,4194304.0,4096.0,512.0,884736.0,1024.0,0.0,4096.0,1048576.0,652017.0,4096.0,652288.0,1024.0,146136.0,659456.0,146432.0,653312.0,114.0,0.0,0.0,0.0,0.0,0.0,14.0,451.0,0,0,1,0,0,0,1,0,1,0,0,1,1,1,0,0,0,0,0,0,0,0,0,0,0,0,1,0,0,0,0,0,0,0,0,0,1,0,0,0,0,0
29806.0,144.0,3.0,0.0,65535.0,22016.0,2048.0,0.0,8192.0,4194304.0,8192.0,512.0,49152.0,512.0,0.0,4096.0,1048576.0,21620.0,8192.0,22016.0,512.0,3190.0,8192.0,3584.0,4096.0,17.0,0.0,0.0,0.0,0.0,0.0,1.0,1.0,0,0,0,0,0,0,1,0,0,0,0,1,1,1,0,0,0,0,0,0,0,0,0,0,0,0,1,0,0,0,0,0,0,0,0,0,1,0,0,0,0,0
20363.0,144.0,3.0,0.0,65535.0,19968.0,110080.0,0.0,4096.0,4194304.0,4096.0,512.0,151552.0,1024.0,185713.0,4096.0,1048576.0,19573.0,4096.0,19968.0,1024.0,9980.0,24576.0,10240.0,20992.0,0.0,0.0,0.0,0.0,0.0,0.0,20.0,118.0,0,0,1,0,0,0,1,0,0,0,0,0,1,1,0,0,0,0,0,0,0,0,0,0,0,0,1,0,0,0,0,0,0,0,0,0,1,0,0,0,0,0
4139.0,144.0,3.0,0.0,65535.0,512.0,1623040.0,0.0,4096.0,4194304.0,4096.0,512.0,1642496.0,1024.0,60637.0,4096.0,1048576.0,502.0,4096.0,512.0,1024.0,472.0,8192.0,512.0,1536.0,13.0,0.0,0.0,0.0,0.0,4.0,1.0,17.0,0,0,1,0,0,0,1,0,0,0,0,0,1,1,0,0,0,0,0,0,0,0,0,0,0,0,1,0,0,0,0,0,0,0,0,0,1,0,0,0,0,0
13594.0,144.0,3.0,0.0,65535.0,9216.0,3584.0,0.0,4096.0,4194304.0,4096.0,512.0,86016.0,4096.0,0.0,4096.0,1048576.0,251872.0,4096.0,730624.0,1024.0,306780.0,10301440.0,4096.0,37888.0,798.0,3.0,0.0,0.0,0.0,12.0,5.0,0.0,0,0,1,0,0,0,1,0,0,0,0,1,1,1,0,0,0,0,0,0,0,0,0,0,0,0,1,0,0,0,0,0,0,0,0,0,1,0,0,0,0,0
4096.0,144.0,3.0,0.0,65535.0,73728.0,12288.0,0.0,4096.0,4194304.0,4096.0,4096.0,90112.0,4096.0,108901.0,4096.0,1048576.0,72084.0,4096.0,73728.0,4096.0,2572.0,315392.0,3072.0,309760.0,52.0,0.0,3.0,0.0,0.0,2.0,0.0,0.0,0,0,1,0,0,0,1,0,0,0,0,0,1,0,0,0,0,0,0,0,0,0,0,0,0,0,1,0,0,0,0,0,0,0,0,0,1,0,0,0,0,0
163850.0,144.0,3.0,0.0,65535.0,28672.0,1953792.0,0.0,4096.0,4194304.0,4096.0,512.0,696320.0,1024.0,0.0,4096.0,1048576.0,330010.0,4096.0,25088.0,1024.0,24.0,61440.0,207872.0,521216.0,862.0,2.0,0.0,0.0,0.0,11.0,1.0,0.0,0,0,0,0,0,0,1,0,0,0,0,0,0,1,0,0,0,0,0,0,0,0,0,0,0,0,1,0,0,0,0,0,0,0,0,0,1,0,0,0,0,0
69648.0,144.0,3.0,0.0,65535.0,20480.0,20480.0,49152.0,53248.0,4194304.0,4096.0,512.0,94208.0,4096.0,0.0,4096.0,1048576.0,379408.0,4096.0,379904.0,1024.0,40.0,503808.0,512.0,442880.0,30.0,0.0,0.0,0.0,0.0,0.0,7.0,12.0,0,0,1,0,0,0,1,0,1,0,0,1,1,1,0,0,0,0,0,0,0,0,0,0,0,0,1,0,0,0,0,0,0,0,0,0,1,0,0,0,0,0
12758.0,144.0,3.0,0.0,65535.0,126976.0,4096.0,208896.0,212992.0,4194304.0,4096.0,512.0,344064.0,1024.0,0.0,16384.0,1048576.0,40630.0,4096.0,40960.0,4096.0,5058.0,45056.0,8192.0,45056.0,248.0,0.0,0.0,0.0,0.0,0.0,7.0,9.0,0,0,1,0,0,0,0,0,0,0,0,0,0,1,0,0,0,0,0,0,0,0,0,0,0,0,1,0,0,0,0,0,0,0,0,0,1,0,0,0,0,0
1268434.0,144.0,3.0,0.0,65535.0,1260544.0,42496.0,0.0,8192.0,4194304.0,8192.0,512.0,1327104.0,512.0,0.0,4096.0,1048576.0,1260272.0,8192.0,1260544.0,512.0,25442.0,73728.0,25600.0,68096.0,0.0,0.0,0.0,0.0,0.0,0.0,1.0,1.0,0,0,1,0,0,0,1,0,1,0,0,1,1,1,0,0,0,0,0,0,0,0,0,0,0,0,1,0,0,0,0,0,0,0,0,0,1,0,0,0,0,0
163850.0,120.0,3.0,0.0,65535.0,70656.0,2048.0,0.0,4096.0,4194304.0,4096.0,512.0,86016.0,512.0,0.0,4096.0,1048576.0,724276.0,4096.0,3584.0,512.0,24.0,163840.0,4096.0,131072.0,8.0,3.0,0.0,0.0,0.0,2.0,0.0,0.0,0,0,1,0,0,0,1,0,1,0,0,1,1,1,0,0,0,0,0,0,0,0,0,0,0,0,1,0,0,0,0,0,0,0,0,0,1,0,0,0,0,0
13594.0,144.0,3.0,0.0,65535.0,9216.0,375296.0,0.0,8192.0,4194304.0,8192.0,512.0,53248.0,512.0,0.0,4096.0,1048576.0,844284.0,8192.0,21504.0,512.0,56404.0,53248.0,4096.0,37888.0,0.0,0.0,1.0,0.0,0.0,0.0,1.0,0.0,0,0,0,0,0,0,1,0,1,0,0,1,1,1,0,0,0,0,0,0,0,0,0,0,0,0,1,0,0,0,0,0,0,0,0,0,1,0,0,0,0,0
112138.0,144.0,3.0,0.0,65535.0,104448.0,35840.0,0.0,8192.0,4194304.0,8192.0,512.0,163840.0,512.0,0.0,4096.0,1048576.0,103968.0,8192.0,104448.0,512.0,1305812.0,5464064.0,1306112.0,5457408.0,1.0,0.0,0.0,0.0,0.0,3.0,0.0,0.0,0,0,1,0,0,0,1,0,1,0,0,1,1,1,0,0,0,0,0,0,0,0,0,0,0,0,1,0,0,0,0,0,0,0,0,0,1,0,0,0,0,0
0.0,144.0,3.0,0.0,65535.0,49664.0,70144.0,0.0,8192.0,4194304.0,8192.0,512.0,139264.0,512.0,0.0,16384.0,1048576.0,49284.0,8192.0,49664.0,512.0,6266880.0,7753728.0,6266880.0,7751168.0,0.0,0.0,0.0,0.0,0.0,0.0,0.0,0.0,1,0,1,1,0,0,1,0,0,0,0,1,1,1,0,0,0,0,0,0,0,0,0,0,0,0,1,0,0,0,0,0,0,0,0,0,1,0,0,0,0,0
2248720.0,144.0,3.0,0.0,65535.0,70656.0,12288.0,0.0,4096.0,4194304.0,4096.0,512.0,57344.0,1024.0,0.0,4096.0,1048576.0,59643.0,4096.0,301056.0,512.0,5714146.0,585728.0,207872.0,78848.0,791.0,0.0,1.0,0.0,0.0,11.0,1.0,3.0,1,0,1,0,0,0,1,0,0,0,0,1,1,1,0,0,0,0,0,0,0,0,0,0,0,0,1,0,0,0,0,0,0,0,0,0,1,0,0,0,0,0
334076.0,144.0,3.0,0.0,65535.0,9216.0,2048.0,0.0,8192.0,4194304.0,8192.0,512.0,40960.0,512.0,0.0,4096.0,1048576.0,8888.0,8192.0,9216.0,512.0,145982.0,409600.0,146432.0,406528.0,56.0,0.0,0.0,0.0,0.0,0.0,1.0,1.0,1,0,0,1,0,0,1,0,0,0,0,1,1,1,0,0,0,0,0,0,0,0,0,0,0,0,1,0,0,0,0,0,0,0,0,0,1,0,0,0,0,0
4783.0,144.0,3.0,0.0,65535.0,43008.0,32256.0,0.0,4096.0,4194304.0,4096.0,512.0,90112.0,1024.0,0.0,4096.0,1048576.0,42551.0,4096.0,43008.0,1024.0,22558.0,49152.0,23040.0,44032.0,0.0,0.0,0.0,0.0,0.0,0.0,2.0,65.0,0,0,1,0,0,0,1,0,0,0,0,0,1,1,0,0,0,0,0,0,0,0,0,0,0,0,1,0,0,0,0,0,0,0,0,0,1,0,0,0,0,0
672592.0,144.0,3.0,0.0,65535.0,10752.0,2048.0,0.0,8192.0,4194304.0,4096.0,512.0,4395008.0,1536.0,0.0,4096.0,1048576.0,871332.0,8192.0,24064.0,0.0,535744.0,172032.0,512.0,37888.0,544.0,0.0,1.0,26.0,0.0,8.0,34.0,7.0,0,0,0,0,0,0,1,0,1,0,0,1,1,1,0,0,0,0,0,0,0,0,0,0,0,0,1,1,0,0,0,0,0,0,0,0,1,0,0,0,0,0
34713.0,144.0,3.0,0.0,65535.0,69120.0,150016.0,0.0,4096.0,4194304.0,4096.0,512.0,237568.0,1024.0,259009.0,4096.0,1048576.0,68828.0,4096.0,69120.0,1024.0,13372.0,73728.0,13824.0,70144.0,4.0,0.0,0.0,0.0,0.0,3.0,7.0,109.0,0,0,1,0,0,0,1,0,0,0,0,0,1,1,0,0,0,0,0,0,0,0,0,0,0,0,1,0,0,0,0,0,0,0,0,0,1,0,0,0,0,0
4096.0,144.0,3.0,0.0,65535.0,92160.0,31744.0,0.0,4096.0,5368709120.0,4096.0,512.0,143360.0,1024.0,145116.0,4096.0,1048576.0,68149.0,28672.0,68608.0,24576.0,19341.0,98304.0,19456.0,93184.0,0.0,0.0,0.0,0.0,0.0,0.0,9.0,132.0,1,0,0,1,0,0,1,0,0,0,0,1,1,1,0,0,0,0,0,0,0,0,0,0,0,0,1,0,0,0,0,0,0,0,0,0,1,0,0,0,0,0
103535.0,144.0,3.0,0.0,65535.0,20480.0,8192.0,65536.0,69632.0,4194304.0,4096.0,512.0,98304.0,4096.0,0.0,4096.0,1048576.0,200938.0,4096.0,201216.0,1024.0,42514.0,208896.0,43008.0,202240.0,51.0,0.0,3.0,0.0,0.0,3.0,0.0,0.0,0,0,1,0,0,0,0,0,0,0,0,1,0,1,0,0,0,0,0,0,0,0,0,0,0,0,1,0,0,0,0,0,0,0,0,0,1,0,0,0,0,0
54969.0,144.0,3.0,0.0,65535.0,374784.0,250368.0,0.0,4096.0,16777216.0,4096.0,512.0,634880.0,1024.0,657972.0,4096.0,1048576.0,374626.0,4096.0,374784.0,1024.0,195982.0,585728.0,196096.0,582656.0,0.0,0.0,0.0,0.0,0.0,0.0,0.0,0.0,0,1,0,0,0,0,1,0,0,0,0,1,1,1,0,0,0,0,0,0,0,0,0,0,0,0,1,0,0,0,0,0,0,0,0,0,1,0,0,0,0,0
25239.0,144.0,3.0,0.0,65535.0,61440.0,26112.0,0.0,4096.0,4194304.0,4096.0,512.0,106496.0,1024.0,92955.0,4096.0,1048576.0,61269.0,4096.0,61440.0,1024.0,14862.0,65536.0,15360.0,62464.0,345.0,0.0,0.0,0.0,0.0,12.0,9.0,140.0,0,0,0,0,0,0,1,0,0,0,0,0,1,1,0,0,0,0,0,0,0,0,0,0,0,0,1,0,0,0,0,0,0,0,0,0,1,0,0,0,0,0
36323.0,144.0,3.0,0.0,65535.0,46592.0,33792.0,0.0,4096.0,4194304.0,4096.0,512.0,94208.0,1024.0,0.0,4096.0,1048576.0,46135.0,4096.0,46592.0,1024.0,5082.0,53248.0,5120.0,47616.0,149.0,0.0,0.0,0.0,0.0,0.0,8.0,165.0,0,0,1,0,0,0,1,0,0,0,0,1,1,1,0,0,0,0,0,0,0,0,0,0,0,0,1,0,0,0,0,0,0,0,0,0,1,0,0,0,0,0
115963.0,144.0,3.0,0.0,65535.0,188416.0,184320.0,0.0,4096.0,4194304.0,4096.0,4096.0,376832.0,4096.0,379084.0,4096.0,1048576.0,186102.0,4096.0,188416.0,4096.0,155.0,8192.0,512.0,1536.0,293.0,0.0,0.0,1.0,0.0,3.0,9.0,320.0,0,0,1,0,0,0,1,0,0,0,0,1,1,1,0,0,0,0,0,0,0,0,0,0,0,0,1,0,0,0,0,0,0,0,0,0,1,0,0,0,0,0
11894.0,144.0,3.0,0.0,65535.0,4096.0,112640.0,0.0,8192.0,4194304.0,8192.0,512.0,139264.0,512.0,0.0,4096.0,1048576.0,3708.0,8192.0,4096.0,512.0,4096.0,3334144.0,512.0,3216384.0,33.0,0.0,0.0,0.0,0.0,4.0,1.0,1.0,0,0,1,0,0,0,1,0,1,0,0,1,1,1,0,0,0,0,0,0,0,0,0,0,0,0,1,0,0,0,0,0,0,0,0,0,1,0,0,0,0,0
90896.0,144.0,3.0,0.0,65535.0,26112.0,141824.0,2048.0,4096.0,4194304.0,4096.0,512.0,245760.0,1024.0,0.0,4096.0,1048576.0,25970.0,4096.0,26112.0,1024.0,5016.0,32768.0,5120.0,27136.0,58.0,0.0,0.0,0.0,0.0,0.0,0.0,0.0,0,0,1,0,0,0,1,0,0,0,0,1,1,1,0,0,0,0,0,0,0,0,0,0,0,0,1,0,0,0,0,0,0,0,0,0,1,0,0,0,0,0
2371024.0,144.0,3.0,0.0,65535.0,229376.0,16384.0,2138112.0,2142208.0,4194304.0,4096.0,512.0,2387968.0,4096.0,0.0,4096.0,1048576.0,11040.0,4096.0,11264.0,1536.0,3256.0,20480.0,3584.0,13312.0,1.0,0.0,0.0,0.0,0.0,3.0,7.0,9.0,0,0,1,0,0,0,1,0,0,0,0,0,1,0,0,0,0,0,1,0,0,0,0,0,0,0,1,0,0,0,0,0,0,0,0,0,1,0,0,0,0,0
29762.0,144.0,3.0,0.0,65535.0,73216.0,70144.0,0.0,4096.0,4194304.0,4096.0,512.0,155648.0,1024.0,183424.0,4096.0,1048576.0,72788.0,4096.0,73216.0,1024.0,479000.0,450560.0,479232.0,444928.0,5362.0,66.0,1.0,6.0,2.0,7.0,5.0,77.0,0,0,1,0,0,0,1,0,0,0,0,0,1,1,0,0,0,0,0,0,0,0,0,0,0,0,1,0,0,0,0,0,0,0,0,0,1,0,0,0,0,0
151552.0,144.0,3.0,0.0,65535.0,144384.0,179712.0,0.0,4096.0,4194304.0,4096.0,512.0,7307264.0,1024.0,4317880.0,4096.0,1048576.0,1551089.0,749568.0,1551360.0,1024.0,412898.0,2301952.0,413184.0,1552384.0,307.0,0.0,0.0,1.0,0.0,3.0,4.0,6.0,0,0,1,0,0,0,0,0,0,0,0,0,1,1,0,0,0,0,0,0,0,0,0,0,0,0,1,0,0,0,0,0,0,0,0,0,1,0,0,0,0,0
16053.0,144.0,3.0,0.0,65535.0,41984.0,6144.0,0.0,8192.0,4194304.0,8192.0,512.0,73728.0,512.0,0.0,4096.0,1048576.0,41816.0,8192.0,41984.0,512.0,27254.0,81920.0,27648.0,78848.0,1.0,0.0,0.0,0.0,0.0,5.0,0.0,0.0,0,0,1,0,0,0,1,0,1,0,0,1,1,1,0,0,0,0,0,0,0,0,0,0,0,0,1,0,0,0,0,0,0,0,0,0,1,0,0,0,0,0
51440.0,144.0,3.0,0.0,65535.0,3584.0,2048.0,0.0,8192.0,4194304.0,8192.0,512.0,32768.0,512.0,0.0,4096.0,1048576.0,3584.0,8192.0,3584.0,512.0,907580.0,163840.0,907776.0,159744.0,1379.0,31.0,0.0,0.0,0.0,2.0,0.0,0.0,0,0,0,0,0,0,1,0,1,0,0,1,1,1,0,0,0,0,0,0,0,0,0,0,0,0,1,0,0,0,0,0,0,0,0,0,1,0,0,0,0,0
163850.0,144.0,3.0,0.0,65535.0,65536.0,12861440.0,0.0,4096.0,4194304.0,8192.0,512.0,245760.0,4096.0,1296063.0,4096.0,1048576.0,228372.0,8192.0,8192.0,1024.0,207676.0,327680.0,3584.0,41984.0,45.0,3.0,2.0,0.0,0.0,11.0,1.0,0.0,0,0,1,1,0,0,1,0,0,0,0,0,0,1,0,0,0,0,1,0,0,0,0,0,0,0,1,0,0,0,0,0,0,0,0,0,1,0,0,0,0,0
5312.0,144.0,3.0,0.0,65535.0,2630656.0,4230656.0,80896.0,4096.0,4194304.0,4096.0,512.0,4337664.0,1024.0,4274080.0,4096.0,1048576.0,2630472.0,4096.0,2630656.0,1024.0,1577552.0,2641920.0,1577984.0,2632192.0,22.0,0.0,0.0,0.0,0.0,0.0,3.0,69.0,1,0,1,1,0,0,0,0,0,0,0,0,0,1,0,0,0,0,1,0,0,0,0,0,0,0,1,0,0,0,0,0,0,0,0,0,1,0,0,0,0,0
696866.0,144.0,3.0,0.0,65535.0,101376.0,89088.0,0.0,4096.0,4194304.0,4096.0,512.0,204800.0,1024.0,191368.0,4096.0,1048576.0,101021.0,4096.0,101376.0,1024.0,45572.0,106496.0,46080.0,102400.0,28.0,0.0,0.0,0.0,0.0,3.0,0.0,0.0,0,0,0,0,0,0,1,0,0,0,0,0,1,1,0,0,0,0,0,0,0,0,0,0,0,0,1,0,0,0,0,0,0,0,0,0,1,0,0,0,0,0
19402.0,80.0,2.0,0.0,65535.0,9216.0,0.0,0.0,4096.0,4194304.0,4096.0,512.0,32768.0,1024.0,0.0,4096.0,1048576.0,20480.0,4096.0,557056.0,1024.0,207676.0,376832.0,1059840.0,875008.0,0.0,0.0,0.0,0.0,0.0,12.0,1.0,21.0,0,0,0,0,0,0,1,0,0,0,0,0,1,1,0,0,0,0,0,0,0,0,0,0,0,0,1,0,0,0,0,0,0,0,0,0,1,0,0,0,0,0
9264480.0,144.0,3.0,0.0,65535.0,2531328.0,126976.0,6733824.0,6737920.0,4194304.0,4096.0,512.0,9396224.0,4096.0,2693976.0,4096.0,1048576.0,680052.0,8192.0,680448.0,512.0,3916.0,28672.0,4096.0,28672.0,0.0,0.0,0.0,0.0,0.0,5.0,33.0,38.0,0,0,1,0,0,0,0,0,0,0,0,0,1,1,0,0,0,0,0,0,0,0,0,0,0,0,1,0,0,0,0,0,0,0,0,0,1,0,0,0,0,0
6217992.0,144.0,3.0,0.0,65535.0,295424.0,162816.0,0.0,4096.0,5368709120.0,4096.0,512.0,9527296.0,1024.0,3588292.0,4096.0,2000000.0,4346588.0,4096.0,0.0,0.0,1784658.0,4354048.0,0.0,0.0,14.0,0.0,0.0,0.0,0.0,0.0,8.0,8.0,1,0,0,1,0,0,1,0,1,0,0,0,1,1,0,0,0,0,0,0,0,0,0,0,0,0,1,0,0,0,0,0,0,0,0,0,1,0,0,0,0,0
1136656.0,144.0,3.0,0.0,65535.0,1388544.0,899584.0,0.0,4096.0,4194304.0,4096.0,512.0,2297856.0,1024.0,2296455.0,4096.0,1048576.0,1388458.0,4096.0,1388544.0,1024.0,519736.0,1392640.0,520192.0,1389568.0,0.0,0.0,0.0,0.0,0.0,4.0,36.0,2031.0,0,0,1,0,0,0,1,0,0,0,0,0,1,1,0,0,0,0,0,0,0,0,0,0,0,0,1,0,0,0,0,0,0,0,0,0,1,0,0,0,0,0
4456.0,144.0,3.0,0.0,65535.0,8192.0,12288.0,0.0,4096.0,4194304.0,4096.0,4096.0,24576.0,4096.0,88797.0,4096.0,1048576.0,4904.0,4096.0,8192.0,4096.0,76154.0,225280.0,0.0,0.0,22.0,0.0,0.0,0.0,0.0,0.0,1.0,33.0,0,0,1,0,0,0,1,0,1,0,0,1,1,1,0,0,0,0,0,0,0,0,0,0,0,0,1,0,0,0,0,0,0,0,0,0,1,0,0,0,0,0
39696.0,144.0,3.0,0.0,65535.0,162816.0,148992.0,0.0,4096.0,5368709120.0,4096.0,512.0,397312.0,1024.0,6988026.0,4096.0,1048576.0,162784.0,4096.0,162816.0,1024.0,71738.0,167936.0,72192.0,163840.0,0.0,0.0,0.0,0.0,0.0,0.0,2.0,104.0,1,0,0,1,0,0,1,0,1,0,0,0,1,1,0,0,0,0,0,0,0,0,0,0,0,0,1,0,0,0,0,0,0,0,0,0,1,0,0,0,0,0
380864.0,144.0,1.0,0.0,65535.0,3993088.0,2048.0,0.0,4096.0,4194304.0,4096.0,4096.0,81920.0,4096.0,0.0,4096.0,1048576.0,657308.0,4096.0,3072.0,1024.0,231692.0,53248.0,99328.0,354816.0,0.0,2.0,0.0,0.0,0.0,5.0,2.0,0.0,0,0,1,0,0,0,1,0,1,0,0,1,1,1,0,0,0,0,0,0,0,0,0,0,0,0,1,0,0,0,0,0,0,0,0,0,1,0,0,0,0,0
5516.0,144.0,3.0,0.0,65535.0,140288.0,562176.0,0.0,4096.0,4194304.0,4096.0,4096.0,925696.0,1024.0,2270409.0,4096.0,1048576.0,251301.0,4096.0,94720.0,1024.0,15314.0,577536.0,99328.0,50176.0,897.0,0.0,0.0,0.0,0.0,0.0,0.0,18.0,0,0,0,0,0,0,1,0,0,0,0,0,1,1,0,0,0,0,0,0,0,0,0,0,0,0,1,0,0,0,0,0,0,0,0,0,1,0,0,0,0,0
4096.0,144.0,3.0,0.0,65535.0,59392.0,40960.0,0.0,4096.0,4194304.0,4096.0,512.0,114688.0,1024.0,106706.0,4096.0,1048576.0,45835.0,20480.0,46080.0,14336.0,2438.0,69632.0,2560.0,60416.0,15.0,0.0,0.0,0.0,0.0,0.0,9.0,159.0,0,0,1,0,0,0,0,0,0,0,0,0,0,1,0,0,0,0,0,0,0,0,0,0,0,0,1,0,0,0,0,0,0,0,0,0,1,0,0,0,0,0
13096.0,144.0,3.0,0.0,65535.0,25088.0,118784.0,1024.0,4096.0,4194304.0,4096.0,512.0,327680.0,1024.0,0.0,4096.0,1048576.0,24695.0,4096.0,25088.0,1024.0,4680.0,32768.0,5120.0,26112.0,1376.0,0.0,0.0,0.0,0.0,4.0,7.0,159.0,0,0,1,0,0,0,1,0,0,0,0,1,1,1,0,0,0,0,0,0,0,0,0,0,0,0,1,0,0,0,0,0,0,0,0,0,1,0,0,0,0,0
107871.0,144.0,3.0,0.0,65535.0,70656.0,12288.0,0.0,4096.0,4194304.0,8192.0,512.0,290816.0,1024.0,0.0,4096.0,1048576.0,264776.0,4096.0,192000.0,512.0,56404.0,53248.0,101376.0,1029120.0,901.0,2.0,0.0,0.0,0.0,0.0,0.0,0.0,0,0,0,0,0,0,1,0,0,0,0,1,1,1,0,0,0,0,0,0,0,0,0,0,0,0,1,0,0,0,0,0,0,0,0,0,1,0,0,0,0,0
16528.0,144.0,3.0,0.0,65535.0,28672.0,204288.0,0.0,8192.0,4194304.0,8192.0,512.0,4169728.0,512.0,0.0,4096.0,1048576.0,169096.0,4096.0,380416.0,1024.0,56636.0,163840.0,12288.0,238080.0,901.0,3.0,0.0,0.0,0.0,11.0,1.0,21.0,0,0,1,0,0,0,1,0,0,0,0,1,1,1,0,0,0,0,0,0,0,0,0,0,0,0,1,0,0,0,0,0,0,0,0,0,1,0,0,0,0,0
2230702.0,144.0,3.0,0.0,65535.0,2222592.0,126464.0,0.0,8192.0,4194304.0,8192.0,512.0,2375680.0,512.0,0.0,4096.0,1048576.0,2222516.0,8192.0,2222592.0,512.0,5028.0,32768.0,5120.0,26112.0,100.0,0.0,0.0,0.0,0.0,0.0,1.0,1.0,0,0,1,0,0,0,1,0,1,0,0,1,1,1,0,0,0,0,0,0,0,0,0,0,0,0,1,0,0,0,0,0,0,0,0,0,1,0,0,0,0,0
167228.0,144.0,3.0,0.0,65535.0,740864.0,379904.0,0.0,4096.0,5368709120.0,4096.0,512.0,1138688.0,1024.0,1128792.0,4096.0,1048576.0,740568.0,4096.0,740864.0,1024.0,322388.0,745472.0,322560.0,741888.0,0.0,0.0,0.0,0.0,0.0,0.0,6.0,191.0,1,0,0,1,0,0,1,0,1,0,0,0,1,1,0,0,0,0,0,0,0,0,0,0,0,0,1,0,0,0,0,0,0,0,0,0,1,0,0,0,0,0
4096.0,144.0,3.0,0.0,65535.0,512.0,4608.0,0.0,4096.0,4194304.0,4096.0,512.0,20480.0,1024.0,30660.0,4096.0,1048576.0,256.0,4096.0,512.0,1024.0,362.0,8192.0,512.0,1536.0,15.0,0.0,0.0,0.0,0.0,0.0,3.0,7.0,0,0,1,0,0,0,1,0,0,0,0,0,1,1,0,0,0,0,0,0,0,0,0,0,0,0,1,0,0,0,0,0,0,0,0,0,1,0,0,0,0,0
258336.0,144.0,3.0,0.0,65535.0,437248.0,487936.0,0.0,4096.0,4194304.0,4096.0,512.0,933888.0,1024.0,935226.0,4096.0,1048576.0,437094.0,4096.0,437248.0,1024.0,405338.0,442368.0,405504.0,438272.0,13.0,0.0,0.0,0.0,0.0,5.0,8.0,182.0,0,0,1,0,0,0,0,0,0,0,0,0,1,1,0,0,0,0,0,0,0,0,0,0,0,0,1,0,0,0,0,0,0,0,0,0,1,0,0,0,0,0
885667.0,144.0,3.0,0.0,65535.0,1213952.0,496640.0,0.0,4096.0,4194304.0,4096.0,512.0,1728512.0,1024.0,1756078.0,4096.0,1048576.0,1213887.0,4096.0,1213952.0,1024.0,312172.0,1220608.0,312320.0,1214976.0,27647.0,189.0,2.0,38.0,9.0,85.0,21.0,455.0,0,0,1,0,0,0,1,0,0,0,0,0,1,1,0,0,0,0,0,0,0,0,0,0,0,0,1,0,0,0,0,0,0,0,0,0,1,0,0,0,0,0
8892.0,144.0,3.0,0.0,65535.0,134656.0,0.0,0.0,4096.0,4194304.0,4096.0,512.0,3014656.0,1024.0,0.0,4096.0,1048576.0,5299972.0,4096.0,62464.0,512.0,24.0,36864.0,512.0,605696.0,746.0,0.0,0.0,0.0,0.0,12.0,17.0,0.0,0,0,1,0,0,0,1,0,0,0,0,0,1,1,0,0,0,0,0,0,0,0,0,0,0,0,1,0,0,0,0,0,0,0,0,0,1,0,0,0,0,0
163850.0,144.0,3.0,0.0,65535.0,28672.0,12288.0,0.0,8192.0,4194304.0,8192.0,512.0,4169728.0,1024.0,0.0,4096.0,1048576.0,1161939.0,20480.0,94720.0,512.0,56404.0,53248.0,4096.0,37888.0,816.0,2.0,2.0,0.0,0.0,10.0,2.0,17.0,0,0,1,0,0,0,1,0,1,0,0,1,1,1,0,0,0,0,0,0,0,0,0,0,0,0,1,0,0,0,0,0,0,0,0,0,1,0,0,0,0,0
2331211.0,144.0,3.0,0.0,65535.0,3995648.0,1793024.0,0.0,4096.0,4194304.0,4096.0,512.0,5808128.0,1024.0,0.0,4096.0,1048576.0,3995326.0,4096.0,3995648.0,1024.0,1003096.0,4001792.0,1003520.0,3996672.0,74.0,24.0,10.0,0.0,0.0,0.0,39.0,2028.0,0,0,1,0,0,0,1,0,0,0,0,0,1,1,0,0,0,0,0,0,0,0,0,0,0,0,1,0,0,0,0,0,0,0,0,0,1,0,0,0,0,0
4504784.0,80.0,2.0,15.0,65535.0,253952.0,106496.0,585728.0,589824.0,4194304.0,4096.0,512.0,4521984.0,1024.0,0.0,16384.0,1048576.0,498422.0,4096.0,498688.0,1024.0,130906.0,503808.0,131072.0,499712.0,0.0,0.0,0.0,0.0,0.0,0.0,21.0,24.0,0,0,1,0,0,0,1,0,0,0,0,0,1,1,0,0,0,0,0,0,0,0,0,0,0,0,1,0,0,0,0,0,0,0,0,0,1,0,0,0,0,0
743328.0,80.0,2.0,15.0,65535.0,303104.0,69632.0,438272.0,442368.0,4194304.0,4096.0,512.0,815104.0,4096.0,433709.0,16384.0,1048576.0,208716.0,4096.0,208896.0,1024.0,84380.0,233472.0,0.0,0.0,19.0,0.0,0.0,0.0,0.0,0.0,7.0,12.0,0,0,1,0,0,0,0,0,0,0,0,0,0,1,0,0,0,0,0,0,0,0,0,0,0,0,1,0,0,0,0,0,0,0,0,0,1,0,0,0,0,0
0.0,144.0,3.0,0.0,65535.0,5120.0,3584.0,0.0,8192.0,5368709120.0,8192.0,512.0,24576.0,512.0,27866.0,16384.0,1048576.0,4672.0,8192.0,5120.0,512.0,1828222.0,552960.0,1830912.0,552960.0,0.0,0.0,0.0,0.0,0.0,0.0,0.0,0.0,1,0,1,1,0,0,1,0,1,0,0,1,1,1,0,0,0,0,0,0,0,0,0,0,0,0,1,0,0,0,0,0,0,0,0,0,1,0,0,0,0,0
8716.0,144.0,3.0,0.0,65535.0,8192.0,10240.0,0.0,4096.0,4194304.0,4096.0,512.0,36864.0,1024.0,0.0,4096.0,1048576.0,8030.0,4096.0,8192.0,1024.0,5012.0,12288.0,5120.0,9216.0,0.0,0.0,0.0,0.0,0.0,0.0,10.0,69.0,0,0,1,0,0,0,1,0,0,0,0,0,1,1,0,0,0,0,0,0,0,0,0,0,0,0,1,0,0,0,0,0,0,0,0,0,1,0,0,0,0,0
4096.0,144.0,3.0,0.0,65535.0,29696.0,378368.0,0.0,4096.0,4194304.0,4096.0,512.0,421888.0,1024.0,0.0,4096.0,1048576.0,22967.0,12288.0,23040.0,7680.0,1298.0,36864.0,1536.0,30720.0,22.0,0.0,0.0,0.0,0.0,0.0,8.0,132.0,0,0,0,0,0,0,1,0,0,0,0,0,1,1,0,0,0,0,0,0,0,0,0,0,0,0,1,0,0,0,0,0,0,0,0,0,1,0,0,0,0,0
8173175.0,64.0,1.0,0.0,65535.0,4147712.0,3680256.0,0.0,4096.0,4194304.0,4096.0,512.0,8228864.0,512.0,1925995.0,53248.0,1048576.0,3820216.0,4096.0,3820544.0,1024.0,1886696.0,3829760.0,1886720.0,3825664.0,0.0,0.0,0.0,0.0,0.0,0.0,21.0,22.0,0,0,1,0,0,0,0,0,0,0,0,0,1,1,0,0,0,0,1,0,0,0,0,0,0,0,1,0,0,0,0,0,0,0,0,0,1,0,0,0,0,0
1396736.0,144.0,3.0,0.0,65535.0,81920.0,40960.0,303104.0,307200.0,4194304.0,4096.0,512.0,1404928.0,1024.0,468181.0,4096.0,1048576.0,571752.0,4096.0,571904.0,1024.0,41436.0,581632.0,41472.0,573440.0,92.0,2.0,0.0,0.0,0.0,4.0,1.0,22.0,0,0,1,0,0,0,1,0,0,0,0,1,1,1,0,0,0,0,1,0,0,0,0,0,0,0,1,0,0,0,0,0,0,0,0,0,1,0,0,0,0,0
5931272.0,144.0,3.0,0.0,65535.0,86016.0,83968.0,0.0,4096.0,5368709120.0,4096.0,512.0,9261056.0,1024.0,434239152.0,4096.0,1048576.0,2369531.0,4096.0,2369536.0,1024.0,5880946.0,2375680.0,5881344.0,2370560.0,0.0,0.0,0.0,0.0,0.0,0.0,5.0,5.0,1,0,1,1,0,0,1,0,1,0,0,0,0,1,0,0,0,0,0,0,0,0,0,0,0,0,1,0,0,0,0,0,0,0,0,0,1,0,0,0,0,0
80350.0,144.0,3.0,0.0,65535.0,79872.0,565760.0,0.0,4096.0,4194304.0,4096.0,4096.0,663552.0,4096.0,0.0,4096.0,1048576.0,79605.0,4096.0,79605.0,4096.0,16480.0,86016.0,16480.0,86016.0,286.0,0.0,0.0,0.0,0.0,0.0,4.0,19.0,0,0,1,0,0,0,0,0,0,0,0,0,0,1,0,0,0,0,0,0,0,0,0,0,0,0,1,0,0,0,0,0,0,0,0,0,1,0,0,0,0,0
9976.0,144.0,3.0,0.0,65535.0,12800.0,670720.0,0.0,4096.0,4194304.0,4096.0,512.0,700416.0,1024.0,245335.0,4096.0,1048576.0,12685.0,4096.0,12800.0,1024.0,5398.0,20480.0,5632.0,13824.0,1.0,0.0,0.0,0.0,0.0,5.0,3.0,50.0,0,0,1,0,0,0,1,0,0,0,0,0,1,1,0,0,0,0,0,0,0,0,0,0,0,0,1,0,0,0,0,0,0,0,0,0,1,0,0,0,0,0
30540.0,144.0,3.0,0.0,65535.0,28672.0,147456.0,0.0,4096.0,4194304.0,4096.0,4096.0,180224.0,4096.0,188607.0,4096.0,1048576.0,26962.0,4096.0,28672.0,4096.0,77032.0,212992.0,77312.0,207360.0,14.0,0.0,0.0,0.0,0.0,0.0,6.0,57.0,0,0,1,0,0,0,1,0,0,0,0,0,1,1,0,0,0,0,0,0,0,0,0,0,0,0,1,0,0,0,0,0,0,0,0,0,1,0,0,0,0,0
7604.0,144.0,3.0,0.0,65535.0,6656.0,110080.0,0.0,4096.0,4194304.0,4096.0,512.0,131072.0,1024.0,0.0,4096.0,1048576.0,6507.0,4096.0,6656.0,1024.0,3958.0,12288.0,4096.0,7680.0,4.0,0.0,0.0,0.0,0.0,0.0,10.0,60.0,0,0,1,0,0,0,1,0,0,0,0,0,1,1,0,0,0,0,0,0,0,0,0,0,0,0,1,0,0,0,0,0,0,0,0,0,1,0,0,0,0,0
237807.0,144.0,3.0,0.0,65535.0,557056.0,188416.0,0.0,4096.0,4194304.0,4096.0,512.0,761856.0,1024.0,781307.0,4096.0,1048576.0,556695.0,4096.0,557056.0,1024.0,115108.0,561152.0,115200.0,558080.0,12.0,0.0,0.0,0.0,0.0,0.0,2.0,91.0,0,0,0,0,0,0,1,0,0,0,0,0,1,1,0,0,0,0,0,0,0,0,0,0,0,0,1,0,0,0,0,0,0,0,0,0,1,0,0,0,0,0
23959.0,144.0,0.0,0.0,65535.0,292864.0,399360.0,28510.0,4096.0,4194304.0,4096.0,512.0,729088.0,1536.0,0.0,4096.0,1048576.0,292661.0,4096.0,292864.0,1536.0,61956.0,499712.0,62464.0,496128.0,2.0,0.0,0.0,0.0,0.0,5.0,0.0,0.0,0,0,1,0,0,0,1,0,0,0,0,0,0,1,0,0,0,0,0,0,0,0,0,0,0,0,1,0,0,0,0,0,0,0,0,0,1,0,0,0,0,0
4532.0,144.0,3.0,0.0,65535.0,91648.0,512.0,0.0,4096.0,4194304.0,4096.0,512.0,106496.0,1024.0,94332.0,4096.0,1048576.0,91404.0,4096.0,91648.0,1024.0,212334.0,1994752.0,212480.0,1344000.0,14.0,0.0,0.0,0.0,0.0,0.0,1.0,43.0,0,0,1,0,0,0,1,0,0,0,0,0,1,1,0,0,0,0,0,0,0,0,0,0,0,0,1,0,0,0,0,0,0,0,0,0,1,0,0,0,0,0
23998.0,144.0,3.0,0.0,65535.0,15872.0,512.0,0.0,8192.0,4194304.0,8192.0,512.0,32768.0,512.0,0.0,4096.0,1048576.0,15812.0,8192.0,15872.0,512.0,71738.0,167936.0,72192.0,163840.0,353.0,0.0,0.0,0.0,0.0,0.0,1.0,1.0,0,0,1,0,0,0,1,0,0,0,0,1,1,1,0,0,0,0,0,0,0,0,0,0,0,0,1,0,0,0,0,0,0,0,0,0,1,0,0,0,0,0
9566.0,144.0,3.0,0.0,65535.0,1536.0,1536.0,0.0,8192.0,4194304.0,8192.0,512.0,32768.0,512.0,0.0,4096.0,1048576.0,1380.0,8192.0,1536.0,512.0,1913.0,16384.0,2048.0,9728.0,178.0,0.0,0.0,0.0,0.0,0.0,1.0,1.0,0,0,1,0,0,0,1,0,0,0,0,1,1,1,0,0,0,0,0,0,0,0,0,0,0,0,1,0,0,0,0,0,0,0,0,0,1,0,0,0,0,0
8184.0,144.0,3.0,0.0,65535.0,81920.0,49152.0,0.0,4096.0,4194304.0,4096.0,4096.0,135168.0,4096.0,177031.0,4096.0,1048576.0,79782.0,4096.0,81920.0,4096.0,15534.0,86016.0,16384.0,86016.0,6.0,0.0,0.0,0.0,0.0,0.0,8.0,250.0,0,0,1,0,0,0,1,0,1,0,0,0,1,1,0,0,0,0,0,0,0,0,0,0,0,0,1,0,0,0,0,0,0,0,0,0,1,0,0,0,0,0
17653936.0,144.0,3.0,0.0,65535.0,6694912.0,3147264.0,0.0,4096.0,4194304.0,4096.0,512.0,25818112.0,1024.0,8212934.0,4096.0,1048576.0,735796.0,8192.0,736256.0,512.0,21028.0,40960.0,21504.0,31744.0,104.0,0.0,0.0,0.0,0.0,0.0,2.0,2.0,0,0,1,0,0,0,0,0,0,0,0,0,0,1,0,0,0,0,0,0,0,0,0,0,0,0,1,0,0,0,0,0,0,0,0,0,1,0,0,0,0,0
587912.0,80.0,2.0,15.0,65535.0,586752.0,185856.0,0.0,4096.0,4194304.0,4096.0,512.0,827392.0,1024.0,818931.0,16384.0,1048576.0,579824.0,4096.0,580096.0,1024.0,24.0,667648.0,512.0,620544.0,157.0,0.0,0.0,0.0,0.0,723.0,22.0,221.0,0,0,1,0,0,0,1,0,0,0,0,1,1,1,0,0,0,0,0,0,0,0,0,0,0,0,1,0,0,0,0,0,0,0,0,0,1,0,0,0,0,0
9607.0,144.0,3.0,0.0,65535.0,59904.0,54272.0,0.0,4096.0,4194304.0,4096.0,512.0,126976.0,1024.0,0.0,4096.0,1048576.0,59412.0,4096.0,59904.0,1024.0,20282.0,65536.0,20480.0,60928.0,0.0,0.0,0.0,0.0,0.0,0.0,4.0,118.0,0,0,1,0,0,0,1,0,0,0,0,0,1,1,0,0,0,0,0,0,0,0,0,0,0,0,1,0,0,0,0,0,0,0,0,0,1,0,0,0,0,0
23527.0,144.0,3.0,0.0,65535.0,47616.0,27136.0,0.0,4096.0,4194304.0,4096.0,512.0,102400.0,1024.0,84110.0,4096.0,1048576.0,47518.0,4096.0,47616.0,1024.0,14120.0,53248.0,14336.0,48640.0,14.0,0.0,0.0,0.0,0.0,0.0,5.0,117.0,0,0,0,0,0,0,1,0,0,0,0,0,1,1,0,0,0,0,0,0,0,0,0,0,0,0,1,0,0,0,0,0,0,0,0,0,1,0,0,0,0,0
836944.0,144.0,3.0,0.0,65535.0,904704.0,313856.0,0.0,4096.0,5368709120.0,4096.0,512.0,1261568.0,1024.0,0.0,4096.0,1048576.0,904198.0,4096.0,904704.0,1024.0,200326.0,909312.0,200704.0,905728.0,0.0,0.0,0.0,0.0,0.0,0.0,14.0,457.0,1,0,1,1,0,0,1,0,0,0,0,1,1,1,0,0,0,0,0,0,0,0,0,0,0,0,1,0,0,0,0,0,0,0,0,0,1,0,0,0,0,0
58750.0,144.0,3.0,0.0,65535.0,50688.0,2048.0,0.0,8192.0,4194304.0,8192.0,512.0,81920.0,512.0,0.0,4096.0,1048576.0,50564.0,8192.0,50688.0,512.0,4726.0,32768.0,5120.0,26624.0,56.0,0.0,0.0,0.0,0.0,0.0,1.0,1.0,0,0,0,0,0,0,1,0,0,0,0,1,1,1,0,0,0,0,0,0,0,0,0,0,0,0,1,0,0,0,0,0,0,0,0,0,1,0,0,0,0,0
449998.0,144.0,3.0,0.0,65535.0,441856.0,225280.0,0.0,8192.0,4194304.0,8192.0,512.0,696320.0,1024.0,0.0,4096.0,1048576.0,441812.0,8192.0,441856.0,1024.0,60128.0,192512.0,60416.0,188928.0,28.0,0.0,0.0,0.0,0.0,2.0,1.0,1.0,0,0,1,0,0,0,1,0,0,0,0,1,1,1,0,0,0,0,0,0,0,0,0,0,0,0,1,0,0,0,0,0,0,0,0,0,1,0,0,0,0,0
499354.0,144.0,3.0,0.0,65535.0,19216896.0,331264.0,0.0,4096.0,4194304.0,4096.0,512.0,1499136.0,1024.0,0.0,4096.0,1048576.0,47292.0,4096.0,380416.0,512.0,221704.0,135168.0,18432.0,521216.0,902.0,3.0,0.0,0.0,0.0,10.0,0.0,202.0,0,0,1,0,0,0,1,0,0,0,0,1,1,1,0,0,0,0,0,0,0,0,0,0,0,0,1,0,0,0,0,0,0,0,0,0,1,0,0,0,0,0
9834584.0,144.0,3.0,0.0,65535.0,158208.0,1541632.0,0.0,4096.0,5368709120.0,4096.0,512.0,14508032.0,1024.0,6051912.0,4096.0,1048576.0,1898724.0,8192.0,1899008.0,512.0,42966.0,69632.0,43008.0,65024.0,0.0,0.0,0.0,0.0,0.0,0.0,15.0,15.0,1,0,1,1,0,0,1,0,1,0,0,0,0,1,0,0,0,0,0,0,0,0,0,0,0,0,1,0,0,0,0,0,0,0,0,0,1,0,0,0,0,0
414816.0,144.0,3.0,0.0,65535.0,5238272.0,300544.0,0.0,4096.0,4194304.0,4096.0,512.0,14880768.0,1536.0,0.0,4096.0,1048576.0,5238250.0,4096.0,5238272.0,1536.0,4633232.0,5242880.0,4633600.0,5239808.0,0.0,0.0,0.0,0.0,0.0,0.0,1.0,39.0,1,0,0,1,0,0,1,0,1,0,0,0,1,1,0,0,0,0,0,0,0,0,0,0,0,0,1,0,0,0,0,0,0,0,0,0,1,0,0,0,0,0
672592.0,144.0,3.0,0.0,65535.0,663552.0,18432.0,0.0,8192.0,4194304.0,8192.0,512.0,786432.0,4096.0,0.0,4096.0,1048576.0,6524.0,20480.0,8218112.0,512.0,24.0,36864.0,512.0,37888.0,5290.0,0.0,1.0,0.0,0.0,21.0,2.0,21.0,0,0,1,0,0,0,1,0,0,0,0,0,1,1,0,0,0,0,0,0,0,0,0,0,0,0,1,0,0,0,0,0,0,0,0,0,1,0,0,0,0,0
216644.0,144.0,3.0,0.0,65535.0,2473984.0,39936.0,0.0,4096.0,4194304.0,4096.0,512.0,5820416.0,1024.0,0.0,4096.0,1048576.0,118004.0,8192.0,94720.0,4096.0,6490.0,299008.0,59904.0,50176.0,276.0,1.0,2.0,0.0,0.0,0.0,0.0,0.0,0,0,0,0,0,0,1,0,0,0,0,1,1,1,0,0,0,0,0,0,0,0,0,0,0,0,1,0,0,0,0,0,0,0,0,0,1,0,0,0,0,0
4864.0,144.0,3.0,0.0,65535.0,11776.0,26624.0,512.0,4096.0,4194304.0,4096.0,512.0,53248.0,1024.0,61350.0,4096.0,1048576.0,11332.0,4096.0,11776.0,1024.0,760.0,28672.0,1024.0,21504.0,12.0,0.0,0.0,0.0,0.0,0.0,0.0,0.0,0,0,1,0,0,0,1,0,0,0,0,1,1,1,0,0,0,0,1,0,0,0,0,0,0,0,1,0,0,0,0,0,0,0,0,0,1,0,0,0,0,0
2585946.0,144.0,3.0,0.0,65535.0,116736.0,43520.0,0.0,4096.0,4194304.0,4096.0,512.0,172032.0,1024.0,0.0,4096.0,1048576.0,116371.0,4096.0,116736.0,1024.0,31936.0,122880.0,32256.0,117760.0,698.0,16.0,6.0,1.0,1.0,2.0,7.0,111.0,0,0,1,0,0,0,1,0,0,0,0,0,1,1,0,0,0,0,0,0,0,0,0,0,0,0,1,0,0,0,0,0,0,0,0,0,1,0,0,0,0,0
22686.0,144.0,3.0,0.0,65535.0,14848.0,2048.0,0.0,8192.0,4194304.0,8192.0,512.0,40960.0,512.0,0.0,4096.0,1048576.0,14500.0,8192.0,14848.0,512.0,536454.0,1482752.0,536576.0,1478656.0,160.0,0.0,0.0,0.0,0.0,5.0,1.0,1.0,0,0,1,0,0,0,1,0,1,0,0,1,1,1,0,0,0,0,0,0,0,0,0,0,0,0,1,0,0,0,0,0,0,0,0,0,1,0,0,0,0,0
526927.0,144.0,3.0,0.0,65535.0,1094144.0,634368.0,0.0,4096.0,4194304.0,4096.0,512.0,2265088.0,1024.0,0.0,4096.0,1048576.0,1093752.0,520192.0,1094144.0,1024.0,151984.0,1617920.0,152064.0,1095168.0,13.0,0.0,0.0,0.0,0.0,0.0,9.0,247.0,0,0,1,0,0,0,0,0,0,0,0,0,0,1,0,0,0,0,0,0,0,0,0,0,0,0,1,0,0,0,0,0,0,0,0,0,1,0,0,0,0,0
114784.0,144.0,3.0,0.0,65535.0,69632.0,40960.0,0.0,4096.0,4194304.0,4096.0,4096.0,122880.0,4096.0,0.0,4096.0,1048576.0,68254.0,4096.0,69632.0,4096.0,32407.0,73728.0,32768.0,73728.0,1.0,0.0,0.0,0.0,0.0,5.0,1.0,2.0,0,0,1,0,0,0,1,0,0,0,0,0,1,1,0,0,0,0,0,0,0,0,0,0,0,0,1,1,0,0,0,0,0,0,0,0,1,0,0,0,1,0
9976.0,144.0,1.0,15.0,65535.0,657408.0,144896.0,0.0,4096.0,4194304.0,4096.0,512.0,6897664.0,4096.0,4413572.0,4096.0,1048576.0,21750.0,4096.0,94720.0,0.0,191016.0,327680.0,8192.0,65024.0,0.0,2.0,2.0,0.0,0.0,0.0,0.0,0.0,0,0,1,0,0,0,1,0,1,0,0,0,0,1,0,0,0,0,1,0,0,0,0,0,0,0,1,0,0,0,0,0,0,0,0,0,1,0,0,0,0,0
85984.0,144.0,3.0,0.0,65535.0,696320.0,6308352.0,0.0,4096.0,4194304.0,8192.0,512.0,1458176.0,1024.0,0.0,4096.0,1048576.0,1092848.0,4096.0,192000.0,1024.0,188022.0,135168.0,4096.0,33792.0,901.0,2.0,0.0,0.0,0.0,11.0,5.0,69.0,0,0,0,1,0,0,0,0,0,0,0,0,1,1,0,0,0,0,1,0,0,0,0,0,0,0,1,0,0,0,0,0,0,0,0,0,1,0,0,0,0,0
3831148.0,144.0,3.0,0.0,65535.0,4336128.0,4117504.0,0.0,4096.0,5368709120.0,4096.0,512.0,8474624.0,1024.0,0.0,4096.0,1048576.0,4335804.0,4096.0,4336128.0,1024.0,3523528.0,4341760.0,3523584.0,4337152.0,0.0,0.0,0.0,0.0,0.0,0.0,0.0,0.0,1,0,0,1,0,0,1,0,1,0,0,0,1,1,0,0,0,0,0,0,0,0,0,0,0,0,1,0,0,0,0,0,0,0,0,0,1,0,0,0,0,0
659228.0,80.0,2.0,15.0,65535.0,655360.0,308224.0,0.0,4096.0,4194304.0,4096.0,512.0,987136.0,1024.0,1018132.0,16384.0,1048576.0,37704.0,4096.0,40960.0,4096.0,24.0,692224.0,512.0,675840.0,15.0,0.0,0.0,0.0,0.0,5.0,12.0,174.0,0,0,1,0,0,0,1,0,1,0,0,1,1,1,0,0,0,0,0,0,0,0,0,0,0,0,1,0,0,0,0,0,0,0,0,0,1,0,0,0,0,0
4096.0,144.0,3.0,0.0,65535.0,12800.0,76288.0,0.0,4096.0,4194304.0,4096.0,512.0,102400.0,1024.0,64095.0,4096.0,1048576.0,12714.0,4096.0,12800.0,1024.0,1032.0,20480.0,1536.0,13824.0,122.0,0.0,0.0,0.0,0.0,4.0,3.0,37.0,0,0,1,0,0,0,1,0,1,0,0,1,1,1,0,0,0,0,0,0,0,0,0,0,0,0,1,0,0,0,0,0,0,0,0,0,1,0,0,0,0,0
143872.0,80.0,3.0,0.0,65535.0,37376.0,6308352.0,0.0,8192.0,4194304.0,4096.0,512.0,786432.0,1024.0,0.0,4096.0,1048576.0,5940.0,8192.0,25600.0,4096.0,59886.0,299008.0,4096.0,521216.0,6564.0,2.0,2.0,0.0,0.0,9.0,1.0,58.0,0,0,0,0,0,0,1,0,0,0,0,0,0,1,0,0,0,0,0,0,0,0,0,0,0,0,1,0,0,0,0,0,0,0,0,0,1,0,0,0,0,0
132931.0,144.0,3.0,0.0,65535.0,221696.0,88064.0,0.0,4096.0,4194304.0,4096.0,512.0,331776.0,1024.0,2594928.0,4096.0,1048576.0,221676.0,4096.0,221696.0,1024.0,40462.0,229376.0,40960.0,222720.0,0.0,0.0,0.0,0.0,0.0,0.0,0.0,0.0,0,0,1,0,0,0,1,0,0,0,0,0,1,1,0,0,0,0,0,0,0,0,0,0,0,0,1,0,0,0,0,0,0,0,0,0,1,0,0,0,0,0
7867358.0,144.0,3.0,0.0,65535.0,7859200.0,21504.0,0.0,8192.0,4194304.0,8192.0,512.0,7905280.0,512.0,0.0,4096.0,1048576.0,7859172.0,8192.0,7859200.0,512.0,13968.0,32768.0,14336.0,29696.0,183.0,0.0,0.0,0.0,0.0,0.0,1.0,1.0,0,0,1,0,0,0,1,0,1,0,0,1,1,1,0,0,0,0,0,0,0,0,0,0,0,0,1,0,0,0,0,0,0,0,0,0,1,0,0,0,0,0
2209216.0,144.0,3.0,0.0,65535.0,655360.0,4096.0,1552384.0,1556480.0,4194304.0,4096.0,512.0,2215936.0,4096.0,0.0,4096.0,1048576.0,37528.0,4096.0,37888.0,1024.0,79692.0,180224.0,79872.0,176640.0,0.0,0.0,0.0,0.0,0.0,0.0,1.0,4.0,1,0,0,1,0,0,1,0,1,0,0,0,1,1,0,0,0,0,0,0,0,0,0,0,0,0,1,0,0,0,0,0,0,0,0,0,1,0,0,0,0,0
10718.0,144.0,3.0,0.0,65535.0,2560.0,2048.0,0.0,8192.0,4194304.0,8192.0,512.0,32768.0,512.0,0.0,4096.0,1048576.0,2532.0,8192.0,2560.0,512.0,5600.0,12288.0,5632.0,8704.0,46.0,0.0,0.0,1.0,0.0,1.0,1.0,1.0,0,0,0,0,0,0,1,0,0,0,0,1,1,1,0,0,0,0,0,0,0,0,0,0,0,0,1,0,0,0,0,0,0,0,0,0,1,0,0,0,0,0
14478302.0,144.0,3.0,0.0,65535.0,14470144.0,180224.0,0.0,8192.0,4194304.0,8192.0,512.0,14671872.0,512.0,14714909.0,4096.0,1048576.0,14470116.0,8192.0,14470144.0,512.0,108190.0,593920.0,108544.0,590336.0,49.0,0.0,0.0,0.0,0.0,4.0,1.0,1.0,0,0,1,0,0,0,1,0,1,0,0,1,1,1,0,0,0,0,0,0,0,0,0,0,0,0,1,0,0,0,0,0,0,0,0,0,1,0,0,0,0,0
661190.0,144.0,3.0,0.0,65535.0,653312.0,2048.0,0.0,8192.0,4194304.0,8192.0,512.0,679936.0,512.0,0.0,4096.0,1048576.0,653004.0,8192.0,653312.0,512.0,6730.0,53248.0,7168.0,49152.0,46.0,0.0,0.0,0.0,0.0,2.0,1.0,1.0,0,0,1,0,0,0,1,0,0,0,0,1,1,1,0,0,0,0,0,0,0,0,0,0,0,0,1,0,0,0,0,0,0,0,0,0,1,0,0,0,0,0
13594.0,0.0,3.0,0.0,65535.0,5120.0,2048.0,0.0,8192.0,4194304.0,8192.0,512.0,81920.0,512.0,0.0,4096.0,1048576.0,684032.0,4096.0,58880.0,1536.0,535744.0,172032.0,4096.0,69632.0,5877.0,0.0,2.0,0.0,0.0,10.0,0.0,16.0,0,0,0,0,0,0,1,0,0,0,0,1,1,1,0,0,0,0,0,0,0,0,0,0,0,0,1,0,0,0,0,0,0,0,0,0,1,0,0,0,0,0
0.0,144.0,3.0,0.0,65535.0,419328.0,571904.0,0.0,8192.0,5368709120.0,8192.0,512.0,4087808.0,1024.0,2599645.0,16384.0,1048576.0,419136.0,8192.0,0.0,0.0,628.0,8192.0,1024.0,2048.0,0.0,0.0,0.0,0.0,0.0,0.0,0.0,0.0,1,0,1,1,0,0,1,0,0,0,0,1,1,1,0,0,0,0,0,0,0,0,0,0,0,0,1,0,0,0,0,0,0,0,0,0,1,0,0,0,0,0
672592.0,144.0,3.0,0.0,65535.0,28672.0,2048.0,0.0,8192.0,4194304.0,8192.0,512.0,65536.0,1024.0,0.0,4096.0,1048576.0,416996.0,4096.0,728064.0,512.0,56636.0,36864.0,512.0,521216.0,503.0,0.0,0.0,0.0,0.0,11.0,1.0,18.0,0,0,0,0,0,0,1,0,1,0,0,1,1,1,0,0,0,0,0,0,0,0,0,0,0,0,1,0,0,0,0,0,0,0,0,0,1,0,0,0,0,0
5304480.0,120.0,1.0,0.0,0.0,2723840.0,36864.0,2580480.0,2584576.0,4194304.0,4096.0,512.0,5345280.0,512.0,2793348.0,4096.0,1048576.0,355036.0,4096.0,355328.0,1024.0,102508.0,360448.0,102912.0,356352.0,4.0,0.0,0.0,0.0,0.0,5.0,3.0,6.0,0,0,1,0,0,0,1,0,0,0,0,0,1,1,0,0,0,0,0,0,0,0,0,0,0,0,1,0,0,0,0,0,0,0,0,0,1,0,0,0,0,0
1282048.0,5602.0,59415.0,26531.0,10120.0,182784.0,1074176.0,0.0,8192.0,4194304.0,4096.0,512.0,1388544.0,1024.0,1575274.0,4096.0,1048576.0,153348.0,4096.0,153600.0,1024.0,106496.0,1282048.0,105297.0,1075712.0,0.0,0.0,0.0,0.0,0.0,0.0,0.0,0.0,0,0,1,0,0,0,1,0,0,0,0,0,1,1,0,0,0,0,0,0,0,0,0,0,0,0,1,0,0,0,0,0,0,0,0,0,1,0,1,0,1,0
45517.0,144.0,3.0,0.0,65535.0,126976.0,49664.0,0.0,4096.0,4194304.0,4096.0,512.0,1597440.0,1024.0,0.0,4096.0,1048576.0,1060278.0,8192.0,10295808.0,1024.0,25022.0,4599808.0,3584.0,922112.0,755.0,0.0,0.0,0.0,0.0,0.0,0.0,0.0,0,0,0,1,0,0,1,0,0,0,0,0,1,1,0,0,0,0,0,0,0,0,0,0,0,0,1,0,0,0,0,0,0,0,0,0,1,0,0,0,0,0
117429.0,144.0,3.0,0.0,65535.0,188416.0,196096.0,0.0,4096.0,4194304.0,4096.0,512.0,397312.0,1024.0,0.0,4096.0,1048576.0,188392.0,4096.0,188416.0,1024.0,39376.0,192512.0,39424.0,189440.0,598.0,38.0,6.0,0.0,0.0,0.0,2.0,135.0,0,0,1,0,0,0,1,0,0,0,0,0,1,1,0,0,0,0,0,0,0,0,0,0,0,0,1,0,0,0,0,0,0,0,0,0,1,0,0,0,0,0
587912.0,80.0,2.0,15.0,65535.0,586752.0,86016.0,0.0,4096.0,4194304.0,4096.0,512.0,729088.0,1024.0,0.0,16384.0,1048576.0,579824.0,4096.0,580096.0,1024.0,24.0,667648.0,512.0,620544.0,214.0,0.0,0.0,0.0,0.0,12.0,22.0,221.0,0,0,1,0,0,0,1,0,1,0,0,0,1,1,0,0,0,0,0,0,0,0,0,0,0,0,1,0,0,0,0,0,0,0,0,0,1,0,0,0,0,0
816558.0,144.0,3.0,0.0,65535.0,808448.0,149504.0,0.0,8192.0,4194304.0,8192.0,512.0,983040.0,512.0,0.0,4096.0,1048576.0,808372.0,8192.0,808448.0,512.0,412.0,8192.0,512.0,2560.0,186.0,8.0,0.0,0.0,0.0,0.0,1.0,1.0,0,0,1,0,0,0,1,0,1,0,0,1,1,1,0,0,0,0,0,0,0,0,0,0,0,0,1,0,0,0,0,0,0,0,0,0,1,0,0,0,0,0
13594.0,144.0,3.0,0.0,65535.0,9216.0,2048.0,0.0,8192.0,4194304.0,4096.0,512.0,155648.0,4096.0,0.0,4096.0,1048576.0,29962.0,4096.0,70144.0,512.0,1639346.0,163840.0,4096.0,521216.0,0.0,2.0,2.0,0.0,0.0,12.0,4.0,0.0,0,0,1,0,0,0,1,0,0,0,0,1,1,1,0,0,0,0,0,0,0,0,0,0,0,0,1,0,0,0,0,0,0,0,0,0,1,0,0,0,0,0
7700.0,144.0,3.0,0.0,65535.0,51200.0,35328.0,0.0,4096.0,4194304.0,4096.0,512.0,102400.0,1024.0,0.0,4096.0,1048576.0,51040.0,4096.0,51200.0,1024.0,24774.0,57344.0,25088.0,52224.0,274.0,0.0,0.0,0.0,1.0,1.0,2.0,72.0,0,0,1,0,0,0,1,0,0,0,0,0,1,1,0,0,0,0,0,0,0,0,0,0,0,0,1,0,0,0,0,0,0,0,0,0,1,0,0,0,0,0
11099.0,144.0,3.0,0.0,65535.0,18432.0,11264.0,0.0,4096.0,4194304.0,4096.0,512.0,40960.0,4096.0,0.0,4096.0,1048576.0,18042.0,4096.0,18432.0,1024.0,3074.0,24576.0,3584.0,19456.0,1.0,0.0,0.0,0.0,0.0,0.0,4.0,0.0,0,0,1,0,0,0,0,0,0,0,0,1,0,0,0,0,0,0,0,0,0,0,0,0,0,0,1,0,0,0,0,0,0,0,0,0,1,0,0,0,0,0
12557.0,144.0,3.0,0.0,65535.0,3348992.0,29184.0,0.0,4096.0,4194304.0,8192.0,512.0,3383296.0,1024.0,1296063.0,4096.0,1048576.0,106693.0,8192.0,94720.0,4096.0,55262.0,2396160.0,181248.0,21504.0,0.0,1.0,0.0,0.0,0.0,10.0,4.0,220.0,0,0,0,1,0,0,1,0,0,0,0,1,1,1,0,0,0,0,0,0,0,0,0,0,0,0,1,0,0,0,0,0,0,0,0,0,1,0,0,0,0,0
197736.0,144.0,3.0,0.0,65535.0,189952.0,164864.0,0.0,8192.0,4194304.0,8192.0,512.0,385024.0,512.0,0.0,4096.0,1048576.0,189550.0,8192.0,189952.0,512.0,3630.0,8192.0,4096.0,4608.0,210.0,0.0,0.0,0.0,0.0,0.0,1.0,1.0,0,0,1,0,0,0,1,0,0,0,0,1,1,1,0,0,0,0,0,0,0,0,0,0,0,0,1,0,0,0,0,0,0,0,0,0,1,0,0,0,0,0
163850.0,144.0,3.0,0.0,65535.0,2772992.0,375808.0,0.0,8192.0,4194304.0,8192.0,512.0,380928.0,4096.0,0.0,4096.0,1048576.0,707984.0,4096.0,35840.0,1024.0,8600.0,172032.0,512.0,935424.0,863.0,0.0,2.0,0.0,0.0,0.0,1.0,0.0,0,0,0,0,0,0,1,0,0,0,0,0,1,1,0,0,0,0,0,0,0,0,0,0,0,0,1,0,0,0,0,0,0,0,0,0,1,0,0,0,0,0
407360.0,144.0,3.0,0.0,65535.0,583168.0,3584.0,0.0,4096.0,4194304.0,8192.0,512.0,925696.0,512.0,0.0,4096.0,1048576.0,134496.0,4096.0,2055680.0,1024.0,780.0,53248.0,4096.0,50176.0,435.0,0.0,0.0,0.0,0.0,0.0,0.0,0.0,0,0,0,1,0,0,1,0,0,0,0,1,1,1,0,0,0,0,0,0,0,0,0,0,0,0,1,1,0,0,0,0,0,0,0,0,1,0,0,0,0,0
43376.0,144.0,3.0,0.0,65535.0,180736.0,132096.0,0.0,4096.0,5368709120.0,4096.0,512.0,331776.0,1024.0,393091.0,4096.0,1048576.0,180452.0,4096.0,180736.0,1024.0,102035.0,188416.0,102400.0,181760.0,0.0,0.0,0.0,0.0,0.0,0.0,17.0,370.0,1,0,1,1,0,0,1,0,1,0,0,0,1,1,0,0,0,0,0,0,0,0,0,0,0,0,1,0,0,0,0,0,0,0,0,0,1,0,0,0,0,0
5520.0,144.0,3.0,0.0,65535.0,24064.0,120320.0,1024.0,4096.0,4194304.0,4096.0,512.0,258048.0,1024.0,1338175.0,4096.0,1048576.0,23668.0,4096.0,24064.0,1024.0,4502.0,28672.0,4608.0,25088.0,2015.0,20.0,1.0,52.0,3.0,36.0,0.0,0.0,0,0,1,0,0,0,0,0,0,0,0,0,0,1,0,0,0,0,0,0,0,0,0,0,0,0,1,0,0,0,0,0,0,0,0,0,1,0,0,0,0,0
611594.0,144.0,3.0,0.0,65535.0,603648.0,8704.0,0.0,8192.0,4194304.0,8192.0,512.0,630784.0,512.0,0.0,4096.0,1048576.0,603408.0,8192.0,603648.0,512.0,68056.0,1277952.0,68096.0,1268224.0,59.0,8.0,0.0,0.0,0.0,2.0,1.0,1.0,0,0,1,0,0,0,1,0,0,0,0,1,1,1,0,0,0,0,0,0,0,0,0,0,0,0,1,0,0,0,0,0,0,0,0,0,1,0,0,0,0,0
1747886.0,144.0,3.0,0.0,65535.0,1739776.0,19968.0,0.0,8192.0,4194304.0,8192.0,512.0,1785856.0,512.0,1816954.0,4096.0,1048576.0,1739700.0,8192.0,1739776.0,512.0,1136452.0,1822720.0,1138688.0,1818624.0,170.0,1.0,0.0,0.0,0.0,0.0,1.0,1.0,0,0,1,0,0,0,1,0,1,0,0,1,1,1,0,0,0,0,0,0,0,0,0,0,0,0,1,0,0,0,0,0,0,0,0,0,1,0,0,0,0,0
52527.0,144.0,3.0,0.0,65535.0,104448.0,73728.0,0.0,4096.0,4194304.0,4096.0,512.0,196608.0,1024.0,146427.0,4096.0,1048576.0,104216.0,4096.0,104448.0,1024.0,28084.0,110592.0,28160.0,105472.0,100.0,0.0,0.0,0.0,0.0,0.0,3.0,94.0,0,0,1,0,0,0,0,0,0,0,0,0,0,1,0,0,0,0,0,0,0,0,0,0,0,0,1,0,0,0,0,0,0,0,0,0,1,0,0,0,0,0
542894.0,144.0,3.0,0.0,65535.0,535040.0,105472.0,0.0,8192.0,4194304.0,8192.0,512.0,671744.0,1024.0,0.0,4096.0,1048576.0,534708.0,8192.0,535040.0,1024.0,26928.0,73728.0,27136.0,69120.0,62.0,0.0,0.0,0.0,0.0,0.0,1.0,1.0,0,0,1,0,0,0,1,0,1,0,0,1,1,1,0,0,0,0,0,0,0,0,0,0,0,0,1,0,0,0,0,0,0,0,0,0,1,0,0,0,0,0
407360.0,144.0,3.0,0.0,65535.0,1319424.0,226816.0,0.0,4096.0,4194304.0,4096.0,512.0,4730880.0,1536.0,0.0,4096.0,1048576.0,1319301.0,4096.0,1319424.0,1536.0,1340104.0,1327104.0,1340416.0,1320960.0,0.0,0.0,0.0,0.0,0.0,0.0,1.0,40.0,1,0,0,1,0,0,1,0,1,0,0,0,1,1,0,0,0,0,0,0,0,0,0,0,0,0,1,0,0,0,0,0,0,0,0,0,1,0,0,0,0,0
5392844.0,144.0,3.0,0.0,65535.0,2863616.0,2495488.0,0.0,4096.0,5368709120.0,4096.0,512.0,5394432.0,1024.0,3383993.0,4096.0,1048576.0,2532.0,4096.0,2560.0,1024.0,152.0,12288.0,512.0,4096.0,0.0,0.0,0.0,0.0,0.0,0.0,1.0,1.0,1,0,1,1,0,0,0,0,1,0,0,0,1,1,0,0,0,0,1,0,0,0,0,0,0,0,1,0,0,0,0,0,0,0,0,0,1,0,0,0,0,0
4566784.0,144.0,3.0,0.0,65535.0,1241088.0,122880.0,3325952.0,3330048.0,4194304.0,4096.0,512.0,4694016.0,4096.0,0.0,4096.0,1048576.0,342968.0,4096.0,343040.0,1024.0,182156.0,348160.0,182272.0,344064.0,0.0,0.0,0.0,0.0,0.0,0.0,3.0,6.0,1,0,0,1,0,0,1,0,1,0,0,0,1,1,0,0,0,0,0,0,0,0,0,0,0,0,1,0,0,0,0,0,0,0,0,0,1,0,0,0,0,0
131248.0,144.0,3.0,0.0,65535.0,131584.0,143872.0,0.0,4096.0,5368709120.0,4096.0,512.0,290816.0,1024.0,324767.0,32768.0,1048576.0,131443.0,4096.0,131584.0,1024.0,133224.0,139264.0,133632.0,132608.0,0.0,0.0,0.0,0.0,0.0,0.0,33.0,168.0,1,0,1,1,0,0,1,0,1,0,0,0,1,1,0,0,0,0,0,0,0,0,0,0,0,0,1,0,0,0,0,0,0,0,0,0,1,0,0,0,0,0
4096.0,144.0,3.0,0.0,65535.0,544256.0,1720320.0,0.0,4096.0,5368709120.0,4096.0,512.0,5726208.0,1024.0,100097.0,4096.0,1048576.0,26095.0,4096.0,20992.0,1024.0,15534.0,2584576.0,244736.0,0.0,0.0,1.0,1.0,0.0,0.0,0.0,32.0,7.0,1,0,1,1,0,0,1,0,1,0,0,0,1,1,0,0,0,0,1,0,0,0,0,0,0,0,1,0,0,0,0,0,0,0,0,0,1,0,0,0,0,0
45517.0,144.0,3.0,0.0,17744.0,211456.0,66048.0,0.0,4096.0,5368709120.0,4096.0,512.0,17014784.0,1024.0,0.0,4096.0,1048576.0,66442.0,4096.0,247808.0,4096.0,306.0,1490944.0,9728.0,1236992.0,104.0,0.0,1.0,0.0,0.0,0.0,0.0,0.0,1,0,0,1,0,0,0,0,0,0,0,0,0,1,0,0,0,0,1,0,0,0,0,0,0,0,1,1,0,0,0,0,0,0,0,0,1,0,0,0,0,0
4272.0,144.0,3.0,0.0,65535.0,28672.0,24576.0,0.0,4096.0,4194304.0,4096.0,4096.0,57344.0,4096.0,97869.0,4096.0,1048576.0,26864.0,4096.0,28672.0,4096.0,1740.0,8192.0,2048.0,3584.0,29.0,0.0,0.0,0.0,0.0,0.0,1.0,16.0,0,0,1,0,0,0,1,0,0,0,0,0,1,1,0,0,0,0,0,0,0,0,0,0,0,0,1,0,0,0,0,0,0,0,0,0,1,0,0,0,0,0
13594.0,144.0,3.0,0.0,65535.0,7711232.0,2048.0,0.0,4096.0,4194304.0,4096.0,512.0,81920.0,1024.0,0.0,4096.0,1048576.0,684032.0,4096.0,1532928.0,1024.0,535744.0,9502720.0,512.0,37888.0,686.0,0.0,2.0,0.0,0.0,11.0,1.0,21.0,0,0,1,0,0,0,1,0,0,0,0,0,0,1,0,0,0,0,0,0,0,0,0,0,0,0,1,0,0,0,0,0,0,0,0,0,1,0,0,0,0,0
733108.0,144.0,3.0,0.0,65535.0,1001984.0,958976.0,0.0,4096.0,4194304.0,4096.0,512.0,1978368.0,1024.0,1991315.0,4096.0,1048576.0,1001927.0,4096.0,1001984.0,1024.0,213419.0,1007616.0,213504.0,1003008.0,166.0,0.0,0.0,1.0,0.0,7.0,18.0,418.0,0,0,1,0,0,0,1,0,0,0,0,0,1,1,0,0,0,0,0,0,0,0,0,0,0,0,1,0,0,0,0,0,0,0,0,0,1,0,0,0,0,0
380864.0,144.0,3.0,0.0,65535.0,9216.0,1953792.0,0.0,4096.0,4194304.0,4096.0,512.0,4395008.0,4096.0,0.0,4096.0,1048576.0,12692.0,4096.0,201216.0,1024.0,82566.0,638976.0,4096.0,521216.0,716.0,2.0,2.0,0.0,0.0,11.0,1.0,0.0,0,0,0,0,0,0,1,0,0,0,0,1,1,1,0,0,0,0,0,0,0,0,0,0,0,0,1,0,0,0,0,0,0,0,0,0,1,0,0,0,0,0
4096.0,144.0,3.0,0.0,65535.0,876544.0,4096.0,2228224.0,2232320.0,5368709120.0,4096.0,512.0,3112960.0,4096.0,0.0,4096.0,1048576.0,134634.0,4096.0,134656.0,1024.0,80300.0,139264.0,80384.0,135680.0,232.0,0.0,0.0,0.0,0.0,0.0,2.0,5.0,0,0,0,0,0,0,1,0,1,0,0,0,1,1,0,0,0,0,0,0,0,0,0,0,0,0,1,0,0,0,0,0,0,0,0,0,1,0,0,0,0,0
114758.0,144.0,3.0,0.0,65535.0,44032.0,50688.0,38912.0,4096.0,4194304.0,4096.0,512.0,155648.0,1024.0,114762.0,4096.0,1048576.0,43808.0,4096.0,44032.0,1024.0,3864.0,53248.0,4096.0,45568.0,34.0,0.0,0.0,0.0,0.0,0.0,5.0,67.0,0,0,1,0,0,0,1,0,0,0,0,1,1,0,0,0,0,0,0,0,0,0,0,0,0,0,1,0,0,0,0,0,0,0,0,0,1,0,0,0,0,0
19462928.0,144.0,3.0,0.0,65535.0,3998720.0,2280448.0,0.0,4096.0,65536.0,4096.0,512.0,4689920.0,1024.0,2270409.0,4096.0,1048576.0,2376.0,4096.0,8781312.0,512.0,655974.0,1458176.0,178176.0,0.0,626.0,2.0,0.0,0.0,0.0,0.0,1.0,61.0,0,0,0,1,0,0,1,0,0,0,0,0,1,1,0,0,0,0,0,0,0,0,0,0,0,0,1,0,0,0,0,0,0,0,0,0,1,0,0,0,0,0
887646.0,144.0,3.0,0.0,65535.0,879616.0,2048.0,0.0,8192.0,4194304.0,8192.0,512.0,909312.0,512.0,0.0,4096.0,1048576.0,879460.0,8192.0,879616.0,512.0,3264.0,8192.0,3584.0,5120.0,334.0,0.0,0.0,0.0,0.0,0.0,1.0,1.0,0,0,1,0,0,0,1,0,0,0,0,1,1,1,0,0,0,0,0,0,0,0,0,0,0,0,1,0,0,0,0,0,0,0,0,0,1,0,0,0,0,0
3831148.0,144.0,3.0,0.0,65535.0,4336128.0,4117504.0,0.0,4096.0,5368709120.0,4096.0,512.0,8474624.0,1024.0,0.0,4096.0,1048576.0,4335804.0,4096.0,4336128.0,1024.0,3523528.0,4341760.0,3523584.0,4337152.0,0.0,0.0,0.0,0.0,0.0,0.0,11.0,298.0,1,0,0,1,0,0,1,0,1,0,0,0,1,1,0,0,0,0,0,0,0,0,0,0,0,0,1,0,0,0,0,0,0,0,0,0,1,0,0,0,0,0
193817.0,144.0,3.0,0.0,65535.0,385024.0,86016.0,0.0,4096.0,4194304.0,4096.0,4096.0,663552.0,4096.0,0.0,4096.0,1048576.0,383062.0,192512.0,385024.0,192512.0,12120.0,577536.0,12288.0,577536.0,0.0,0.0,0.0,0.0,0.0,0.0,3.0,69.0,0,0,1,0,0,0,1,0,0,0,0,1,1,1,0,0,0,0,0,0,0,0,0,0,0,0,1,0,0,0,0,0,0,0,0,0,1,0,0,0,0,0
46534.0,144.0,3.0,0.0,65535.0,38400.0,2560.0,0.0,8192.0,4194304.0,8192.0,512.0,65536.0,512.0,0.0,4096.0,1048576.0,38348.0,8192.0,38400.0,512.0,638904.0,2240512.0,638976.0,2235904.0,52.0,0.0,0.0,0.0,0.0,5.0,1.0,1.0,0,0,0,0,0,0,1,0,1,0,0,1,1,1,0,0,0,0,0,0,0,0,0,0,0,0,1,0,0,0,0,0,0,0,0,0,1,0,0,0,0,0
13886.0,144.0,3.0,0.0,65535.0,6144.0,1536.0,0.0,8192.0,4194304.0,8192.0,512.0,32768.0,512.0,0.0,4096.0,1048576.0,5700.0,8192.0,6144.0,512.0,359648.0,1060864.0,359936.0,1054208.0,300.0,20.0,0.0,1.0,0.0,0.0,1.0,1.0,0,0,0,0,0,0,1,0,0,0,0,1,1,1,0,0,0,0,0,0,0,0,0,0,0,0,1,0,0,0,0,0,0,0,0,0,1,0,0,0,0,0
410912.0,144.0,3.0,0.0,65535.0,1570816.0,184832.0,0.0,8192.0,4194304.0,8192.0,512.0,1777664.0,512.0,0.0,4096.0,1048576.0,1570548.0,8192.0,1570816.0,512.0,1844.0,20480.0,2048.0,13824.0,1110.0,480.0,0.0,1.0,40.0,45.0,0.0,0.0,1,0,1,1,0,0,1,0,0,0,0,1,1,1,0,0,0,0,0,0,0,0,0,0,0,0,1,0,0,0,0,0,0,0,0,0,1,0,0,0,0,0
6374.0,144.0,3.0,0.0,65535.0,3072.0,7680.0,0.0,4096.0,4194304.0,4096.0,512.0,20480.0,1024.0,72292.0,4096.0,1048576.0,2722.0,4096.0,3072.0,1024.0,1810.0,8192.0,2048.0,4096.0,15.0,0.0,0.0,0.0,0.0,2.0,5.0,66.0,0,0,1,0,0,0,1,0,0,0,0,0,1,1,0,0,0,0,0,0,0,0,0,0,0,0,1,0,0,0,0,0,0,0,0,0,1,0,0,0,0,0
13848.0,144.0,3.0,0.0,65535.0,13312.0,5120.0,0.0,4096.0,16777216.0,4096.0,512.0,36864.0,1024.0,71822.0,8192.0,1048576.0,13070.0,4096.0,13312.0,1024.0,11236.0,122880.0,0.0,0.0,0.0,0.0,0.0,0.0,0.0,0.0,5.0,57.0,1,0,1,1,0,0,1,0,0,0,0,0,1,1,0,0,0,0,0,0,0,0,0,0,0,0,1,0,0,0,0,0,0,0,0,0,1,0,0,0,0,0
185544.0,144.0,3.0,0.0,65535.0,355328.0,826368.0,0.0,4096.0,5368709120.0,4096.0,512.0,1200128.0,1024.0,0.0,4096.0,1048576.0,355180.0,4096.0,355328.0,1024.0,792142.0,360448.0,792576.0,356352.0,0.0,0.0,0.0,0.0,0.0,0.0,7.0,150.0,1,0,0,1,0,0,1,0,1,0,0,0,1,1,0,0,0,0,0,0,0,0,0,0,0,0,1,0,0,0,0,0,0,0,0,0,1,0,0,0,0,0
5360.0,144.0,3.0,0.0,65535.0,7680.0,15360.0,2560.0,4096.0,4194304.0,4096.0,512.0,323584.0,1536.0,338194.0,4096.0,1048576.0,7448.0,4096.0,7680.0,1536.0,2240.0,16384.0,2560.0,9728.0,0.0,0.0,0.0,0.0,0.0,0.0,2.0,49.0,1,0,0,1,0,0,1,0,0,0,0,1,1,1,0,0,0,0,1,0,0,0,0,0,0,0,1,0,0,0,0,0,0,0,0,0,1,0,0,0,0,0
213080.0,144.0,3.0,0.0,65535.0,433664.0,372736.0,0.0,8192.0,4194304.0,8192.0,512.0,827392.0,512.0,0.0,4096.0,1048576.0,433660.0,8192.0,433664.0,512.0,472.0,8192.0,512.0,1536.0,106.0,0.0,3.0,0.0,0.0,3.0,0.0,0.0,0,0,1,0,0,0,1,0,1,0,0,1,1,1,0,0,0,0,0,0,0,0,0,0,0,0,1,0,0,0,0,0,0,0,0,0,1,0,0,0,0,0
4096.0,144.0,3.0,0.0,65535.0,138752.0,181760.0,0.0,4096.0,4194304.0,4096.0,512.0,5599232.0,1024.0,3617647.0,4096.0,1048576.0,281609.0,4096.0,282112.0,1024.0,108946.0,696320.0,0.0,0.0,0.0,0.0,0.0,0.0,0.0,0.0,0.0,0.0,0,0,1,0,0,0,0,0,0,0,0,0,1,1,0,0,0,0,0,0,0,0,0,0,0,0,1,0,0,0,0,0,0,0,0,0,1,0,0,0,0,0
63043.0,144.0,3.0,0.0,65535.0,232960.0,23552.0,0.0,4096.0,16777216.0,4096.0,512.0,266240.0,1024.0,316271.0,65536.0,1048576.0,232809.0,4096.0,232960.0,1024.0,11230.0,53248.0,11264.0,50176.0,64.0,0.0,0.0,0.0,0.0,0.0,10.0,181.0,0,0,1,0,0,0,1,0,0,0,0,0,1,1,0,0,0,0,0,0,0,0,0,0,0,0,1,0,0,0,0,0,0,0,0,0,1,0,0,0,0,0
214208.0,144.0,3.0,0.0,65535.0,12288.0,172032.0,200704.0,204800.0,4194304.0,4096.0,512.0,389120.0,4096.0,0.0,4096.0,1048576.0,458796.0,4096.0,459264.0,1024.0,24.0,520192.0,512.0,483840.0,2.0,0.0,0.0,0.0,0.0,3.0,4.0,9.0,0,0,0,0,0,0,1,0,0,0,0,0,1,1,0,0,0,0,0,0,0,0,0,0,0,0,1,0,0,0,0,0,0,0,0,0,1,0,0,0,0,0
5723792.0,144.0,3.0,0.0,65535.0,6879232.0,5279744.0,0.0,4096.0,5368709120.0,4096.0,512.0,12173312.0,1024.0,11424741.0,4096.0,1048576.0,6878951.0,4096.0,6879232.0,1024.0,3067976.0,6885376.0,3068416.0,6880256.0,0.0,0.0,0.0,0.0,0.0,0.0,25.0,694.0,1,0,1,1,0,0,1,0,1,0,0,0,1,1,0,0,0,0,0,0,0,0,0,0,0,0,1,0,0,0,0,0,0,0,0,0,1,0,0,0,0,0
0.0,144.0,3.0,0.0,65535.0,2004480.0,1536.0,0.0,8192.0,5368709120.0,8192.0,512.0,2023424.0,512.0,0.0,16384.0,1048576.0,2004180.0,8192.0,2004480.0,512.0,1383550.0,1220608.0,1383936.0,1218048.0,0.0,0.0,0.0,0.0,0.0,0.0,0.0,0.0,1,0,1,1,0,0,1,0,0,0,0,1,1,1,0,0,0,0,0,0,0,0,0,0,0,0,1,0,0,0,0,0,0,0,0,0,1,0,0,0,0,0
29762.0,144.0,3.0,0.0,65535.0,73216.0,70144.0,0.0,4096.0,4194304.0,4096.0,512.0,155648.0,1024.0,183424.0,4096.0,1048576.0,72788.0,4096.0,73216.0,1024.0,188686.0,585728.0,188928.0,582144.0,34.0,0.0,0.0,0.0,0.0,0.0,5.0,77.0,0,0,1,0,0,0,1,0,0,0,0,0,1,1,0,0,0,0,0,0,0,0,0,0,0,0,1,0,0,0,0,0,0,0,0,0,1,0,0,0,0,0
1296672.0,144.0,3.0,0.0,65535.0,1579520.0,456704.0,0.0,4096.0,5368709120.0,4096.0,512.0,2052096.0,1024.0,0.0,4096.0,1048576.0,1579168.0,4096.0,1579520.0,1024.0,336538.0,1585152.0,336896.0,1580544.0,0.0,0.0,0.0,0.0,0.0,0.0,10.0,253.0,1,0,1,1,0,0,1,0,1,0,0,0,1,1,0,0,0,0,0,0,0,0,0,0,0,0,1,0,0,0,0,0,0,0,0,0,1,0,0,0,0,0
13594.0,24934.0,3.0,0.0,65535.0,160256.0,3584.0,0.0,8192.0,4194304.0,8192.0,512.0,966656.0,1024.0,0.0,4096.0,1048576.0,844284.0,28672.0,58880.0,1024.0,56404.0,483328.0,4096.0,37888.0,0.0,0.0,2.0,0.0,0.0,11.0,1.0,7.0,0,0,0,0,0,0,1,0,0,0,0,0,1,1,0,0,0,0,0,0,0,0,0,0,0,0,1,0,0,0,0,0,0,0,0,0,1,0,0,0,0,0
344288.0,144.0,3.0,0.0,65535.0,155648.0,4096.0,188416.0,192512.0,4194304.0,4096.0,512.0,352256.0,4096.0,0.0,4096.0,1048576.0,217888.0,8192.0,218112.0,512.0,229171.0,1265664.0,229376.0,1260032.0,19.0,0.0,0.0,0.0,0.0,0.0,2.0,7.0,0,0,1,0,0,0,1,0,0,0,0,0,1,1,0,0,0,0,0,0,0,0,0,0,0,0,1,0,0,0,0,0,0,0,0,0,1,0,0,0,0,0
593790.0,144.0,3.0,0.0,65535.0,585728.0,372736.0,0.0,8192.0,4194304.0,8192.0,512.0,983040.0,512.0,0.0,4096.0,1048576.0,585604.0,8192.0,585728.0,512.0,13221.0,77824.0,13312.0,71680.0,28.0,0.0,0.0,0.0,0.0,0.0,1.0,1.0,0,0,1,0,0,0,1,0,0,0,0,1,1,1,0,0,0,0,0,0,0,0,0,0,0,0,1,0,0,0,0,0,0,0,0,0,1,0,0,0,0,0
14534.0,144.0,3.0,0.0,65535.0,12288.0,0.0,0.0,4096.0,4194304.0,4096.0,512.0,16384.0,512.0,0.0,4096.0,1048576.0,11880.0,4096.0,12288.0,512.0,10254.0,45056.0,10752.0,38400.0,2.0,0.0,0.0,0.0,0.0,0.0,2.0,31.0,0,0,0,0,0,0,1,0,0,0,0,0,1,1,0,0,0,0,0,0,0,0,0,0,0,0,1,1,0,0,0,0,0,0,0,0,1,0,0,0,0,0
5649.0,144.0,3.0,0.0,65535.0,42496.0,334848.0,0.0,4096.0,4194304.0,4096.0,512.0,389120.0,1024.0,0.0,4096.0,1048576.0,42230.0,4096.0,42496.0,1024.0,18436.0,49152.0,18944.0,43520.0,13.0,0.0,0.0,0.0,0.0,0.0,2.0,67.0,0,0,1,0,0,0,1,0,0,0,0,0,1,1,0,0,0,0,0,0,0,0,0,0,0,0,1,0,0,0,0,0,0,0,0,0,1,0,0,0,0,0
987534.0,144.0,3.0,0.0,65535.0,979456.0,32768.0,0.0,8192.0,4194304.0,8192.0,512.0,1032192.0,512.0,1081035.0,4096.0,1048576.0,979348.0,8192.0,979456.0,512.0,8272.0,24576.0,8704.0,20480.0,364.0,0.0,0.0,0.0,0.0,0.0,1.0,1.0,0,0,1,0,0,0,1,0,1,0,0,1,1,1,0,0,0,0,0,0,0,0,0,0,0,0,1,0,0,0,0,0,0,0,0,0,1,0,0,0,0,0
602946.0,144.0,3.0,0.0,65535.0,594944.0,153088.0,0.0,8192.0,4194304.0,8192.0,512.0,770048.0,512.0,0.0,4096.0,1048576.0,594760.0,8192.0,594944.0,512.0,20532.0,57344.0,20992.0,51712.0,28.0,0.0,0.0,0.0,0.0,0.0,1.0,1.0,0,0,1,0,0,0,1,0,1,0,0,1,1,1,0,0,0,0,0,0,0,0,0,0,0,0,1,0,0,0,0,0,0,0,0,0,1,0,0,0,0,0
4020853.0,144.0,3.0,0.0,65535.0,532480.0,71168.0,0.0,4096.0,4194304.0,4096.0,512.0,1748992.0,512.0,2882477.0,4096.0,1048576.0,141784.0,4096.0,0.0,512.0,49230.0,827392.0,153088.0,8782336.0,878.0,2.0,0.0,0.0,0.0,9.0,4.0,370.0,0,0,1,0,0,0,1,0,0,0,0,0,1,1,0,0,0,0,0,0,0,0,0,0,0,0,1,0,0,0,0,0,0,0,0,0,1,0,0,0,0,0
11048.0,144.0,3.0,0.0,65535.0,8704.0,11776.0,0.0,4096.0,4194304.0,4096.0,512.0,36864.0,1024.0,20749.0,4096.0,1048576.0,8324.0,4096.0,8704.0,1024.0,2322.0,16384.0,2560.0,9728.0,5.0,0.0,0.0,0.0,0.0,0.0,2.0,84.0,0,0,0,0,0,0,0,0,0,0,0,0,0,1,0,0,0,0,0,0,0,0,0,0,0,0,1,0,0,0,0,0,0,0,0,0,1,0,0,0,0,0
5292.0,144.0,3.0,0.0,65535.0,36864.0,25088.0,0.0,4096.0,4194304.0,4096.0,512.0,69632.0,1024.0,0.0,4096.0,1048576.0,36378.0,4096.0,36864.0,1024.0,9386.0,40960.0,9728.0,37888.0,1.0,0.0,0.0,0.0,0.0,1.0,2.0,70.0,0,0,0,0,0,0,1,0,0,0,0,0,1,1,0,0,0,0,1,0,0,0,0,0,0,0,1,1,0,0,0,0,0,0,0,1,1,0,1,0,1,0
97310.0,144.0,3.0,0.0,65535.0,89600.0,2048.0,0.0,8192.0,4194304.0,8192.0,512.0,114688.0,512.0,0.0,4096.0,1048576.0,89124.0,8192.0,89600.0,512.0,3298.0,8192.0,3584.0,4608.0,55.0,0.0,0.0,0.0,0.0,0.0,1.0,1.0,0,0,0,0,0,0,1,0,1,0,0,1,1,1,0,0,0,0,0,0,0,0,0,0,0,0,1,0,0,0,0,0,0,0,0,0,1,0,0,0,0,0
587912.0,80.0,2.0,15.0,65535.0,586752.0,86528.0,0.0,4096.0,4194304.0,4096.0,512.0,729088.0,1024.0,0.0,16384.0,1048576.0,579824.0,4096.0,580096.0,1024.0,24.0,667648.0,512.0,620544.0,8.0,0.0,0.0,0.0,0.0,4.0,22.0,221.0,0,0,1,0,0,0,1,0,0,0,0,1,1,0,0,0,0,0,0,0,0,0,0,0,0,0,1,0,0,0,0,0,0,0,0,0,1,0,0,0,0,0
930652.0,144.0,3.0,0.0,65535.0,68096.0,69632.0,0.0,8192.0,4194304.0,8192.0,512.0,98304.0,512.0,0.0,4096.0,1048576.0,67964.0,8192.0,68096.0,512.0,142326.0,323584.0,142336.0,318976.0,113.0,0.0,0.0,1.0,0.0,5.0,0.0,0.0,1,0,1,1,0,0,1,0,1,0,0,1,1,1,0,0,0,0,0,0,0,0,0,0,0,0,1,0,0,0,0,0,0,0,0,0,1,0,0,0,0,0
7405347.0,144.0,3.0,0.0,65535.0,28672.0,20480.0,40960.0,45056.0,4194304.0,4096.0,512.0,94208.0,4096.0,0.0,4096.0,1048576.0,3828697.0,4096.0,0.0,0.0,1305838.0,3833856.0,0.0,0.0,10.0,0.0,0.0,0.0,0.0,4.0,0.0,0.0,0,0,1,0,0,0,1,0,0,0,0,0,1,1,0,0,0,0,0,0,0,0,0,0,0,0,1,0,0,0,0,0,0,0,0,0,1,0,0,0,0,0
45794.0,144.0,3.0,0.0,65535.0,37888.0,1536.0,0.0,8192.0,4194304.0,8192.0,512.0,65536.0,512.0,0.0,4096.0,1048576.0,37608.0,8192.0,37888.0,512.0,6354.0,12288.0,6656.0,9216.0,21.0,0.0,0.0,0.0,0.0,0.0,1.0,1.0,0,0,1,0,0,0,1,0,1,0,0,1,1,1,0,0,0,0,0,0,0,0,0,0,0,0,1,0,0,0,0,0,0,0,0,0,1,0,0,0,0,0
50974.0,144.0,3.0,0.0,65535.0,43008.0,2560.0,0.0,8192.0,4194304.0,8192.0,512.0,73728.0,512.0,0.0,4096.0,1048576.0,42788.0,8192.0,43008.0,512.0,11573.0,122880.0,11776.0,51200.0,14.0,0.0,0.0,0.0,0.0,0.0,1.0,1.0,0,0,1,0,0,0,1,0,1,0,0,1,1,1,0,0,0,0,0,0,0,0,0,0,0,0,1,0,0,0,0,0,0,0,0,0,1,0,0,0,0,0
7413.0,144.0,3.0,0.0,65535.0,1533440.0,523776.0,0.0,4096.0,4194304.0,4096.0,512.0,24367104.0,1024.0,9681608.0,4096.0,1048576.0,1447668.0,8192.0,1447936.0,512.0,16544.0,122880.0,20480.0,122880.0,2.0,0.0,0.0,0.0,0.0,3.0,0.0,0.0,0,0,0,0,0,0,1,0,0,0,0,0,0,1,0,0,0,0,0,0,0,0,0,0,0,0,1,0,0,0,0,0,0,0,0,0,1,0,0,0,0,0
417376.0,144.0,3.0,0.0,65535.0,5078016.0,518144.0,0.0,4096.0,4194304.0,4096.0,512.0,12054528.0,1536.0,0.0,4096.0,1048576.0,5077583.0,4096.0,5078016.0,1536.0,5774136.0,5083136.0,5774336.0,5079552.0,0.0,0.0,0.0,0.0,0.0,0.0,1.0,40.0,1,0,0,1,0,0,1,0,1,0,0,0,1,1,0,0,0,0,0,0,0,0,0,0,0,0,1,0,0,0,0,0,0,0,0,0,1,0,0,0,0,0
836896.0,144.0,3.0,0.0,65535.0,904192.0,324608.0,0.0,4096.0,5368709120.0,4096.0,512.0,1273856.0,1024.0,0.0,4096.0,1048576.0,904150.0,4096.0,904192.0,1024.0,200294.0,909312.0,200704.0,905216.0,0.0,0.0,0.0,0.0,0.0,0.0,14.0,457.0,1,0,1,1,0,0,1,0,0,0,0,1,1,1,0,0,0,0,0,0,0,0,0,0,0,0,1,0,0,0,0,0,0,0,0,0,1,0,0,0,0,0
43672.0,144.0,3.0,0.0,65535.0,153600.0,2100224.0,0.0,4096.0,4194304.0,4096.0,512.0,2265088.0,1024.0,0.0,4096.0,1048576.0,153176.0,4096.0,153600.0,1024.0,61258.0,159744.0,61440.0,154624.0,3806.0,61.0,4.0,16.0,0.0,24.0,0.0,0.0,0,0,0,0,0,0,1,0,0,0,0,0,1,1,0,0,0,0,0,0,0,0,0,0,0,0,1,0,0,0,0,0,0,0,0,0,1,0,0,0,0,0
189194.0,144.0,3.0,0.0,65535.0,184832.0,288256.0,0.0,8192.0,4194304.0,8192.0,512.0,311296.0,512.0,0.0,4096.0,1048576.0,184692.0,8192.0,184832.0,512.0,74390.0,282624.0,74752.0,278528.0,26.0,0.0,0.0,0.0,0.0,0.0,1.0,1.0,0,0,1,0,0,0,1,0,0,0,0,0,1,1,0,0,0,0,0,0,0,0,0,0,0,0,1,0,0,0,0,0,0,0,0,0,1,0,0,0,0,0
12706.0,144.0,3.0,0.0,65535.0,4608.0,2048.0,0.0,8192.0,4194304.0,8192.0,512.0,32768.0,512.0,0.0,4096.0,1048576.0,4520.0,8192.0,4608.0,512.0,265928.0,585728.0,266240.0,580608.0,28.0,0.0,0.0,0.0,0.0,4.0,1.0,1.0,0,0,1,0,0,0,1,0,1,0,0,1,1,1,0,0,0,0,0,0,0,0,0,0,0,0,1,0,0,0,0,0,0,0,0,0,1,0,0,0,0,0
17234.0,144.0,3.0,0.0,65535.0,309248.0,359936.0,0.0,4096.0,5368709120.0,4096.0,512.0,688128.0,1024.0,0.0,4096.0,1048576.0,309200.0,4096.0,309248.0,1024.0,67348.0,315392.0,67584.0,310272.0,166.0,0.0,0.0,1.0,0.0,4.0,0.0,0.0,0,0,1,0,0,0,1,0,1,0,0,0,1,1,0,0,0,0,0,0,0,0,0,0,0,0,1,0,0,0,0,0,0,0,0,0,1,0,0,0,0,0
13613.0,144.0,3.0,0.0,65535.0,27136.0,186880.0,2048.0,4096.0,4194304.0,4096.0,512.0,421888.0,1024.0,133396.0,4096.0,1048576.0,26775.0,4096.0,27136.0,1024.0,5286.0,32768.0,5632.0,28160.0,668.0,0.0,0.0,0.0,0.0,0.0,7.0,165.0,0,0,1,0,0,0,1,0,0,0,0,1,1,1,0,0,0,0,0,0,0,0,0,0,0,0,1,0,0,0,0,0,0,0,0,0,1,0,0,0,0,0
45397.0,144.0,3.0,0.0,65535.0,3992064.0,149504.0,0.0,8192.0,4194304.0,8192.0,512.0,4169728.0,512.0,0.0,4096.0,1048576.0,3991972.0,8192.0,3992064.0,512.0,24.0,430080.0,512.0,396288.0,1934.0,60.0,0.0,1.0,0.0,8.0,0.0,0.0,0,0,1,0,0,0,1,0,1,0,0,1,1,1,0,0,0,0,0,0,0,0,0,0,0,0,1,0,0,0,0,0,0,0,0,0,1,0,0,0,0,0
7384.0,144.0,3.0,0.0,65535.0,64000.0,174080.0,0.0,4096.0,5368709120.0,4096.0,512.0,258048.0,1024.0,186932.0,4096.0,1048576.0,63968.0,4096.0,64000.0,1024.0,42966.0,69632.0,43008.0,65024.0,0.0,0.0,0.0,0.0,0.0,0.0,5.0,84.0,1,0,1,1,0,0,1,0,1,0,0,0,1,1,0,0,0,0,0,0,0,0,0,0,0,0,1,0,0,0,0,0,0,0,0,0,1,0,0,0,0,0
38174.0,144.0,3.0,0.0,65535.0,273408.0,599040.0,0.0,4096.0,4194304.0,4096.0,512.0,888832.0,1024.0,0.0,4096.0,1048576.0,273078.0,4096.0,273408.0,1024.0,567564.0,278528.0,567808.0,274432.0,36.0,2.0,0.0,0.0,0.0,0.0,7.0,147.0,0,0,0,0,0,0,1,0,0,0,0,0,1,1,0,0,0,0,0,0,0,0,0,0,0,0,1,0,0,0,0,0,0,0,0,0,1,0,0,0,0,0
126304.0,144.0,3.0,0.0,65535.0,1157632.0,572416.0,0.0,4096.0,4194304.0,4096.0,512.0,1781760.0,1024.0,0.0,16384.0,1048576.0,1147176.0,4096.0,1147392.0,1024.0,24.0,1458176.0,512.0,1411584.0,196.0,0.0,0.0,0.0,0.0,0.0,20.0,309.0,0,0,1,0,0,0,1,0,0,0,0,0,1,1,0,0,0,0,0,0,0,0,0,0,0,0,1,0,0,0,0,0,0,0,0,0,1,0,0,0,0,0
22716.0,144.0,3.0,0.0,65535.0,106496.0,73728.0,0.0,4096.0,4194304.0,4096.0,4096.0,184320.0,4096.0,0.0,4096.0,1048576.0,102569.0,4096.0,106496.0,4096.0,27348.0,110592.0,28672.0,110592.0,30.0,0.0,0.0,0.0,0.0,0.0,9.0,253.0,0,0,1,0,0,0,1,0,0,0,0,1,1,1,0,0,0,0,0,0,0,0,0,0,0,0,1,0,0,0,0,0,0,0,0,0,1,0,0,0,0,0
2248720.0,144.0,3.0,0.0,65535.0,56832.0,375296.0,0.0,4096.0,4194304.0,8192.0,512.0,189476.0,1024.0,0.0,8192.0,1048576.0,1906873.0,8192.0,8218112.0,512.0,35076.0,483328.0,207872.0,131072.0,0.0,0.0,10.0,0.0,0.0,0.0,1.0,18.0,0,0,1,0,0,0,1,0,0,0,0,0,1,1,0,0,0,0,0,0,0,0,0,1,0,0,1,0,0,0,0,0,0,0,0,0,1,0,0,0,0,0
12557.0,144.0,3.0,0.0,65535.0,581120.0,122880.0,0.0,4096.0,4194304.0,4096.0,512.0,5595136.0,4096.0,1296063.0,4096.0,2097152.0,59412.0,4096.0,192000.0,1024.0,52900.0,323584.0,512.0,337920.0,6613.0,0.0,0.0,0.0,0.0,0.0,14.0,93.0,0,0,1,0,0,0,1,0,0,0,0,1,1,1,0,0,0,0,0,0,0,0,0,0,0,0,1,1,0,0,0,0,0,0,0,0,1,0,0,0,0,0
4283.0,144.0,3.0,0.0,65535.0,1536.0,3072.0,0.0,4096.0,4194304.0,4096.0,512.0,20480.0,1024.0,32143.0,4096.0,1048576.0,1128.0,4096.0,1536.0,1024.0,720.0,8192.0,1024.0,2560.0,17.0,0.0,0.0,0.0,0.0,0.0,4.0,19.0,0,0,1,0,0,0,1,0,0,0,0,0,1,1,0,0,0,0,0,0,0,0,0,0,0,0,1,0,0,0,0,0,0,0,0,0,1,0,0,0,0,0
390278.0,144.0,3.0,0.0,65535.0,652800.0,529408.0,0.0,4096.0,4194304.0,4096.0,512.0,1196032.0,1024.0,0.0,4096.0,1048576.0,652491.0,4096.0,652800.0,1024.0,181094.0,659456.0,181248.0,653824.0,23.0,0.0,0.0,0.0,0.0,3.0,8.0,222.0,0,0,1,0,0,0,0,0,0,0,0,0,1,1,0,0,0,0,0,0,0,0,0,0,0,0,1,0,0,0,0,0,0,0,0,0,1,0,0,0,0,0
4740.0,144.0,3.0,0.0,65535.0,2580480.0,131072.0,6836224.0,6840320.0,4194304.0,4096.0,512.0,9551872.0,4096.0,2780221.0,4096.0,1048576.0,97275.0,4096.0,97280.0,1024.0,13268.0,102400.0,13312.0,98304.0,181.0,0.0,0.0,0.0,0.0,3.0,0.0,0.0,0,0,1,0,0,0,0,0,0,0,0,0,1,1,0,0,0,0,0,0,0,0,0,0,0,0,1,0,0,0,0,0,0,0,0,0,1,0,0,0,0,0
4848.0,144.0,3.0,0.0,65535.0,14336.0,23040.0,512.0,4096.0,4194304.0,4096.0,512.0,77824.0,1024.0,64369.0,4096.0,1048576.0,13876.0,4096.0,14336.0,1024.0,1824.0,24576.0,2048.0,15872.0,5.0,0.0,0.0,1.0,0.0,1.0,4.0,30.0,0,0,1,0,0,0,1,0,1,0,0,0,0,1,0,0,0,0,1,0,0,0,0,0,0,0,1,0,0,0,0,0,0,0,0,0,1,0,0,0,0,0
58808.0,144.0,3.0,0.0,65535.0,201728.0,617984.0,0.0,4096.0,5368709120.0,4096.0,512.0,839680.0,1024.0,0.0,4096.0,1048576.0,201440.0,4096.0,201728.0,1024.0,81346.0,208896.0,81408.0,202752.0,0.0,0.0,0.0,0.0,0.0,0.0,4.0,105.0,1,0,0,1,0,0,1,0,1,0,0,0,1,1,0,0,0,0,0,0,0,0,0,0,0,0,1,0,0,0,0,0,0,0,0,0,1,0,0,0,0,0
33280.0,144.0,3.0,0.0,65535.0,31744.0,553472.0,0.0,4096.0,5368709120.0,4096.0,512.0,610304.0,1024.0,615015.0,8192.0,1048576.0,31616.0,4096.0,31744.0,1024.0,8904.0,36864.0,9216.0,32768.0,0.0,0.0,0.0,0.0,0.0,0.0,8.0,156.0,1,0,1,1,0,0,1,0,1,0,0,0,1,1,0,0,0,0,0,0,0,0,0,0,0,0,1,0,0,0,0,0,0,0,0,0,1,0,0,0,0,0
163850.0,120.0,59415.0,59523.0,0.0,70656.0,1293824.0,0.0,4096.0,4194304.0,4096.0,512.0,6230016.0,1024.0,0.0,4096.0,1048576.0,4101572.0,4096.0,1532928.0,1024.0,4732.0,3833856.0,4096.0,1029120.0,585.0,0.0,0.0,0.0,0.0,0.0,1.0,0.0,0,0,1,0,0,0,1,0,0,0,0,0,1,1,0,0,0,0,0,0,0,0,0,0,0,0,1,1,0,0,0,0,0,0,0,0,1,0,0,0,0,0
135263.0,144.0,3.0,0.0,65535.0,239104.0,233984.0,0.0,4096.0,4194304.0,4096.0,512.0,552960.0,1024.0,0.0,4096.0,1048576.0,238879.0,4096.0,239104.0,1024.0,85712.0,245760.0,86016.0,240128.0,44.0,0.0,0.0,0.0,0.0,0.0,12.0,336.0,0,0,1,0,0,0,0,0,0,0,0,0,1,1,0,0,0,0,0,0,0,0,0,0,0,0,1,1,0,0,0,0,0,0,0,0,1,0,0,0,1,0
469012.0,80.0,2.0,15.0,65535.0,461824.0,71168.0,0.0,4096.0,4194304.0,4096.0,512.0,577536.0,1024.0,0.0,16384.0,1048576.0,458796.0,4096.0,459264.0,1024.0,24.0,520192.0,512.0,483840.0,77.0,0.0,0.0,0.0,0.0,4.0,9.0,144.0,0,0,1,0,0,0,1,0,1,0,0,0,1,1,0,0,0,0,0,0,0,0,0,0,0,0,1,0,0,0,0,0,0,0,0,0,1,0,0,0,0,0
19456.0,144.0,3.0,0.0,65535.0,5120.0,5120.0,0.0,4096.0,4194304.0,4096.0,512.0,28672.0,1024.0,66730.0,16384.0,1048576.0,4980.0,4096.0,5120.0,1024.0,1810.0,8192.0,2048.0,4096.0,126.0,0.0,0.0,0.0,0.0,3.0,0.0,0.0,0,0,1,0,0,0,1,0,0,0,0,0,0,1,0,0,0,0,0,0,0,0,0,0,0,0,1,0,0,0,0,0,0,0,0,0,1,0,0,0,0,0
1510590.0,144.0,3.0,0.0,65535.0,1502720.0,2048.0,0.0,8192.0,4194304.0,8192.0,512.0,1531904.0,512.0,1589982.0,4096.0,1048576.0,1502404.0,8192.0,1502720.0,512.0,3188.0,8192.0,3584.0,5120.0,88.0,0.0,0.0,0.0,0.0,0.0,1.0,1.0,0,0,1,0,0,0,1,0,0,0,0,1,1,1,0,0,0,0,0,0,0,0,0,0,0,0,1,0,0,0,0,0,0,0,0,0,1,0,0,0,0,0
2228958.0,144.0,3.0,0.0,65535.0,2221056.0,215040.0,0.0,8192.0,4194304.0,8192.0,512.0,2465792.0,512.0,0.0,4096.0,1048576.0,2220772.0,8192.0,2221056.0,512.0,20532.0,57344.0,20992.0,51712.0,0.0,0.0,0.0,0.0,0.0,0.0,0.0,0.0,0,0,1,0,0,0,1,0,0,0,0,1,1,1,0,0,0,0,0,0,0,0,0,0,0,0,1,0,0,0,0,0,0,0,0,0,1,0,0,0,0,0
280212.0,144.0,3.0,0.0,65535.0,469504.0,191488.0,0.0,4096.0,5368709120.0,4096.0,512.0,679936.0,1024.0,0.0,4096.0,1048576.0,469192.0,4096.0,469504.0,1024.0,149002.0,475136.0,149504.0,470528.0,0.0,0.0,0.0,0.0,0.0,2.0,4.0,113.0,1,0,1,1,0,0,1,0,1,0,0,0,1,1,0,0,0,0,0,0,0,0,0,0,0,0,1,0,0,0,0,0,0,0,0,0,1,0,0,0,0,0
40332.0,144.0,3.0,0.0,65535.0,140288.0,1767424.0,0.0,4096.0,4194304.0,4096.0,512.0,1781760.0,1024.0,0.0,4096.0,1048576.0,251301.0,8192.0,10295808.0,1024.0,5370.0,10301440.0,4096.0,360448.0,186.0,0.0,0.0,0.0,0.0,0.0,0.0,0.0,0,0,1,0,0,0,1,0,1,0,0,0,1,1,0,0,0,0,0,0,0,0,0,0,0,0,1,0,0,0,0,0,0,0,0,0,1,0,0,0,0,0
761456.0,144.0,3.0,0.0,65535.0,274432.0,36864.0,487424.0,491520.0,4194304.0,4096.0,512.0,802816.0,4096.0,0.0,4096.0,4194304.0,7472.0,4096.0,7680.0,1024.0,5632.0,12288.0,5632.0,8704.0,52.0,0.0,0.0,0.0,0.0,0.0,16.0,21.0,0,0,1,0,0,0,0,0,0,0,0,0,0,1,0,0,0,0,0,0,0,0,0,0,0,0,1,0,0,0,0,0,0,0,0,0,1,0,0,0,0,0
43672.0,108.0,1.0,0.0,65535.0,33280.0,33280.0,0.0,4096.0,4194304.0,4096.0,512.0,86016.0,1024.0,104208.0,65536.0,1048576.0,230752.0,8192.0,230912.0,512.0,1032.0,20480.0,1536.0,13824.0,1905.0,9.0,10.0,0.0,0.0,3.0,0.0,0.0,0,0,1,0,0,0,1,0,0,0,0,1,1,1,0,0,0,0,0,0,0,0,0,0,0,0,1,0,0,0,0,0,0,0,0,0,1,0,0,0,0,0
40332.0,144.0,3.0,0.0,65535.0,285696.0,331264.0,0.0,4096.0,4194304.0,4096.0,512.0,5160960.0,1024.0,0.0,4096.0,1048576.0,1080094.0,4096.0,61440.0,1024.0,15314.0,970752.0,3584.0,238080.0,0.0,3.0,2.0,0.0,0.0,11.0,0.0,0.0,1,0,0,1,0,0,1,0,1,0,0,0,1,1,0,0,0,0,0,0,0,0,0,0,0,0,1,0,0,0,0,0,0,0,0,0,1,0,0,0,0,0
163850.0,144.0,2.0,0.0,65535.0,352256.0,211456.0,0.0,4096.0,4194304.0,4096.0,512.0,352256.0,512.0,0.0,4096.0,1048576.0,113191.0,4096.0,45056.0,512.0,24.0,1048576.0,512.0,229888.0,874.0,0.0,0.0,0.0,0.0,12.0,3.0,14.0,0,0,0,0,0,0,1,0,0,0,0,0,1,0,0,0,0,0,0,0,0,0,0,0,0,0,1,0,0,0,0,0,0,0,0,0,1,0,0,0,0,0
4096.0,80.0,2.0,15.0,65535.0,292352.0,53760.0,0.0,4096.0,4194304.0,4096.0,512.0,376832.0,1024.0,151872.0,16384.0,1048576.0,49039.0,4096.0,49152.0,1024.0,11230.0,53248.0,11264.0,50176.0,30.0,0.0,0.0,0.0,0.0,0.0,8.0,11.0,0,0,1,0,0,0,1,0,0,0,0,0,0,1,0,0,0,0,0,0,0,0,0,0,0,0,1,0,0,0,0,0,0,0,0,0,1,0,0,0,0,0
15722014.0,144.0,3.0,0.0,65535.0,875520.0,1553408.0,0.0,4096.0,5368709120.0,4096.0,512.0,30318592.0,1024.0,0.0,4096.0,1048576.0,875520.0,4096.0,0.0,0.0,283598.0,880640.0,0.0,0.0,0.0,0.0,0.0,0.0,0.0,0.0,9.0,9.0,1,0,1,1,0,0,1,0,1,0,0,0,1,1,0,0,0,0,0,0,0,0,0,0,0,0,1,0,0,0,0,0,0,0,0,0,1,0,0,0,0,0
1381124.0,80.0,2.0,15.0,65535.0,1376768.0,292352.0,0.0,4096.0,4194304.0,4096.0,512.0,1716224.0,1024.0,0.0,16384.0,1048576.0,1371320.0,4096.0,1371648.0,1024.0,24.0,1466368.0,512.0,1427456.0,22.0,0.0,0.0,0.0,0.0,0.0,14.0,260.0,0,0,1,0,0,0,1,0,0,0,0,1,1,1,0,0,0,0,0,0,0,0,0,0,0,0,1,0,0,0,0,0,0,0,0,0,1,0,0,0,0,0
15680.0,144.0,3.0,0.0,65535.0,36352.0,417280.0,0.0,4096.0,5368709120.0,4096.0,512.0,462848.0,1024.0,513754.0,8192.0,1048576.0,36245.0,4096.0,36352.0,1024.0,47556.0,40960.0,47616.0,37376.0,0.0,0.0,0.0,0.0,0.0,0.0,8.0,122.0,1,0,0,1,0,0,1,0,1,0,0,0,1,1,0,0,0,0,0,0,0,0,0,0,0,0,1,0,0,0,0,0,0,0,0,0,1,0,0,0,0,0
25764.0,80.0,2.0,15.0,65535.0,5577216.0,332800.0,0.0,4096.0,4194304.0,4096.0,4096.0,4497408.0,1024.0,82918.0,16384.0,1048576.0,1306317.0,4096.0,0.0,4096.0,405516.0,3125248.0,64512.0,580608.0,831.0,2.0,0.0,14.0,0.0,0.0,8.0,294.0,0,0,1,0,0,0,1,0,0,0,0,0,1,1,0,0,0,0,0,0,0,0,0,0,0,0,1,0,0,0,0,0,0,0,0,0,1,0,0,0,0,0
21744.0,144.0,3.0,0.0,65535.0,532480.0,1015808.0,0.0,4096.0,4194304.0,4096.0,512.0,7589888.0,4096.0,0.0,4096.0,1048576.0,643036.0,8192.0,655872.0,1024.0,733.0,1081344.0,8704.0,8782336.0,6703.0,1.0,0.0,0.0,0.0,6.0,0.0,10.0,0,0,0,0,0,0,1,0,0,0,0,0,1,1,0,0,0,0,0,0,0,0,0,0,0,0,1,0,0,0,0,0,0,0,0,0,1,0,0,0,0,0
4096.0,144.0,3.0,0.0,65535.0,70656.0,285184.0,0.0,4096.0,4194304.0,4096.0,512.0,372736.0,1024.0,0.0,4096.0,1048576.0,55650.0,20480.0,55808.0,15872.0,13221.0,77824.0,13312.0,71680.0,215.0,0.0,3.0,0.0,0.0,5.0,9.0,134.0,0,0,0,0,0,0,1,0,0,0,0,1,1,1,0,0,0,0,0,0,0,0,0,0,0,0,1,0,0,0,0,0,0,0,0,0,1,0,0,0,0,0
147232.0,144.0,3.0,0.0,65535.0,282624.0,133120.0,0.0,4096.0,4194304.0,4096.0,512.0,434176.0,1024.0,350581.0,4096.0,1048576.0,282534.0,4096.0,282624.0,1024.0,70780.0,151552.0,71168.0,145920.0,3.0,0.0,0.0,0.0,0.0,0.0,1.0,185.0,0,0,1,0,0,0,0,0,0,0,0,0,1,1,0,0,0,0,0,0,0,0,0,0,0,0,1,0,0,0,0,0,0,0,0,0,1,0,0,0,0,0
4350398.0,144.0,3.0,0.0,65535.0,4342272.0,147456.0,0.0,8192.0,4194304.0,8192.0,512.0,4513792.0,512.0,0.0,4096.0,1048576.0,4342212.0,8192.0,4342272.0,512.0,5454.0,20480.0,5632.0,17408.0,499.0,0.0,0.0,0.0,0.0,0.0,1.0,1.0,0,0,1,0,0,0,1,0,1,0,0,1,1,1,0,0,0,0,0,0,0,0,0,0,0,0,1,0,0,0,0,0,0,0,0,0,1,0,0,0,0,0
835076.0,144.0,3.0,0.0,65535.0,257536.0,271360.0,0.0,4096.0,4194304.0,4096.0,512.0,540672.0,1024.0,0.0,4096.0,1048576.0,257093.0,4096.0,257536.0,1024.0,69240.0,262144.0,69632.0,258560.0,166.0,0.0,0.0,2.0,0.0,3.0,0.0,0.0,0,0,0,0,0,0,1,0,0,0,0,0,1,1,0,0,0,0,0,0,0,0,0,0,0,0,1,0,0,0,0,0,0,0,0,0,1,0,0,0,0,0
6048.0,144.0,3.0,0.0,65535.0,242512.0,10676.0,11668.0,4096.0,4194304.0,4096.0,512.0,401408.0,1024.0,436895.0,4096.0,1048576.0,242512.0,4096.0,242688.0,1024.0,42736.0,262144.0,43008.0,254464.0,15.0,0.0,0.0,0.0,0.0,4.0,4.0,111.0,0,0,1,0,0,0,1,0,0,0,0,1,1,1,0,0,0,0,0,0,0,0,0,0,0,0,1,0,0,0,0,0,0,0,0,0,1,0,0,0,0,0
428577.0,144.0,3.0,0.0,65535.0,5818368.0,103936.0,0.0,4096.0,4194304.0,8192.0,512.0,217088.0,1024.0,0.0,4096.0,1048576.0,652338.0,4096.0,557056.0,1024.0,608.0,28672.0,207872.0,15872.0,0.0,0.0,1.0,0.0,0.0,11.0,2.0,12.0,0,0,0,1,0,0,1,0,0,0,0,1,1,1,0,0,0,0,0,0,0,0,0,0,0,0,1,0,0,0,0,0,0,0,0,0,1,0,0,0,0,0
6807640.0,144.0,3.0,0.0,65535.0,1290752.0,79872.0,0.0,8192.0,4194304.0,8192.0,512.0,9871360.0,1024.0,3888458.0,4096.0,1048576.0,101854.0,4096.0,101888.0,512.0,15306.0,106496.0,15360.0,102400.0,694.0,0.0,0.0,3.0,0.0,2.0,2.0,2.0,0,0,1,0,0,0,1,0,1,0,0,0,0,1,0,0,0,0,0,0,0,0,0,0,0,0,1,0,0,0,0,0,0,0,0,0,1,0,0,0,0,0
163850.0,144.0,3.0,0.0,65535.0,236544.0,177664.0,0.0,4096.0,4194304.0,4096.0,512.0,1433600.0,512.0,0.0,8192.0,1048576.0,417458.0,8192.0,185344.0,512.0,49450.0,2396160.0,9728.0,59392.0,826.0,0.0,2.0,0.0,0.0,5.0,2.0,21.0,0,0,0,1,0,0,1,0,1,0,0,1,1,1,0,0,0,0,0,0,0,0,0,0,0,0,1,0,0,0,0,0,0,0,0,0,1,0,0,0,0,0
412096.0,144.0,3.0,0.0,65535.0,1104896.0,132096.0,0.0,4096.0,4194304.0,4096.0,512.0,2772992.0,1536.0,2377677.0,4096.0,1048576.0,1104396.0,4096.0,1104896.0,1536.0,1116504.0,1110016.0,1116672.0,1106432.0,166.0,0.0,0.0,1.0,1.0,4.0,1.0,39.0,1,0,1,1,0,0,1,0,1,0,0,0,1,1,0,0,0,0,0,0,0,0,0,0,0,0,1,0,0,0,0,0,0,0,0,0,1,0,0,0,0,0
24321146.0,64.0,1.0,4.0,65535.0,3072.0,7168.0,0.0,4096.0,4194304.0,4096.0,512.0,24363008.0,1024.0,0.0,4096.0,1048576.0,4096.0,4096.0,0.0,0.0,2328.0,32768.0,2560.0,24576.0,42.0,0.0,0.0,0.0,0.0,0.0,2.0,2.0,0,0,0,0,0,0,1,0,0,0,0,0,0,1,0,0,0,0,1,0,0,0,0,0,0,0,1,1,0,0,0,0,0,0,0,0,1,0,0,0,0,0
42488.0,80.0,2.0,15.0,65535.0,40448.0,17920.0,0.0,4096.0,4194304.0,4096.0,512.0,81920.0,1024.0,16673685.0,16384.0,1048576.0,550452.0,8192.0,550912.0,512.0,24.0,61440.0,512.0,45056.0,0.0,0.0,0.0,0.0,0.0,0.0,4.0,0.0,0,0,1,0,0,0,1,0,0,0,0,0,1,1,0,0,0,0,0,0,0,0,0,0,0,0,1,0,0,0,0,0,0,0,0,0,1,0,0,0,0,0
4096.0,144.0,3.0,0.0,65535.0,70656.0,27136.0,0.0,4096.0,4194304.0,4096.0,512.0,114688.0,1024.0,0.0,4096.0,1048576.0,55650.0,20480.0,55808.0,15872.0,13221.0,77824.0,13312.0,71680.0,62.0,0.0,0.0,1.0,0.0,1.0,9.0,134.0,0,0,0,0,0,0,0,0,0,0,0,0,1,1,0,0,0,0,0,0,0,0,0,0,0,0,1,0,0,0,0,0,0,0,0,0,1,0,0,0,0,0
97458.0,144.0,3.0,0.0,65535.0,3118080.0,7755264.0,0.0,4096.0,4194304.0,4096.0,512.0,12054528.0,1024.0,194160.0,4096.0,1048576.0,82070.0,4096.0,4840960.0,1024.0,40462.0,1896448.0,8192.0,358400.0,0.0,0.0,2.0,0.0,0.0,0.0,7.0,0.0,0,0,1,0,0,0,1,0,1,0,0,0,1,1,0,0,0,0,1,0,0,0,0,0,0,0,1,0,0,0,0,0,0,0,0,0,1,0,0,0,0,0
2248720.0,80.0,3.0,0.0,65535.0,239104.0,331264.0,0.0,8192.0,4194304.0,4096.0,512.0,1171456.0,4096.0,0.0,4096.0,1048576.0,370092.0,8192.0,94720.0,1024.0,14300.0,36864.0,4096.0,286720.0,0.0,3.0,2.0,0.0,0.0,0.0,1.0,0.0,0,0,1,0,0,0,1,0,0,0,0,1,1,1,0,0,0,0,0,0,0,0,0,0,0,0,1,0,0,0,0,0,0,0,0,0,1,0,0,0,0,0
2248720.0,80.0,1.0,0.0,65535.0,16896.0,69120.0,0.0,4096.0,4194304.0,4096.0,512.0,4169728.0,4096.0,0.0,4096.0,1048576.0,426197.0,4096.0,109568.0,0.0,24.0,3833856.0,99328.0,8361984.0,13828.0,0.0,0.0,0.0,0.0,0.0,0.0,0.0,0,0,1,0,0,0,1,0,1,0,0,1,1,1,0,0,0,0,0,0,0,0,0,0,0,0,1,0,0,0,0,0,0,0,0,0,1,0,0,0,0,0
92046.0,144.0,3.0,0.0,65535.0,83968.0,70656.0,0.0,8192.0,4194304.0,8192.0,512.0,188416.0,1024.0,0.0,4096.0,1048576.0,83860.0,8192.0,83968.0,1024.0,224938.0,643072.0,225280.0,638464.0,44.0,0.0,0.0,0.0,0.0,0.0,1.0,1.0,0,0,1,0,0,0,0,0,0,0,0,1,0,1,0,0,0,0,0,0,0,0,0,0,0,0,1,0,0,0,0,0,0,0,0,0,1,0,0,0,0,0
757808.0,0.0,3.0,0.0,65535.0,70656.0,0.0,0.0,4096.0,4194304.0,4096.0,512.0,1781760.0,512.0,0.0,4096.0,1048576.0,2396.0,4096.0,3584.0,1024.0,103306.0,81920.0,10752.0,19253248.0,815.0,0.0,1.0,0.0,0.0,11.0,0.0,0.0,0,0,0,0,0,0,1,0,0,0,0,0,1,1,0,0,0,0,1,0,0,0,0,0,0,0,1,0,0,0,0,0,0,0,0,0,1,0,0,0,0,0
4864.0,144.0,3.0,0.0,65535.0,3072.0,9216.0,0.0,4096.0,5368709120.0,4096.0,512.0,28672.0,1024.0,58967.0,8192.0,1048576.0,2928.0,4096.0,3072.0,1024.0,2822.0,8192.0,3072.0,4096.0,0.0,0.0,0.0,0.0,0.0,0.0,4.0,38.0,1,0,1,1,0,0,1,0,1,0,0,0,1,1,0,0,0,0,0,0,0,0,0,0,0,0,1,0,0,0,0,0,0,0,0,0,1,0,0,0,0,0
233550.0,144.0,2.0,0.0,65535.0,184320.0,4295680.0,0.0,1167360.0,4194304.0,8192.0,512.0,397312.0,1024.0,0.0,4096.0,1048576.0,8428.0,8192.0,94720.0,1024.0,221704.0,3293184.0,10752.0,467456.0,898.0,0.0,0.0,0.0,0.0,0.0,1.0,0.0,0,0,0,0,0,0,1,0,0,0,0,1,1,1,0,0,0,0,0,0,0,0,0,0,0,0,1,0,0,0,0,0,0,0,0,0,1,0,0,0,0,0
12670.0,144.0,3.0,0.0,65535.0,4608.0,34304.0,0.0,8192.0,4194304.0,8192.0,512.0,65536.0,512.0,0.0,4096.0,1048576.0,4484.0,8192.0,4608.0,512.0,310038.0,1101824.0,310272.0,1095680.0,152.0,4.0,0.0,0.0,0.0,0.0,1.0,1.0,0,0,0,0,0,0,1,0,0,0,0,1,1,1,0,0,0,0,0,0,0,0,0,0,0,0,1,0,0,0,0,0,0,0,0,0,1,0,0,0,0,0
144099.0,144.0,3.0,0.0,65535.0,145408.0,603136.0,0.0,4096.0,4194304.0,4096.0,512.0,761856.0,1024.0,198836379.0,81920.0,1048576.0,145104.0,4096.0,145408.0,1024.0,573540.0,151552.0,573952.0,146432.0,0.0,0.0,0.0,0.0,0.0,0.0,10.0,1547.0,0,0,0,0,0,0,1,0,0,0,0,0,1,1,0,0,0,0,0,0,0,0,0,0,0,0,1,0,0,0,0,0,0,0,0,0,1,0,0,0,0,0
6228.0,144.0,3.0,0.0,65535.0,263680.0,43008.0,65536.0,4096.0,4194304.0,4096.0,512.0,565248.0,1024.0,0.0,4096.0,1048576.0,13352.0,4096.0,13824.0,1024.0,65536.0,20480.0,0.0,0.0,1.0,0.0,0.0,0.0,0.0,4.0,1.0,9.0,0,0,1,0,0,0,1,0,0,0,0,0,1,1,0,0,0,0,0,0,0,0,0,0,0,0,1,1,0,0,0,0,0,0,0,0,0,1,0,0,1,0
11980.0,144.0,3.0,0.0,65535.0,38912.0,491520.0,0.0,4096.0,4194304.0,4096.0,512.0,552960.0,1024.0,563021.0,4096.0,1048576.0,38676.0,4096.0,38912.0,1024.0,14926.0,45056.0,15360.0,39936.0,0.0,0.0,0.0,0.0,0.0,0.0,7.0,163.0,0,0,1,0,0,0,1,0,0,0,0,0,1,1,0,0,0,0,0,0,0,0,0,0,0,0,1,0,0,0,0,0,0,0,0,0,1,0,0,0,0,0
35604.0,144.0,3.0,0.0,65535.0,136704.0,158720.0,0.0,4096.0,5368709120.0,4096.0,512.0,315392.0,1024.0,12687190.0,4096.0,1048576.0,136400.0,4096.0,136704.0,1024.0,62622.0,143360.0,62976.0,137728.0,0.0,0.0,0.0,0.0,0.0,0.0,3.0,97.0,1,0,0,1,0,0,1,0,1,0,0,0,1,1,0,0,0,0,0,0,0,0,0,0,0,0,1,0,0,0,0,0,0,0,0,0,1,0,0,0,0,0
369776.0,144.0,3.0,0.0,65535.0,84480.0,225280.0,0.0,4096.0,4194304.0,8192.0,512.0,81920.0,4096.0,0.0,16384.0,1048576.0,682086.0,4096.0,1147392.0,1024.0,1778.0,61440.0,4096.0,131072.0,864.0,0.0,0.0,0.0,0.0,8.0,5.0,0.0,0,0,0,0,0,0,1,0,1,0,0,1,1,1,0,0,0,0,1,0,0,0,0,0,0,0,1,1,0,0,0,0,0,0,0,0,1,0,0,0,0,0
2805182.0,144.0,3.0,0.0,65535.0,3348992.0,3583488.0,0.0,4096.0,4194304.0,4096.0,512.0,6942720.0,1024.0,7107869.0,4096.0,1048576.0,3348632.0,4096.0,3348992.0,1024.0,1029658.0,3354624.0,1030144.0,3350016.0,254.0,0.0,0.0,0.0,0.0,0.0,2.0,220.0,0,0,0,0,0,0,1,0,0,0,0,0,1,1,0,0,0,0,0,0,0,0,0,0,0,0,1,0,0,0,0,0,0,0,0,0,1,0,0,0,0,0
40137.0,144.0,3.0,0.0,65535.0,39424.0,0.0,0.0,4096.0,4194304.0,4096.0,512.0,43520.0,512.0,0.0,4096.0,1048576.0,43600.0,8192.0,44032.0,512.0,39088.0,4096.0,39424.0,512.0,1.0,0.0,0.0,0.0,0.0,0.0,1.0,37.0,0,0,0,0,0,0,0,0,0,0,1,0,0,1,0,0,0,0,0,0,0,0,0,0,0,0,1,0,0,0,0,0,0,0,0,1,0,0,1,0,1,0
193022.0,144.0,3.0,0.0,65535.0,185344.0,1536.0,0.0,8192.0,4194304.0,8192.0,512.0,212992.0,512.0,0.0,4096.0,1048576.0,184836.0,8192.0,185344.0,512.0,321222.0,1015808.0,321536.0,1012736.0,588.0,12.0,0.0,2.0,0.0,3.0,1.0,1.0,0,0,1,0,0,0,1,0,0,0,0,1,1,1,0,0,0,0,0,0,0,0,0,0,0,0,1,0,0,0,0,0,0,0,0,0,1,0,0,0,0,0
12538.0,144.0,3.0,0.0,65535.0,24064.0,164864.0,1024.0,4096.0,4194304.0,4096.0,512.0,245760.0,1024.0,0.0,4096.0,1048576.0,23628.0,4096.0,24064.0,1024.0,4764.0,28672.0,5120.0,25088.0,1340.0,0.0,0.0,0.0,0.0,4.0,8.0,155.0,0,0,1,0,0,0,0,0,0,0,0,0,0,1,0,0,0,0,0,0,0,0,0,0,0,0,1,0,0,0,0,0,0,0,0,0,1,0,0,0,0,0
453792.0,144.0,3.0,0.0,65535.0,3720192.0,369152.0,0.0,4096.0,4194304.0,4096.0,512.0,8376320.0,1536.0,0.0,4096.0,1048576.0,3719767.0,4096.0,3720192.0,1536.0,3701016.0,3727360.0,3701248.0,3721728.0,0.0,0.0,0.0,0.0,0.0,0.0,1.0,39.0,1,0,1,1,0,0,1,0,1,0,0,0,1,1,0,0,0,0,1,0,0,0,0,0,0,0,1,0,0,0,0,0,0,0,0,0,1,0,0,0,0,0
143360.0,144.0,3.0,0.0,65535.0,301056.0,179200.0,0.0,4096.0,4194304.0,4096.0,512.0,5726208.0,1024.0,3678747.0,4096.0,1048576.0,189800.0,4096.0,192512.0,4096.0,4192.0,12288.0,4608.0,6656.0,14.0,0.0,0.0,0.0,0.0,0.0,3.0,5.0,0,0,1,0,0,0,0,0,0,0,0,0,1,1,0,0,0,0,0,0,0,0,0,0,0,0,1,1,0,0,0,0,0,0,0,0,1,0,0,0,0,0
11866.0,144.0,3.0,0.0,65535.0,4096.0,1536.0,0.0,8192.0,4194304.0,8192.0,512.0,32768.0,512.0,60805.0,4096.0,1048576.0,3680.0,8192.0,4096.0,512.0,24.0,667648.0,512.0,620544.0,4131.0,29.0,0.0,5.0,0.0,18.0,1.0,1.0,0,0,1,0,0,0,1,0,1,0,0,1,1,1,0,0,0,0,0,0,0,0,0,0,0,0,1,0,0,0,0,0,0,0,0,0,1,0,0,0,0,0
124030.0,144.0,3.0,0.0,65535.0,118784.0,8192.0,0.0,8192.0,4194304.0,8192.0,4096.0,147456.0,4096.0,0.0,4096.0,1048576.0,115844.0,8192.0,118784.0,4096.0,20732.0,86016.0,20992.0,80896.0,257.0,0.0,0.0,0.0,0.0,0.0,1.0,1.0,0,0,0,0,0,0,1,0,0,0,0,1,1,1,0,0,0,0,0,0,0,0,0,0,0,0,1,0,0,0,0,0,0,0,0,0,1,0,0,0,0,0
1297168.0,80.0,2.0,15.0,65535.0,475136.0,376832.0,819200.0,823296.0,4194304.0,4096.0,512.0,1675264.0,4096.0,0.0,16384.0,1048576.0,1073700.0,8192.0,1074176.0,512.0,24.0,245760.0,512.0,65536.0,246.0,0.0,0.0,0.0,0.0,0.0,13.0,18.0,0,0,1,0,0,0,1,0,1,0,0,0,0,1,0,0,0,0,0,0,0,0,0,0,0,0,1,0,0,0,0,0,0,0,0,0,1,0,0,0,0,0
2050558.0,144.0,3.0,0.0,65535.0,512.0,8192.0,0.0,1024.0,4194304.0,512.0,512.0,9728.0,1024.0,56410.0,4096.0,1048576.0,104.0,1024.0,512.0,1024.0,13962.0,86016.0,14336.0,76288.0,5.0,0.0,0.0,0.0,0.0,3.0,0.0,0.0,0,0,1,0,0,0,0,0,0,0,0,0,0,1,0,0,0,0,0,0,0,0,0,0,0,0,1,0,0,0,0,0,0,0,0,0,1,0,0,0,0,0
13594.0,144.0,3.0,0.0,65535.0,9216.0,2048.0,0.0,8192.0,4194304.0,4096.0,512.0,155648.0,1024.0,0.0,4096.0,1048576.0,169096.0,4096.0,79872.0,1024.0,24.0,53248.0,12288.0,229888.0,874.0,3.0,1.0,0.0,0.0,12.0,12.0,1.0,0,0,1,0,0,0,1,0,0,0,0,1,1,1,0,0,0,0,0,0,0,0,0,0,0,0,1,0,0,0,0,0,0,0,0,0,1,0,0,0,0,0
557501.0,144.0,3.0,0.0,65535.0,1191424.0,316416.0,0.0,4096.0,4194304.0,4096.0,512.0,2076672.0,1024.0,0.0,4096.0,1048576.0,1190976.0,557056.0,1191424.0,1024.0,245234.0,1748992.0,245248.0,1192448.0,4381.0,0.0,0.0,3.0,2.0,5.0,3.0,109.0,0,0,0,0,0,0,1,0,0,0,0,0,1,1,0,0,0,0,0,0,0,0,0,0,0,0,1,0,0,0,0,0,0,0,0,0,1,0,0,0,0,0
43454.0,144.0,3.0,0.0,65535.0,35328.0,2048.0,0.0,8192.0,4194304.0,8192.0,512.0,65536.0,512.0,0.0,4096.0,1048576.0,35268.0,8192.0,35328.0,512.0,22884.0,49152.0,23040.0,44032.0,22.0,0.0,0.0,0.0,0.0,3.0,1.0,1.0,0,0,0,0,0,0,1,0,1,0,0,1,1,1,0,0,0,0,0,0,0,0,0,0,0,0,1,0,0,0,0,0,0,0,0,0,1,0,0,0,0,0
107871.0,144.0,3.0,0.0,65535.0,16896.0,199168.0,0.0,4096.0,4194304.0,4096.0,4096.0,1769472.0,512.0,92886.0,4096.0,1048576.0,251872.0,8192.0,143360.0,1024.0,25856.0,610304.0,99328.0,113664.0,750.0,0.0,0.0,0.0,0.0,11.0,3.0,21.0,0,0,1,0,0,0,1,0,0,0,0,1,1,1,0,0,0,0,0,0,0,0,0,0,0,0,1,0,0,0,0,0,0,0,0,0,1,0,0,0,0,0
87640.0,144.0,3.0,0.0,65535.0,256512.0,117760.0,0.0,4096.0,5368709120.0,4096.0,512.0,389120.0,1024.0,0.0,4096.0,1048576.0,256352.0,4096.0,256512.0,1024.0,88820.0,262144.0,89088.0,257536.0,0.0,0.0,0.0,0.0,0.0,0.0,3.0,100.0,1,0,0,1,0,0,1,0,1,0,0,0,1,1,0,0,0,0,0,0,0,0,0,0,0,0,1,0,0,0,0,0,0,0,0,0,1,0,0,0,0,0
89711.0,144.0,3.0,0.0,65535.0,96256.0,33792.0,0.0,4096.0,4194304.0,4096.0,512.0,143360.0,1024.0,0.0,4096.0,1048576.0,95756.0,4096.0,96256.0,1024.0,16540.0,102400.0,16896.0,97280.0,0.0,0.0,0.0,0.0,0.0,0.0,6.0,109.0,0,0,0,0,0,0,1,0,0,0,0,0,1,1,0,0,0,0,0,0,0,0,0,0,0,0,1,0,0,0,0,0,0,0,0,0,1,0,0,0,0,0
86182.0,144.0,3.0,0.0,65535.0,78336.0,70656.0,0.0,8192.0,4194304.0,8192.0,512.0,172032.0,512.0,0.0,4096.0,1048576.0,77996.0,8192.0,78336.0,512.0,13372.0,73728.0,13824.0,70144.0,198.0,0.0,0.0,0.0,0.0,0.0,1.0,1.0,0,0,1,0,0,0,1,0,1,0,0,1,1,1,0,0,0,0,0,0,0,0,0,0,0,0,1,0,0,0,0,0,0,0,0,0,1,0,0,0,0,0
7362.0,144.0,3.0,0.0,65535.0,4096.0,2039808.0,0.0,4096.0,4194304.0,4096.0,512.0,2056192.0,1024.0,2095022.0,4096.0,1048576.0,3752.0,4096.0,4096.0,1024.0,2039150.0,8192.0,2039296.0,5120.0,0.0,0.0,0.0,0.0,0.0,0.0,2.0,16.0,1,0,1,1,0,0,1,0,1,0,0,1,1,1,0,0,0,0,0,0,0,0,0,0,0,0,1,0,0,0,0,0,0,0,0,0,1,0,0,0,0,0
2006450.0,144.0,3.0,0.0,65535.0,4137472.0,1613312.0,0.0,4096.0,5368709120.0,4096.0,512.0,7745536.0,1024.0,0.0,4096.0,1048576.0,4137384.0,1966080.0,4137472.0,1024.0,1153422.0,6107136.0,1153536.0,4138496.0,0.0,0.0,0.0,0.0,0.0,0.0,5.0,197.0,1,0,1,1,0,0,1,0,1,0,0,0,1,1,0,0,0,0,0,0,0,0,0,0,0,0,1,0,0,0,0,0,0,0,0,0,1,0,0,0,0,0
111824.0,144.0,3.0,0.0,65535.0,255488.0,1157632.0,0.0,4096.0,4194304.0,4096.0,512.0,1433600.0,1024.0,382787.0,4096.0,1048576.0,255478.0,4096.0,255488.0,1024.0,62970.0,139264.0,62976.0,134144.0,2.0,0.0,0.0,0.0,0.0,0.0,3.0,210.0,0,0,1,0,0,0,0,0,0,0,0,0,1,1,0,0,0,0,0,0,0,0,0,0,0,0,1,0,0,0,0,0,0,0,0,0,1,0,0,0,0,0
143360.0,144.0,3.0,0.0,65535.0,138752.0,666624.0,0.0,4096.0,4194304.0,4096.0,512.0,5754880.0,1024.0,4151156.0,4096.0,1048576.0,157533.0,4096.0,0.0,0.0,23686.0,163840.0,0.0,0.0,303.0,0.0,0.0,1.0,1.0,4.0,3.0,5.0,0,0,1,0,0,0,0,0,0,0,0,0,1,1,0,0,0,0,0,0,0,0,0,0,0,0,1,0,0,0,0,0,0,0,0,0,1,0,0,0,0,0
347726.0,144.0,3.0,0.0,65535.0,30720.0,331264.0,0.0,4096.0,4194304.0,4096.0,512.0,3313664.0,4096.0,0.0,4096.0,1048576.0,128212.0,4096.0,4594688.0,1536.0,6132.0,483328.0,1890816.0,3797504.0,879.0,3.0,0.0,0.0,0.0,10.0,8.0,8.0,0,0,1,0,0,0,1,0,1,0,0,1,1,1,0,0,0,0,0,0,0,0,0,0,0,0,1,1,0,0,0,0,0,0,0,0,1,0,0,0,0,0
919706.0,144.0,3.0,0.0,65535.0,139776.0,10752.0,0.0,4096.0,4194304.0,4096.0,512.0,1433600.0,1024.0,1296063.0,4096.0,1048576.0,462748.0,4096.0,495616.0,1024.0,15314.0,253952.0,45568.0,1399808.0,682.0,0.0,0.0,0.0,0.0,5.0,1.0,20.0,0,0,1,1,0,0,1,0,0,0,0,0,1,1,0,0,0,0,1,0,0,0,0,0,0,0,1,1,0,0,0,0,0,0,0,0,1,0,0,0,0,0
55404.0,80.0,2.0,15.0,65535.0,51712.0,11776.0,0.0,4096.0,4194304.0,4096.0,512.0,90112.0,1024.0,0.0,16384.0,1048576.0,116820.0,4096.0,118784.0,4096.0,24.0,77824.0,512.0,58368.0,15.0,0.0,0.0,0.0,0.0,5.0,5.0,54.0,0,0,1,0,0,0,1,0,0,0,0,1,1,1,0,0,0,0,0,0,0,0,0,0,0,0,1,0,0,0,0,0,0,0,0,0,1,0,0,0,0,0
4612980.0,64.0,1.0,0.0,65535.0,3172352.0,1405440.0,0.0,4096.0,4194304.0,4096.0,512.0,11911168.0,512.0,1607875.0,4096.0,1048576.0,2283752.0,4096.0,2284032.0,1024.0,776664.0,2289664.0,776704.0,2285056.0,25.0,0.0,0.0,0.0,0.0,0.0,2.0,4.0,0,0,1,0,0,0,1,0,1,0,0,0,1,1,0,0,0,0,0,0,0,0,0,0,0,0,1,0,0,0,0,0,0,0,0,0,1,0,0,0,0,0
13784.0,144.0,3.0,0.0,65535.0,26112.0,141824.0,2048.0,4096.0,4194304.0,4096.0,512.0,245760.0,1024.0,0.0,4096.0,1048576.0,25970.0,4096.0,26112.0,1024.0,5016.0,32768.0,5120.0,27136.0,0.0,0.0,0.0,0.0,0.0,0.0,7.0,165.0,0,0,1,0,0,0,1,0,0,0,0,1,1,1,0,0,0,0,0,0,0,0,0,0,0,0,1,0,0,0,0,0,0,0,0,0,1,0,0,0,0,0
43208.0,144.0,3.0,0.0,65535.0,144896.0,87040.0,0.0,4096.0,5368709120.0,4096.0,512.0,315392.0,1024.0,15304036.0,4096.0,1048576.0,144848.0,4096.0,144896.0,1024.0,71832.0,151552.0,72192.0,145920.0,0.0,0.0,0.0,0.0,0.0,0.0,5.0,120.0,1,0,1,1,0,0,1,0,1,0,0,0,1,1,0,0,0,0,0,0,0,0,0,0,0,0,1,0,0,0,0,0,0,0,0,0,1,0,0,0,0,0
39392.0,144.0,3.0,0.0,65535.0,151552.0,129024.0,0.0,4096.0,4194304.0,4096.0,512.0,352256.0,1024.0,6190848.0,4096.0,1048576.0,151074.0,4096.0,151552.0,1024.0,55980.0,155648.0,56320.0,152576.0,14.0,0.0,0.0,0.0,0.0,4.0,2.0,97.0,0,0,0,0,0,0,1,0,0,0,0,0,1,1,0,0,0,0,0,0,0,0,0,0,0,0,1,0,0,0,0,0,0,0,0,0,1,0,0,0,0,0
17856.0,144.0,3.0,0.0,65535.0,152064.0,3584.0,0.0,4096.0,5368709120.0,4096.0,512.0,176128.0,1024.0,0.0,4096.0,1048576.0,13846.0,4096.0,14336.0,1024.0,2016.0,159744.0,2048.0,153088.0,0.0,0.0,0.0,0.0,0.0,0.0,2.0,30.0,1,0,1,1,0,0,1,0,1,0,0,0,1,1,0,0,0,0,0,0,0,0,0,0,0,0,1,0,0,0,0,0,0,0,0,0,1,0,0,0,0,0
1831134.0,144.0,3.0,0.0,65535.0,1823232.0,135680.0,0.0,8192.0,4194304.0,8192.0,512.0,1982464.0,512.0,2012428.0,4096.0,1048576.0,1822948.0,8192.0,1823232.0,512.0,4096.0,671744.0,512.0,625152.0,107.0,0.0,0.0,0.0,0.0,0.0,1.0,1.0,0,0,1,0,0,0,1,0,0,0,0,1,1,1,0,0,0,0,0,0,0,0,0,0,0,0,1,0,0,0,0,0,0,0,0,0,1,0,0,0,0,0
1871153.0,144.0,3.0,0.0,65535.0,58368.0,25600.0,0.0,4096.0,4194304.0,4096.0,512.0,172032.0,1024.0,0.0,4096.0,1048576.0,58294.0,69632.0,58368.0,1024.0,11678.0,131072.0,11776.0,59392.0,0.0,0.0,0.0,0.0,0.0,0.0,5.0,110.0,0,0,0,0,0,0,1,0,0,0,0,0,1,1,0,0,0,0,0,0,0,0,0,0,0,0,1,0,0,0,0,0,0,0,0,0,1,0,0,0,0,0
5296.0,144.0,3.0,0.0,65535.0,17920.0,28160.0,3072.0,4096.0,4194304.0,4096.0,512.0,57344.0,1024.0,65328.0,4096.0,1048576.0,17464.0,4096.0,17920.0,1024.0,3072.0,28672.0,3072.0,19456.0,0.0,0.0,0.0,0.0,0.0,0.0,0.0,0.0,1,0,1,1,0,0,1,0,1,0,0,0,1,1,0,0,0,0,1,0,0,0,0,0,0,0,1,0,0,0,0,0,0,0,0,0,1,0,0,0,0,0
354272.0,144.0,3.0,0.0,65535.0,1017856.0,126976.0,0.0,4096.0,4194304.0,4096.0,512.0,2600960.0,1536.0,0.0,4096.0,1048576.0,1017565.0,4096.0,1017856.0,1536.0,1015864.0,1024000.0,1016320.0,1019392.0,0.0,0.0,0.0,0.0,0.0,0.0,1.0,40.0,1,0,0,1,0,0,1,0,1,0,0,0,1,1,0,0,0,0,0,0,0,0,0,0,0,0,1,0,0,0,0,0,0,0,0,0,1,0,0,0,0,0
19574.0,13623.0,3.0,0.0,65535.0,696320.0,99840.0,0.0,4096.0,4194304.0,4096.0,512.0,11821056.0,4096.0,1296063.0,8192.0,1048576.0,10408.0,4096.0,247808.0,1024.0,4732.0,970752.0,12288.0,1029120.0,897.0,0.0,1.0,0.0,0.0,3.0,1.0,0.0,0,0,1,0,0,0,1,0,0,0,0,1,1,1,0,0,0,0,0,0,0,0,0,0,0,0,1,0,0,0,0,0,0,0,0,0,1,0,0,0,0,0
9268.0,80.0,2.0,15.0,65535.0,3719168.0,4294953472.0,0.0,4096.0,4194304.0,4096.0,512.0,5005312.0,1536.0,4885053.0,8192.0,1048576.0,3719168.0,4096.0,3715584.0,1536.0,4096.0,3956736.0,512.0,3797504.0,6.0,0.0,0.0,0.0,0.0,3.0,24.0,607.0,0,0,1,0,0,0,1,0,1,0,0,1,1,1,0,0,0,0,0,0,0,0,0,0,0,0,1,0,0,0,0,0,0,0,0,0,1,0,0,0,0,0
397344.0,144.0,3.0,0.0,65535.0,700416.0,104960.0,0.0,4096.0,4194304.0,4096.0,512.0,2691072.0,1536.0,0.0,4096.0,1048576.0,700217.0,4096.0,700416.0,1536.0,750080.0,704512.0,750080.0,701952.0,0.0,0.0,0.0,0.0,0.0,0.0,1.0,40.0,1,0,0,1,0,0,1,0,1,0,0,0,1,1,0,0,0,0,0,0,0,0,0,0,0,0,1,0,0,0,0,0,0,0,0,0,1,0,0,0,0,0
5793.0,144.0,3.0,0.0,65535.0,3584.0,20480.0,0.0,4096.0,486539264.0,4096.0,512.0,36864.0,1024.0,106601.0,4096.0,1048576.0,3472.0,4096.0,3584.0,1024.0,2788.0,8192.0,3072.0,4608.0,0.0,0.0,0.0,0.0,0.0,4.0,3.0,58.0,0,0,1,0,0,0,0,0,0,0,0,0,0,1,0,0,0,0,0,0,0,0,0,0,0,0,1,0,0,0,0,0,0,0,0,0,1,0,0,0,0,0
6954730.0,144.0,3.0,0.0,65535.0,20992.0,16384.0,0.0,4096.0,4194304.0,4096.0,512.0,8794112.0,1024.0,5546140.0,4096.0,1048576.0,20532.0,4096.0,0.0,0.0,9378.0,28672.0,0.0,0.0,5.0,0.0,0.0,0.0,0.0,0.0,9.0,9.0,0,0,0,0,0,0,1,0,0,0,0,0,1,1,0,0,0,0,0,0,0,0,0,0,0,0,1,0,0,0,0,0,0,0,0,0,1,0,0,0,0,0
5874687.0,144.0,3.0,0.0,65535.0,6387712.0,1584640.0,0.0,4096.0,4194304.0,4096.0,512.0,7987200.0,1024.0,0.0,262144.0,1048576.0,6387660.0,4096.0,6387712.0,1024.0,716781.0,6393856.0,716800.0,6388736.0,0.0,0.0,0.0,0.0,0.0,5.0,25.0,435.0,0,0,1,0,0,0,0,0,0,0,0,0,1,1,0,0,0,0,0,0,0,0,0,0,0,0,1,0,0,0,0,0,0,0,0,0,1,0,0,0,0,0
5036000.0,120.0,1.0,0.0,0.0,8537088.0,3639296.0,0.0,4096.0,4194304.0,4096.0,512.0,12308480.0,1024.0,0.0,4096.0,1048576.0,8537070.0,4096.0,8537088.0,1024.0,3289668.0,8544256.0,3290112.0,8538112.0,135.0,0.0,0.0,0.0,0.0,2.0,16.0,317.0,0,0,0,0,0,0,1,0,0,0,0,0,1,1,0,0,0,0,0,0,0,0,0,0,0,0,1,0,0,0,0,0,0,0,0,0,1,0,0,0,0,0
380864.0,144.0,3.0,0.0,65535.0,28672.0,32768.0,0.0,4096.0,4194304.0,4096.0,512.0,327680.0,4096.0,0.0,4096.0,1048576.0,10886.0,4096.0,247808.0,4096.0,45102.0,143360.0,4096.0,26112.0,636.0,2.0,0.0,0.0,0.0,11.0,4.0,51.0,0,0,0,0,0,0,1,0,0,0,0,1,1,1,0,0,0,0,0,0,0,0,0,0,0,0,1,0,0,0,0,0,0,0,0,0,1,0,0,0,0,0
5286.0,144.0,3.0,0.0,65535.0,134656.0,466944.0,0.0,4096.0,4194304.0,4096.0,512.0,614400.0,1024.0,0.0,4096.0,1048576.0,134634.0,4096.0,134656.0,1024.0,80300.0,139264.0,80384.0,135680.0,0.0,0.0,0.0,0.0,0.0,0.0,9.0,631.0,0,0,1,0,0,0,1,0,0,0,0,0,1,1,0,0,0,0,0,0,0,0,0,0,0,0,1,0,0,0,0,0,0,0,0,0,1,0,0,0,0,0
395872.0,144.0,3.0,0.0,65535.0,2669056.0,118784.0,0.0,4096.0,4194304.0,4096.0,512.0,4554752.0,1536.0,0.0,4096.0,1048576.0,2668592.0,4096.0,2669056.0,1536.0,1319656.0,2674688.0,1319936.0,2670592.0,0.0,0.0,0.0,0.0,0.0,0.0,1.0,40.0,1,0,0,1,0,0,1,0,1,0,0,0,1,1,0,0,0,0,0,0,0,0,0,0,0,0,1,0,0,0,0,0,0,0,0,0,1,0,0,0,0,0
270594.0,144.0,3.0,0.0,65535.0,421376.0,512.0,0.0,8192.0,4194304.0,8192.0,512.0,442368.0,512.0,0.0,4096.0,1048576.0,421368.0,8192.0,421376.0,512.0,18678.0,69632.0,18944.0,64000.0,24.0,0.0,0.0,0.0,0.0,0.0,1.0,1.0,0,0,0,0,0,0,1,0,0,0,0,1,1,1,0,0,0,0,0,0,0,0,0,0,0,0,1,0,0,0,0,0,0,0,0,0,1,0,0,0,0,0
9924.0,144.0,3.0,0.0,65535.0,82432.0,43008.0,0.0,4096.0,4194304.0,4096.0,512.0,143360.0,1024.0,144594.0,4096.0,1048576.0,82410.0,4096.0,82432.0,1024.0,31416.0,90112.0,31744.0,83456.0,1.0,0.0,0.0,0.0,0.0,0.0,1.0,84.0,0,0,0,0,0,0,1,0,0,0,0,0,1,1,0,0,0,0,0,0,0,0,0,0,0,0,1,0,0,0,0,0,0,0,0,0,1,0,0,0,0,0
19259.0,144.0,3.0,0.0,65535.0,70656.0,73728.0,0.0,1167360.0,4194304.0,4096.0,512.0,495616.0,1024.0,1296063.0,4096.0,1048576.0,7303168.0,4096.0,53760.0,1024.0,1512.0,3293184.0,536064.0,37888.0,893.0,0.0,1.0,0.0,0.0,6.0,0.0,234.0,0,0,1,0,0,0,1,0,0,0,0,0,1,1,0,0,0,0,0,0,0,0,0,0,0,0,1,0,0,0,0,0,0,0,0,0,1,0,0,0,0,0
6741830.0,80.0,2.0,15.0,65535.0,359424.0,138752.0,0.0,4096.0,4194304.0,4096.0,512.0,6877184.0,1024.0,0.0,16384.0,1048576.0,357196.0,4096.0,0.0,0.0,24.0,413696.0,0.0,0.0,38.0,0.0,0.0,0.0,0.0,0.0,8.0,8.0,0,0,1,0,0,0,1,0,1,0,0,1,1,1,0,0,0,0,0,0,0,0,0,0,0,0,1,0,0,0,0,0,0,0,0,0,1,0,0,0,0,0
163850.0,144.0,3.0,0.0,65535.0,28672.0,126464.0,0.0,4096.0,4194304.0,128.0,512.0,290816.0,1024.0,92886.0,4096.0,1048576.0,370092.0,8192.0,517120.0,1024.0,82566.0,8548352.0,99328.0,238080.0,861.0,3.0,2.0,0.0,0.0,1.0,0.0,1588.0,0,0,0,0,0,0,1,0,0,0,0,1,1,1,0,0,0,0,0,0,0,0,0,0,0,0,1,0,0,0,0,0,0,0,0,0,1,0,0,0,0,0
385556.0,144.0,3.0,0.0,65535.0,541184.0,312832.0,0.0,4096.0,4194304.0,4096.0,512.0,933888.0,1024.0,888083.0,4096.0,1048576.0,540711.0,4096.0,541184.0,1024.0,161452.0,548864.0,161792.0,542208.0,13.0,0.0,0.0,0.0,0.0,0.0,12.0,417.0,0,0,1,0,0,0,0,0,0,0,0,0,0,1,0,0,0,0,0,0,0,0,0,0,0,0,1,0,0,0,0,0,0,0,0,0,1,0,0,0,0,0
398292.0,144.0,3.0,0.0,65535.0,569344.0,195584.0,0.0,4096.0,5368709120.0,4096.0,512.0,782336.0,1024.0,0.0,4096.0,1048576.0,569284.0,4096.0,569344.0,1024.0,135280.0,573440.0,135680.0,570368.0,0.0,0.0,0.0,0.0,0.0,0.0,6.0,145.0,1,0,0,1,0,0,1,0,1,0,0,0,1,1,0,0,0,0,0,0,0,0,0,0,0,0,1,0,0,0,0,0,0,0,0,0,1,0,0,0,0,0
4837.0,144.0,3.0,0.0,65535.0,3584.0,8192.0,0.0,4096.0,4194304.0,4096.0,512.0,28672.0,1024.0,0.0,4096.0,1048576.0,3093.0,4096.0,3584.0,1024.0,5556.0,8192.0,5632.0,4608.0,385.0,0.0,0.0,0.0,0.0,5.0,7.0,57.0,0,0,1,0,0,0,1,0,0,0,0,1,1,1,0,0,0,0,0,0,0,0,0,0,0,0,1,0,0,0,0,0,0,0,0,0,1,0,0,0,0,0
0.0,144.0,3.0,0.0,65535.0,31744.0,1536.0,0.0,8192.0,5368709120.0,8192.0,512.0,49152.0,512.0,0.0,16384.0,1048576.0,31744.0,8192.0,31744.0,512.0,51678.0,147456.0,51712.0,144384.0,0.0,0.0,0.0,0.0,0.0,0.0,0.0,0.0,1,0,1,1,0,0,1,0,0,0,0,1,1,1,0,0,0,0,0,0,0,0,0,0,0,0,1,0,0,0,0,0,0,0,0,0,1,0,0,0,0,0
47774.0,144.0,3.0,0.0,65535.0,39936.0,208384.0,0.0,8192.0,4194304.0,8192.0,512.0,270336.0,512.0,0.0,4096.0,1048576.0,39588.0,8192.0,39936.0,512.0,299508.0,3862528.0,299520.0,2607104.0,21.0,0.0,0.0,0.0,0.0,0.0,1.0,1.0,0,0,0,0,0,0,1,0,0,0,0,1,1,1,0,0,0,0,0,0,0,0,0,0,0,0,1,0,0,0,0,0,0,0,0,0,1,0,0,0,0,0
4096.0,144.0,3.0,0.0,65535.0,6144.0,487424.0,0.0,4096.0,4194304.0,4096.0,512.0,507904.0,1024.0,0.0,4096.0,1048576.0,6082.0,4096.0,6144.0,1024.0,2572.0,315392.0,3072.0,309760.0,0.0,0.0,0.0,0.0,0.0,0.0,0.0,0.0,0,0,1,0,0,0,1,0,0,0,0,0,1,1,0,0,0,0,0,0,0,0,0,0,0,0,1,0,0,0,0,0,0,0,0,0,1,0,0,0,0,0
20512.0,144.0,2.0,0.0,65535.0,2560.0,12861440.0,0.0,4096.0,4194304.0,8192.0,512.0,5160960.0,1024.0,0.0,4096.0,1048576.0,567796.0,4096.0,0.0,1024.0,306780.0,172032.0,4096.0,521216.0,866.0,2.0,2.0,0.0,0.0,11.0,4.0,0.0,0,0,0,0,0,0,1,0,0,0,0,1,1,1,0,0,0,0,0,0,0,0,0,0,0,0,1,0,0,0,0,0,0,0,0,0,1,0,0,0,0,0
9130160.0,144.0,3.0,0.0,65535.0,120320.0,400384.0,0.0,4096.0,4194304.0,4096.0,512.0,20566016.0,1024.0,11675798.0,4096.0,1048576.0,120318.0,4096.0,0.0,0.0,10832.0,126976.0,0.0,0.0,10.0,0.0,0.0,0.0,0.0,0.0,4.0,4.0,0,0,1,0,0,0,0,0,0,0,0,0,1,1,0,0,0,0,0,0,0,0,0,0,0,0,1,0,0,0,0,0,0,0,0,0,1,0,0,0,0,0
2319342.0,144.0,3.0,0.0,65535.0,2311168.0,118784.0,0.0,8192.0,4194304.0,8192.0,512.0,2457600.0,512.0,0.0,4096.0,1048576.0,2311156.0,8192.0,2311168.0,512.0,4734.0,16384.0,8192.0,16384.0,186.0,0.0,0.0,0.0,0.0,0.0,1.0,1.0,0,0,1,0,0,0,1,0,1,0,0,1,1,1,0,0,0,0,0,0,0,0,0,0,0,0,1,0,0,0,0,0,0,0,0,0,1,0,0,0,1,0
587912.0,64.0,1.0,0.0,65535.0,586752.0,709632.0,0.0,4096.0,4194304.0,4096.0,512.0,1650688.0,512.0,627574.0,53248.0,1048576.0,1528832.0,4096.0,1528832.0,1024.0,335876.0,1536000.0,336384.0,1529856.0,1.0,0.0,0.0,0.0,0.0,0.0,21.0,221.0,0,0,1,0,0,0,1,0,1,0,0,0,1,1,0,0,0,0,0,0,0,0,0,0,0,0,1,0,0,0,0,0,0,0,0,0,1,0,0,0,0,0
163850.0,144.0,3.0,0.0,65535.0,25600.0,462848.0,0.0,4096.0,4194304.0,8192.0,512.0,40960.0,512.0,0.0,4096.0,1048576.0,4101572.0,4096.0,247808.0,1024.0,18238.0,36864.0,512.0,467456.0,835.0,0.0,0.0,0.0,0.0,5.0,0.0,14.0,0,0,1,0,0,0,1,0,0,0,0,1,1,1,0,0,0,0,0,0,0,0,0,0,0,0,1,1,0,0,0,0,0,0,0,0,1,0,0,0,0,0
3627278.0,144.0,3.0,0.0,65535.0,3619328.0,109568.0,0.0,8192.0,4194304.0,8192.0,512.0,3751936.0,512.0,0.0,4096.0,1048576.0,3619092.0,8192.0,3619328.0,512.0,75546.0,172032.0,75776.0,167424.0,129.0,0.0,0.0,0.0,0.0,4.0,1.0,1.0,0,0,1,0,0,0,1,0,1,0,0,1,1,1,0,0,0,0,0,0,0,0,0,0,0,0,1,0,0,0,0,0,0,0,0,0,1,0,0,0,0,0
8049710.0,144.0,3.0,0.0,65535.0,8041984.0,21504.0,0.0,8192.0,4194304.0,8192.0,512.0,8085504.0,512.0,0.0,4096.0,1048576.0,8041524.0,8192.0,8041984.0,512.0,94420.0,344064.0,94720.0,339968.0,141.0,2.0,0.0,0.0,0.0,0.0,1.0,1.0,0,0,1,0,0,0,1,0,1,0,0,1,1,1,0,0,0,0,0,0,0,0,0,0,0,0,1,0,0,0,0,0,0,0,0,0,1,0,0,0,0,0
69667.0,144.0,3.0,0.0,65535.0,31232.0,1444352.0,0.0,4096.0,4194304.0,4096.0,512.0,1564672.0,1024.0,0.0,4096.0,1048576.0,30888.0,69632.0,31232.0,1024.0,9078.0,102400.0,9216.0,32256.0,0.0,0.0,0.0,0.0,0.0,0.0,4.0,74.0,0,0,0,0,0,0,1,0,0,0,0,0,1,1,0,0,0,0,0,0,0,0,0,0,0,0,1,0,0,0,0,0,0,0,0,0,1,0,0,0,0,0
33297.0,144.0,3.0,0.0,65535.0,29696.0,37888.0,0.0,4096.0,4194304.0,4096.0,512.0,81920.0,1024.0,118593.0,4096.0,1048576.0,29231.0,4096.0,29696.0,1024.0,374.0,36864.0,512.0,30720.0,0.0,0.0,0.0,1.0,0.0,3.0,1.0,3.0,0,0,1,0,0,0,1,0,0,0,0,0,1,1,0,0,0,0,0,0,0,0,0,0,0,0,1,0,0,0,0,0,0,0,0,0,1,0,0,0,0,0
4596.0,144.0,3.0,0.0,65535.0,73216.0,70144.0,0.0,4096.0,4194304.0,4096.0,512.0,155648.0,1024.0,183424.0,4096.0,1048576.0,72788.0,4096.0,73216.0,1024.0,60128.0,192512.0,60416.0,188928.0,11.0,0.0,0.0,0.0,0.0,3.0,0.0,0.0,0,0,1,0,0,0,1,0,0,0,0,0,1,1,0,0,0,0,0,0,0,0,0,0,0,0,1,0,0,0,0,0,0,0,0,0,1,0,0,0,0,0
17936.0,144.0,3.0,0.0,65535.0,16896.0,763904.0,0.0,4096.0,5368709120.0,4096.0,512.0,798720.0,1024.0,807984.0,4096.0,1048576.0,16786.0,4096.0,16896.0,1024.0,13322.0,24576.0,13824.0,17920.0,0.0,0.0,0.0,0.0,0.0,0.0,19.0,133.0,1,0,1,1,0,0,1,0,1,0,0,0,1,1,0,0,0,0,0,0,0,0,0,0,0,0,1,0,0,0,0,0,0,0,0,0,1,0,0,0,0,0
643552.0,144.0,2.0,15.0,65535.0,28672.0,65536.0,0.0,4096.0,4194304.0,8192.0,512.0,1986560.0,1024.0,0.0,4096.0,1048576.0,29962.0,4096.0,40448.0,512.0,56636.0,638976.0,4096.0,153088.0,0.0,0.0,0.0,0.0,0.0,9.0,0.0,0.0,0,0,0,0,0,0,1,0,0,0,0,0,1,1,0,0,0,0,0,0,0,0,0,0,0,0,1,0,0,0,0,0,0,0,0,0,1,0,0,0,0,0
6544.0,144.0,3.0,0.0,65535.0,5632.0,13312.0,0.0,4096.0,5368709120.0,4096.0,512.0,40960.0,1024.0,0.0,4096.0,1048576.0,5212.0,4096.0,5632.0,1024.0,5354.0,12288.0,5632.0,6656.0,0.0,0.0,0.0,0.0,0.0,0.0,7.0,47.0,1,0,0,1,0,0,1,0,1,0,0,0,1,1,0,0,0,0,0,0,0,0,0,0,0,0,1,0,0,0,0,0,0,0,0,0,1,0,0,0,0,0
5178352.0,144.0,3.0,0.0,65535.0,1257472.0,139264.0,3919872.0,3923968.0,4194304.0,4096.0,512.0,5320704.0,4096.0,0.0,4096.0,1048576.0,75637.0,4096.0,77824.0,4096.0,14370.0,81920.0,16384.0,81920.0,74.0,0.0,0.0,0.0,0.0,4.0,15.0,20.0,0,0,1,0,0,0,0,0,0,0,0,0,0,1,0,0,0,0,0,0,0,0,0,0,0,0,1,0,0,0,0,0,0,0,0,0,1,0,0,0,0,0
25764.0,120.0,3.0,0.0,65535.0,84480.0,375296.0,0.0,4096.0,4194304.0,4096.0,512.0,385024.0,1024.0,100097.0,4096.0,1048576.0,31160.0,4096.0,4594688.0,1024.0,4948.0,3833856.0,4096.0,408064.0,6678.0,0.0,0.0,0.0,0.0,0.0,0.0,0.0,0,0,1,0,0,0,1,0,0,0,0,1,1,1,0,0,0,0,0,0,0,0,0,0,0,0,1,0,0,0,0,0,0,0,0,0,1,0,0,0,0,0
5280377.0,144.0,3.0,0.0,65535.0,61440.0,8192.0,0.0,4096.0,4194304.0,4096.0,4096.0,10993664.0,4096.0,7100771.0,4096.0,1048576.0,60608.0,4096.0,0.0,0.0,188686.0,585728.0,188928.0,582144.0,38.0,0.0,0.0,0.0,0.0,0.0,3.0,202.0,0,0,1,0,0,0,1,0,0,0,0,0,0,1,0,0,0,0,0,0,0,0,0,0,0,0,1,0,0,0,0,0,0,0,0,0,1,0,0,0,0,0
0.0,144.0,3.0,0.0,65535.0,1469952.0,41984.0,0.0,8192.0,4194304.0,8192.0,512.0,1531904.0,512.0,0.0,16384.0,1048576.0,1469724.0,8192.0,1469952.0,512.0,145892.0,49152.0,145920.0,43008.0,0.0,0.0,0.0,0.0,0.0,0.0,0.0,0.0,1,0,1,1,0,0,1,0,1,0,0,1,1,1,0,0,0,0,0,0,0,0,0,0,0,0,1,0,0,0,0,0,0,0,0,0,1,0,0,0,0,0
40197.0,144.0,3.0,0.0,65535.0,45056.0,40960.0,0.0,4096.0,4194304.0,4096.0,4096.0,90112.0,4096.0,0.0,4096.0,1048576.0,43366.0,4096.0,45056.0,4096.0,4070.0,49152.0,4096.0,49152.0,252.0,0.0,0.0,1.0,0.0,1.0,5.0,115.0,0,0,1,0,0,0,1,0,0,0,0,1,1,1,0,0,0,0,0,0,0,0,0,0,0,0,1,0,0,0,0,0,0,0,0,0,1,0,0,0,0,0
226352.0,144.0,3.0,0.0,65535.0,69632.0,8192.0,155648.0,159744.0,4194304.0,4096.0,512.0,237568.0,4096.0,102606.0,4096.0,1048576.0,247076.0,32768.0,247296.0,21504.0,41798.0,81920.0,41984.0,77312.0,138.0,0.0,0.0,0.0,0.0,0.0,10.0,15.0,0,0,1,0,0,0,1,0,0,0,0,1,1,1,0,0,0,0,0,0,0,0,0,0,0,0,1,0,0,0,0,0,0,0,0,0,1,0,0,0,0,0
621122.0,144.0,3.0,0.0,65535.0,643072.0,442880.0,0.0,4096.0,4194304.0,4096.0,512.0,1097728.0,1024.0,0.0,4096.0,1048576.0,643036.0,4096.0,643072.0,1024.0,374774.0,647168.0,374784.0,644096.0,15.0,0.0,0.0,0.0,0.0,3.0,31.0,620.0,0,0,0,0,0,0,1,0,0,0,0,0,1,1,0,0,0,0,0,0,0,0,0,0,0,0,1,0,0,0,0,0,0,0,0,0,1,0,0,0,0,0
581523.0,144.0,3.0,0.0,65535.0,633856.0,177152.0,0.0,4096.0,4194304.0,4096.0,512.0,847872.0,1024.0,832419.0,4096.0,1048576.0,633409.0,4096.0,633856.0,1024.0,141066.0,638976.0,141312.0,634880.0,22.0,0.0,0.0,0.0,0.0,0.0,13.0,419.0,0,0,1,0,0,0,1,0,1,0,0,0,1,1,0,0,0,0,0,0,0,0,0,0,0,0,1,0,0,0,0,0,0,0,0,0,1,0,0,0,0,0
5660.0,144.0,3.0,0.0,65535.0,114688.0,12288.0,0.0,4096.0,4194304.0,4096.0,4096.0,131072.0,4096.0,166550.0,4096.0,1048576.0,113124.0,4096.0,114688.0,4096.0,53.0,8192.0,512.0,1536.0,374.0,1.0,0.0,0.0,0.0,0.0,1.0,135.0,0,0,1,0,0,0,1,0,0,0,0,1,1,1,0,0,0,0,0,0,0,0,0,0,0,0,1,0,0,0,0,0,0,0,0,0,1,0,0,0,0,0
8049710.0,144.0,3.0,0.0,65535.0,8041984.0,21504.0,0.0,8192.0,4194304.0,8192.0,512.0,8085504.0,512.0,0.0,4096.0,1048576.0,8041524.0,8192.0,8041984.0,512.0,24.0,532480.0,512.0,500736.0,3374.0,0.0,0.0,2.0,0.0,3.0,1.0,1.0,0,0,1,0,0,0,1,0,1,0,0,1,1,1,0,0,0,0,0,0,0,0,0,0,0,0,1,0,0,0,0,0,0,0,0,0,1,0,0,0,0,0
5520.0,144.0,3.0,0.0,65535.0,136704.0,73728.0,0.0,4096.0,4194304.0,4096.0,512.0,225280.0,1024.0,225563.0,4096.0,1048576.0,136398.0,4096.0,136704.0,1024.0,49156.0,143360.0,49664.0,137728.0,6.0,0.0,0.0,0.0,0.0,0.0,8.0,169.0,0,0,0,0,0,0,1,0,0,0,0,0,1,1,0,0,0,0,0,0,0,0,0,0,0,0,1,0,0,0,0,0,0,0,0,0,1,0,0,0,0,0
749722.0,144.0,3.0,0.0,65535.0,741888.0,8192.0,0.0,8192.0,4194304.0,8192.0,512.0,770048.0,512.0,0.0,4096.0,1048576.0,741536.0,8192.0,741888.0,512.0,32862.0,110592.0,33280.0,105472.0,39.0,0.0,0.0,0.0,0.0,4.0,1.0,1.0,0,0,1,0,0,0,1,0,0,0,0,1,1,1,0,0,0,0,0,0,0,0,0,0,0,0,1,0,0,0,0,0,0,0,0,0,1,0,0,0,0,0
19259.0,144.0,3.0,0.0,65535.0,50688.0,204288.0,0.0,4096.0,4194304.0,4096.0,512.0,385024.0,1024.0,0.0,4096.0,1048576.0,1443816.0,4096.0,4594688.0,1024.0,3978.0,20480.0,207872.0,37888.0,0.0,0.0,2.0,0.0,0.0,11.0,5.0,0.0,0,0,0,1,0,0,1,0,0,0,0,0,0,1,0,0,0,0,0,0,0,0,0,0,0,0,1,0,0,0,0,0,0,0,0,0,1,0,0,0,0,0
139038.0,144.0,3.0,0.0,65535.0,131072.0,2048.0,0.0,8192.0,4194304.0,8192.0,512.0,155648.0,512.0,0.0,4096.0,1048576.0,130852.0,8192.0,131072.0,512.0,13372.0,73728.0,13824.0,70144.0,56.0,0.0,0.0,0.0,0.0,0.0,1.0,1.0,0,0,1,0,0,0,1,0,1,0,0,1,1,1,0,0,0,0,0,0,0,0,0,0,0,0,1,0,0,0,0,0,0,0,0,0,1,0,0,0,0,0
1325696.0,144.0,3.0,0.0,65535.0,1538560.0,1669632.0,0.0,4096.0,4194304.0,4096.0,512.0,3313664.0,1024.0,3249757.0,4096.0,1048576.0,1538494.0,4096.0,1538560.0,1024.0,458174.0,1544192.0,458240.0,1539584.0,0.0,0.0,0.0,0.0,0.0,0.0,23.0,652.0,0,0,1,0,0,0,1,0,0,0,0,0,1,1,0,0,0,0,0,0,0,0,0,0,0,0,1,0,0,0,0,0,0,0,0,0,1,0,0,0,0,0
29378.0,144.0,3.0,0.0,65535.0,21504.0,1536.0,0.0,8192.0,4194304.0,8192.0,512.0,49152.0,512.0,0.0,4096.0,1048576.0,21192.0,8192.0,21504.0,512.0,11230.0,53248.0,11264.0,50176.0,71.0,0.0,0.0,0.0,0.0,0.0,1.0,1.0,0,0,0,0,0,0,1,0,0,0,0,1,1,1,0,0,0,0,0,0,0,0,0,0,0,0,1,0,0,0,0,0,0,0,0,0,1,0,0,0,0,0
4791.0,144.0,3.0,0.0,65535.0,245760.0,12288.0,0.0,4096.0,5368709120.0,4096.0,512.0,90112.0,1024.0,0.0,4096.0,1048576.0,652338.0,8192.0,62464.0,1024.0,1080472.0,61440.0,4096.0,37888.0,893.0,0.0,2.0,0.0,0.0,10.0,3.0,0.0,1,0,0,1,0,0,1,0,1,0,0,0,1,1,0,0,0,0,1,0,0,0,0,0,0,0,1,0,0,0,0,0,0,0,0,0,1,0,0,0,0,0
8994211.0,144.0,3.0,0.0,65535.0,11796992.0,2400768.0,0.0,4096.0,4194304.0,4096.0,512.0,16687104.0,1024.0,14129121.0,4096.0,1048576.0,11796939.0,4096.0,11796992.0,1024.0,1083710.0,11804672.0,1083904.0,11798016.0,1433.0,0.0,0.0,0.0,0.0,0.0,16.0,255.0,0,0,1,0,0,0,1,0,0,0,0,0,1,1,0,0,0,0,0,0,0,0,0,0,0,0,1,0,0,0,0,0,0,0,0,0,1,0,0,0,0,0
8636.0,144.0,3.0,0.0,65535.0,79872.0,105984.0,0.0,4096.0,4194304.0,4096.0,512.0,577536.0,512.0,0.0,4096.0,1048576.0,961448.0,8192.0,200704.0,512.0,1512.0,147456.0,101376.0,15872.0,7.0,2.0,0.0,0.0,0.0,11.0,2.0,0.0,0,0,1,0,0,0,1,0,0,0,0,0,1,1,0,0,0,0,0,0,0,0,0,0,0,0,1,0,0,0,0,0,0,0,0,0,1,0,0,0,0,0
4096.0,144.0,3.0,0.0,65535.0,68608.0,19456.0,0.0,4096.0,4194304.0,4096.0,512.0,106496.0,1024.0,0.0,4096.0,1048576.0,53954.0,20480.0,54272.0,15360.0,13213.0,77824.0,13312.0,69632.0,182.0,8.0,0.0,0.0,0.0,0.0,9.0,130.0,0,0,1,0,0,0,1,0,0,0,0,0,1,1,0,0,0,0,0,0,0,0,0,0,0,0,1,0,0,0,0,0,0,0,0,0,1,0,0,0,0,0
19586.0,144.0,3.0,0.0,65535.0,3992064.0,149504.0,0.0,8192.0,4194304.0,8192.0,512.0,4169728.0,512.0,0.0,4096.0,1048576.0,3991972.0,8192.0,3992064.0,512.0,24.0,430080.0,512.0,396288.0,49.0,0.0,0.0,0.0,0.0,3.0,0.0,0.0,0,0,1,0,0,0,1,0,1,0,0,1,1,1,0,0,0,0,0,0,0,0,0,0,0,0,1,0,0,0,0,0,0,0,0,0,1,0,0,0,0,0
1134988.0,144.0,3.0,0.0,65535.0,37376.0,2560.0,0.0,8192.0,4194304.0,8192.0,512.0,65536.0,512.0,0.0,4096.0,1048576.0,37020.0,8192.0,37376.0,512.0,23198.0,49152.0,23552.0,46080.0,38.0,0.0,3.0,0.0,0.0,3.0,0.0,0.0,0,0,1,0,0,0,1,0,1,0,0,1,1,1,0,0,0,0,0,0,0,0,0,0,0,0,1,0,0,0,0,0,0,0,0,0,1,0,0,0,0,0
4096.0,144.0,3.0,0.0,65535.0,70144.0,19456.0,0.0,4096.0,4194304.0,4096.0,512.0,106496.0,1024.0,0.0,4096.0,1048576.0,54850.0,20480.0,55296.0,15872.0,13224.0,77824.0,13312.0,71168.0,22.0,0.0,0.0,0.0,0.0,0.0,9.0,134.0,0,0,0,0,0,0,1,0,1,0,0,0,1,1,0,0,0,0,0,0,0,0,0,0,0,0,1,0,0,0,0,0,0,0,0,0,1,0,0,0,0,0
400960.0,144.0,3.0,0.0,65535.0,862208.0,299520.0,0.0,4096.0,5368709120.0,4096.0,512.0,1183744.0,1024.0,0.0,4096.0,1048576.0,862168.0,4096.0,862208.0,1024.0,226410.0,868352.0,226816.0,863232.0,0.0,0.0,0.0,0.0,0.0,0.0,6.0,140.0,1,0,1,1,0,0,1,0,1,0,0,0,1,1,0,0,0,0,0,0,0,0,0,0,0,0,1,0,0,0,0,0,0,0,0,0,1,0,0,0,0,0
4948.0,144.0,3.0,0.0,65535.0,45056.0,40960.0,0.0,4096.0,4194304.0,4096.0,4096.0,90112.0,4096.0,0.0,4096.0,1048576.0,43366.0,4096.0,45056.0,4096.0,4070.0,49152.0,4096.0,49152.0,126.0,0.0,0.0,0.0,0.0,6.0,5.0,115.0,0,0,1,0,0,0,1,0,0,0,0,0,1,1,0,0,0,0,0,0,0,0,0,0,0,0,1,0,0,0,0,0,0,0,0,0,1,0,0,0,0,0
729358.0,144.0,3.0,0.0,65535.0,721408.0,5120.0,0.0,8192.0,4194304.0,8192.0,512.0,753664.0,512.0,0.0,4096.0,1048576.0,721172.0,8192.0,721408.0,512.0,55908.0,417792.0,56320.0,411136.0,312.0,0.0,0.0,0.0,0.0,0.0,1.0,1.0,0,0,1,0,0,0,1,0,0,0,0,1,1,1,0,0,0,0,0,0,0,0,0,0,0,0,1,0,0,0,0,0,0,0,0,0,1,0,0,0,0,0
21744.0,144.0,3.0,0.0,65535.0,7711232.0,3639296.0,0.0,4096.0,4194304.0,4096.0,512.0,126976.0,1024.0,0.0,4096.0,1048576.0,109115.0,8192.0,247808.0,1024.0,24.0,163840.0,12288.0,935424.0,0.0,3.0,0.0,0.0,0.0,12.0,3.0,371.0,0,0,1,0,0,0,1,0,0,0,0,0,1,1,0,0,0,0,0,0,0,0,0,0,0,0,1,0,0,0,0,0,0,0,0,0,1,0,0,0,0,0
51128.0,144.0,3.0,0.0,65535.0,663552.0,114688.0,0.0,4096.0,4194304.0,4096.0,512.0,647168.0,512.0,0.0,4096.0,1048576.0,1167008.0,4096.0,8192.0,1024.0,776704.0,36864.0,99328.0,80896.0,0.0,2.0,1.0,0.0,0.0,11.0,13.0,189.0,0,0,1,1,0,0,1,0,0,0,0,1,1,1,0,0,0,0,0,0,0,0,0,0,0,0,1,0,0,0,0,0,0,0,0,0,1,0,0,0,0,0
0.0,144.0,3.0,0.0,65535.0,1142784.0,21504.0,0.0,8192.0,4194304.0,8192.0,512.0,3620864.0,1024.0,0.0,16384.0,1048576.0,1142380.0,8192.0,0.0,0.0,1262.0,12288.0,1536.0,5120.0,0.0,0.0,0.0,0.0,0.0,0.0,0.0,0.0,1,0,1,1,0,0,1,0,1,0,0,1,1,1,0,0,0,0,0,0,0,0,0,0,0,0,1,0,0,0,0,0,0,0,0,0,1,0,0,0,0,0
407360.0,144.0,3.0,0.0,65535.0,28672.0,211456.0,0.0,4096.0,5368709120.0,4096.0,512.0,81920.0,1024.0,0.0,4096.0,1048576.0,155140.0,4096.0,58880.0,1024.0,137962.0,1048576.0,4096.0,37888.0,437.0,3.0,2.0,0.0,0.0,0.0,3.0,49.0,1,0,0,1,0,0,1,0,1,0,0,0,1,1,0,0,0,0,0,0,0,0,0,0,0,0,1,0,0,0,0,0,0,0,0,0,1,0,0,0,0,0
67552.0,144.0,3.0,0.0,65535.0,10295808.0,2048.0,0.0,4096.0,4194304.0,4096.0,512.0,966656.0,1024.0,0.0,4096.0,1048576.0,917140.0,4096.0,4594688.0,512.0,608.0,36864.0,207872.0,467456.0,0.0,0.0,0.0,0.0,0.0,0.0,10.0,0.0,0,0,0,0,0,0,1,0,1,0,0,0,1,1,0,0,0,0,0,0,0,0,0,0,0,0,1,0,0,0,0,0,0,0,0,0,1,0,0,0,0,0
54724.0,144.0,3.0,0.0,65535.0,407040.0,74752.0,0.0,4096.0,4194304.0,4096.0,512.0,499712.0,1024.0,12030506.0,4096.0,1048576.0,406689.0,4096.0,407040.0,1024.0,51092.0,413696.0,51200.0,408064.0,11.0,0.0,0.0,0.0,0.0,5.0,5.0,185.0,0,0,0,0,0,0,0,0,0,0,0,0,1,1,0,0,0,0,0,0,0,0,0,0,0,0,1,0,0,0,0,0,0,0,0,0,1,0,0,0,0,0
380864.0,144.0,3.0,0.0,65535.0,904704.0,126464.0,0.0,4096.0,4194304.0,4096.0,512.0,577536.0,4096.0,0.0,4096.0,1048576.0,10994.0,4096.0,0.0,1024.0,81348.0,106496.0,4096.0,15872.0,0.0,0.0,0.0,0.0,0.0,11.0,1.0,264.0,0,0,1,0,0,0,1,0,0,0,0,1,1,1,0,0,0,0,0,0,0,0,0,0,0,0,1,1,0,0,0,0,0,0,0,0,1,0,0,0,0,0
4692780.0,144.0,3.0,0.0,65535.0,5181440.0,12288.0,0.0,4096.0,17825792.0,4096.0,4096.0,5292032.0,4096.0,5226499.0,4096.0,1048576.0,72788.0,4096.0,73216.0,1024.0,24.0,53248.0,512.0,37888.0,0.0,0.0,0.0,0.0,0.0,3.0,0.0,0.0,0,0,1,0,0,0,1,0,0,0,0,0,1,1,0,0,0,0,0,0,0,0,0,0,0,0,1,0,0,0,0,0,0,0,0,0,1,0,0,0,0,0
1029454.0,144.0,3.0,0.0,65535.0,681984.0,72704.0,0.0,8192.0,4194304.0,8192.0,512.0,786432.0,1024.0,0.0,4096.0,1048576.0,681828.0,8192.0,681984.0,1024.0,2223092.0,2609152.0,2223104.0,2604544.0,24.0,0.0,0.0,0.0,0.0,3.0,0.0,0.0,0,0,1,0,0,0,1,0,0,0,0,1,1,1,0,0,0,0,0,0,0,0,0,0,0,0,1,0,0,0,0,0,0,0,0,0,1,0,0,0,0,0
39446.0,144.0,3.0,0.0,65535.0,36864.0,3682304.0,0.0,4096.0,4194304.0,4096.0,4096.0,6729728.0,4096.0,0.0,4096.0,1048576.0,35786.0,4096.0,36864.0,4096.0,2456.0,40960.0,4096.0,40960.0,283.0,20.0,0.0,1.0,1.0,1.0,7.0,91.0,0,0,1,0,0,0,1,0,0,0,0,0,1,1,0,0,0,0,0,0,0,0,0,0,0,0,1,0,0,0,0,0,0,0,0,0,1,0,0,0,0,0
235893.0,144.0,3.0,0.0,65535.0,335360.0,60928.0,0.0,4096.0,4194304.0,4096.0,512.0,409600.0,1024.0,0.0,4096.0,1048576.0,335183.0,4096.0,335360.0,1024.0,44374.0,339968.0,44544.0,336384.0,0.0,0.0,0.0,0.0,0.0,0.0,4.0,107.0,0,0,1,0,0,0,1,0,0,0,0,0,1,1,0,0,0,0,0,0,0,0,0,0,0,0,1,0,0,0,0,0,0,0,0,0,1,0,0,0,0,0
817990.0,144.0,3.0,0.0,65535.0,810496.0,14848.0,0.0,8192.0,4194304.0,8192.0,512.0,843776.0,512.0,0.0,4096.0,1048576.0,810060.0,8192.0,810496.0,512.0,24.0,245760.0,512.0,65536.0,41.0,0.0,0.0,0.0,0.0,4.0,1.0,1.0,0,0,1,0,0,0,1,0,0,0,0,1,1,1,0,0,0,0,0,0,0,0,0,0,0,0,1,0,0,0,0,0,0,0,0,0,1,0,0,0,0,0
269591.0,144.0,3.0,0.0,65535.0,431104.0,510976.0,0.0,4096.0,4194304.0,4096.0,512.0,966656.0,1024.0,990294.0,4096.0,1048576.0,430687.0,4096.0,431104.0,1024.0,101068.0,438272.0,101376.0,432128.0,23.0,0.0,0.0,0.0,0.0,2.0,12.0,364.0,0,0,1,0,0,0,1,0,0,0,0,0,1,1,0,0,0,0,0,0,0,0,0,0,0,0,1,0,0,0,0,0,0,0,0,0,1,0,0,0,0,0
107871.0,144.0,3.0,0.0,65535.0,9216.0,2048.0,0.0,4096.0,4194304.0,8192.0,512.0,86016.0,512.0,0.0,4096.0,1048576.0,169096.0,8192.0,3584.0,1024.0,535744.0,163840.0,207872.0,98304.0,360.0,0.0,0.0,0.0,0.0,11.0,2.0,15.0,0,0,1,0,0,0,1,0,0,0,0,1,1,1,0,0,0,0,0,0,0,0,0,0,0,0,1,0,0,0,0,0,0,0,0,0,1,0,0,0,0,0
64306.0,144.0,3.0,0.0,65535.0,108032.0,82432.0,0.0,4096.0,4194304.0,4096.0,512.0,204800.0,1024.0,0.0,4096.0,1048576.0,107767.0,4096.0,108032.0,1024.0,22456.0,114688.0,22528.0,109056.0,13.0,0.0,0.0,0.0,0.0,0.0,3.0,80.0,0,0,1,0,0,0,1,0,0,0,0,0,1,1,0,0,0,0,0,0,0,0,0,0,0,0,1,0,0,0,0,0,0,0,0,0,1,0,0,0,0,0
1283188.0,144.0,3.0,0.0,65535.0,1557504.0,1593856.0,0.0,4096.0,4194304.0,4096.0,512.0,3166208.0,1024.0,0.0,4096.0,1048576.0,1557430.0,4096.0,1557504.0,1024.0,443292.0,1564672.0,443392.0,1558528.0,7.0,0.0,0.0,0.0,0.0,0.0,8.0,174.0,0,0,0,0,0,0,1,0,0,0,0,0,1,1,0,0,0,0,0,0,0,0,0,0,0,0,1,0,0,0,0,0,0,0,0,0,1,0,0,0,0,0
4096.0,144.0,3.0,0.0,65535.0,70656.0,19968.0,0.0,4096.0,4194304.0,4096.0,512.0,106496.0,1024.0,0.0,4096.0,1048576.0,55650.0,20480.0,55808.0,15872.0,13221.0,77824.0,13312.0,71680.0,30.0,0.0,0.0,0.0,0.0,0.0,9.0,134.0,0,0,0,0,0,0,0,0,0,0,0,0,0,1,0,0,0,0,0,0,0,0,0,0,0,0,1,0,0,0,0,0,0,0,0,0,1,0,0,0,0,0
48302.0,144.0,3.0,0.0,65535.0,40448.0,2048.0,0.0,8192.0,4194304.0,8192.0,512.0,65536.0,512.0,0.0,4096.0,1048576.0,40116.0,8192.0,40448.0,512.0,15314.0,151552.0,15360.0,80896.0,0.0,0.0,0.0,0.0,0.0,0.0,1.0,1.0,0,0,0,0,0,0,1,0,0,0,0,1,1,1,0,0,0,0,0,0,0,0,0,0,0,0,1,0,0,0,0,0,0,0,0,0,1,0,0,0,0,0
11484960.0,144.0,3.0,0.0,65535.0,3997696.0,413696.0,7487488.0,7491584.0,4194304.0,4096.0,512.0,11902976.0,4096.0,0.0,4096.0,1048576.0,200938.0,4096.0,201216.0,1024.0,42514.0,208896.0,43008.0,202240.0,4361.0,51.0,1.0,0.0,0.0,2.0,13.0,16.0,0,0,1,0,0,0,1,0,0,0,0,0,1,1,0,0,0,0,0,0,0,0,0,0,0,0,1,0,0,0,0,0,0,0,0,0,1,0,0,0,0,0
584960.0,144.0,3.0,0.0,65535.0,80896.0,75776.0,0.0,4096.0,4194304.0,4096.0,512.0,172032.0,1024.0,225353.0,4096.0,1048576.0,80692.0,4096.0,80896.0,1024.0,157226.0,483328.0,157696.0,477696.0,62.0,0.0,3.0,0.0,0.0,4.0,0.0,0.0,0,0,1,0,0,0,1,0,0,0,0,0,1,1,0,0,0,0,0,0,0,0,0,0,0,0,1,0,0,0,0,0,0,0,0,0,1,0,0,0,0,0
40244.0,144.0,3.0,0.0,65535.0,144896.0,145920.0,0.0,4096.0,5368709120.0,4096.0,512.0,372736.0,1024.0,2136905.0,4096.0,1048576.0,144720.0,4096.0,144896.0,1024.0,70796.0,151552.0,71168.0,145920.0,24.0,0.0,0.0,1.0,0.0,1.0,0.0,0.0,1,0,0,1,0,0,1,0,1,0,0,0,1,1,0,0,0,0,0,0,0,0,0,0,0,0,1,0,0,0,0,0,0,0,0,0,1,0,0,0,0,0
293589.0,144.0,3.0,0.0,65535.0,285696.0,375296.0,0.0,8192.0,4194304.0,8192.0,512.0,679936.0,512.0,734097.0,4096.0,1048576.0,285403.0,8192.0,285696.0,512.0,231692.0,815104.0,231936.0,808448.0,326.0,0.0,0.0,0.0,0.0,5.0,1.0,1.0,0,0,0,0,0,0,1,0,1,0,0,1,1,1,0,0,0,0,0,0,0,0,0,0,0,0,1,0,0,0,0,0,0,0,0,0,1,0,0,0,0,0
161734.0,144.0,3.0,0.0,65535.0,168960.0,53248.0,0.0,4096.0,4194304.0,4096.0,512.0,241664.0,1024.0,0.0,4096.0,1048576.0,168949.0,4096.0,168960.0,1024.0,25856.0,176128.0,26112.0,169984.0,17.0,0.0,0.0,0.0,0.0,4.0,6.0,135.0,0,0,1,0,0,0,0,0,0,0,0,0,1,0,0,0,0,0,0,0,0,0,0,0,0,0,1,0,0,0,0,0,0,0,0,0,1,0,0,0,0,0
21529.0,144.0,3.0,0.0,65535.0,50688.0,37376.0,0.0,1167360.0,4194304.0,8192.0,512.0,356352.0,1024.0,1296063.0,8192.0,4194304.0,9548.0,4096.0,517120.0,1024.0,60720.0,126976.0,8192.0,15872.0,0.0,1.0,0.0,0.0,0.0,5.0,1.0,0.0,1,0,0,1,0,0,1,0,0,0,0,1,1,1,0,0,0,0,0,0,0,0,0,0,0,0,1,0,0,0,0,0,0,0,0,0,1,0,0,0,0,0
9132.0,144.0,3.0,0.0,65535.0,208896.0,294912.0,0.0,4096.0,4194304.0,4096.0,4096.0,507904.0,4096.0,572411.0,4096.0,1048576.0,207992.0,4096.0,208896.0,4096.0,2514.0,16384.0,2560.0,9728.0,20.0,0.0,0.0,0.0,0.0,0.0,1.0,194.0,0,0,1,0,0,0,0,0,0,0,0,0,0,1,0,0,0,0,0,0,0,0,0,0,0,0,1,0,0,0,0,0,0,0,0,0,1,0,0,0,1,0
213000.0,144.0,3.0,0.0,65535.0,181248.0,29184.0,0.0,4096.0,65536.0,4096.0,512.0,229376.0,1024.0,214032.0,4096.0,1048576.0,173227.0,4096.0,173568.0,1024.0,6284.0,180224.0,6656.0,174592.0,0.0,0.0,0.0,0.0,0.0,0.0,3.0,92.0,1,1,0,1,0,0,1,0,1,0,0,0,1,1,0,0,0,0,0,0,0,0,0,1,0,0,1,0,0,0,0,0,0,0,0,0,1,0,0,1,0,0
4096.0,144.0,3.0,0.0,65535.0,140288.0,585728.0,0.0,4096.0,5368709120.0,4096.0,512.0,7249920.0,1536.0,100097.0,4096.0,1048576.0,4884.0,4096.0,694272.0,1024.0,5370.0,389120.0,925696.0,9497600.0,557.0,0.0,0.0,0.0,0.0,11.0,2.0,95.0,1,0,0,1,0,0,1,0,1,0,0,0,1,1,0,0,0,0,0,0,0,0,0,0,0,0,1,0,0,0,0,0,0,0,0,0,1,0,0,0,0,0
565818.0,144.0,2.0,0.0,65535.0,154112.0,12861440.0,0.0,4096.0,4194304.0,4096.0,512.0,40960.0,4096.0,0.0,4096.0,1048576.0,428648.0,4096.0,118784.0,4096.0,14300.0,163840.0,536064.0,229888.0,0.0,2.0,2.0,0.0,0.0,0.0,0.0,0.0,0,0,0,0,0,0,1,0,0,0,0,0,1,1,0,0,0,0,0,0,0,0,0,0,0,0,1,0,0,0,0,0,0,0,0,0,1,0,0,0,0,0
396162.0,144.0,3.0,0.0,65535.0,416768.0,7755264.0,0.0,4096.0,4194304.0,4096.0,512.0,7438336.0,1024.0,100097.0,16384.0,1048576.0,38676.0,4096.0,415232.0,1024.0,655974.0,2600960.0,244736.0,663040.0,0.0,0.0,1.0,0.0,0.0,7.0,3.0,8.0,1,0,0,1,0,0,1,0,0,0,0,0,1,1,0,0,0,0,0,0,0,0,0,0,0,0,1,0,0,0,0,0,0,0,0,0,1,0,0,0,0,0
684830.0,144.0,3.0,0.0,65535.0,676864.0,2048.0,0.0,8192.0,4194304.0,8192.0,512.0,704512.0,512.0,0.0,4096.0,1048576.0,676644.0,8192.0,676864.0,512.0,32760.0,81920.0,32768.0,75776.0,46.0,0.0,0.0,0.0,0.0,3.0,1.0,1.0,0,0,1,0,0,0,1,0,0,0,0,1,1,1,0,0,0,0,0,0,0,0,0,0,0,0,1,0,0,0,0,0,0,0,0,0,1,0,0,0,0,0
62832.0,144.0,3.0,0.0,65535.0,79872.0,45056.0,0.0,4096.0,5368709120.0,4096.0,512.0,151552.0,1024.0,0.0,4096.0,1048576.0,79676.0,4096.0,79872.0,1024.0,34806.0,86016.0,34816.0,80896.0,0.0,0.0,0.0,0.0,0.0,0.0,12.0,116.0,1,0,1,1,0,0,1,0,1,0,0,0,1,1,0,0,0,0,0,0,0,0,0,0,0,0,1,0,0,0,0,0,0,0,0,0,1,0,0,0,0,0
5732.0,144.0,3.0,0.0,65535.0,96256.0,54784.0,0.0,4096.0,5368709120.0,4096.0,512.0,163840.0,1024.0,0.0,4096.0,1048576.0,96016.0,4096.0,96256.0,1024.0,39514.0,102400.0,39936.0,97280.0,0.0,0.0,0.0,1.0,0.0,1.0,1.0,70.0,1,0,0,1,0,0,1,0,1,0,0,0,1,1,0,0,0,0,0,0,0,0,0,0,0,0,1,0,0,0,0,0,0,0,0,0,1,0,0,0,0,0
14903.0,144.0,3.0,0.0,65535.0,13824.0,8704.0,0.0,4096.0,4194304.0,4096.0,512.0,40960.0,1024.0,0.0,4096.0,1048576.0,13426.0,4096.0,13824.0,1024.0,5730.0,20480.0,6144.0,14848.0,2.0,0.0,0.0,0.0,0.0,0.0,7.0,40.0,0,0,0,0,0,0,1,0,0,0,0,0,1,1,0,0,0,0,0,0,0,0,0,0,0,0,1,0,0,0,0,0,0,0,0,0,1,0,0,0,0,0
1907088.0,80.0,2.0,15.0,65535.0,684032.0,36864.0,1224704.0,1228800.0,4194304.0,4096.0,512.0,1949696.0,4096.0,724974.0,16384.0,1048576.0,684032.0,1228800.0,681472.0,1024.0,4502.0,28672.0,4608.0,25088.0,1083.0,7.0,0.0,0.0,0.0,2.0,12.0,15.0,0,0,1,0,0,0,1,0,1,0,0,1,1,1,0,0,0,0,1,0,0,0,0,0,0,0,1,1,0,0,0,0,0,0,0,0,1,0,0,0,0,0
380864.0,120.0,3.0,0.0,65535.0,239104.0,2048.0,0.0,4096.0,4194304.0,8192.0,512.0,696320.0,1024.0,0.0,4096.0,1048576.0,60608.0,8192.0,807424.0,1024.0,24.0,811008.0,512.0,229888.0,0.0,2.0,0.0,0.0,0.0,2.0,2.0,21.0,0,0,0,0,0,0,1,0,0,0,0,1,1,1,0,0,0,0,0,0,0,0,0,0,0,0,1,0,0,0,0,0,0,0,0,0,1,0,0,0,0,0
7700.0,144.0,3.0,0.0,65535.0,70656.0,141312.0,0.0,4096.0,4194304.0,4096.0,512.0,344064.0,1024.0,0.0,16384.0,1048576.0,67611.0,4096.0,1692160.0,1024.0,15306.0,9281536.0,3584.0,92160.0,19.0,3.0,1.0,0.0,0.0,0.0,1.0,849.0,0,0,1,0,0,0,1,0,0,0,0,0,1,1,0,0,0,0,0,0,0,0,0,0,0,0,1,0,0,0,0,0,0,0,0,0,1,0,0,0,0,0
646270.0,144.0,3.0,0.0,65535.0,638464.0,31744.0,0.0,8192.0,4194304.0,8192.0,512.0,688128.0,512.0,0.0,4096.0,1048576.0,638084.0,8192.0,638464.0,512.0,76688.0,516096.0,76800.0,512512.0,28.0,0.0,0.0,0.0,0.0,0.0,1.0,1.0,0,0,0,0,0,0,1,0,0,0,0,1,1,1,0,0,0,0,0,0,0,0,0,0,0,0,1,0,0,0,0,0,0,0,0,0,1,0,0,0,0,0
445726.0,144.0,3.0,0.0,65535.0,5120.0,12288.0,0.0,4096.0,4194304.0,4096.0,512.0,2166784.0,1024.0,0.0,4096.0,1048576.0,682086.0,4096.0,1344000.0,1024.0,5996.0,8192.0,4096.0,6656.0,821.0,0.0,2.0,0.0,0.0,11.0,10.0,0.0,0,0,1,0,0,0,1,0,0,0,0,1,1,1,0,0,0,0,0,0,0,0,0,0,0,0,1,0,0,0,0,0,0,0,0,0,1,0,0,0,0,0
48254.0,144.0,3.0,0.0,65535.0,40448.0,2048.0,0.0,8192.0,4194304.0,8192.0,512.0,65536.0,512.0,0.0,4096.0,1048576.0,40068.0,8192.0,40448.0,512.0,807922.0,2478080.0,0.0,0.0,27.0,0.0,0.0,0.0,0.0,0.0,1.0,1.0,0,0,0,0,0,0,1,0,0,0,0,1,1,1,0,0,0,0,0,0,0,0,0,0,0,0,1,0,0,0,0,0,0,0,0,0,1,0,0,0,0,0
233550.0,144.0,3.0,0.0,65535.0,1060864.0,199168.0,0.0,4096.0,16777216.0,4096.0,512.0,3383296.0,4096.0,1296063.0,4096.0,1048576.0,140329.0,4096.0,94720.0,1536.0,67012.0,2396160.0,5632.0,316928.0,765.0,0.0,0.0,0.0,0.0,0.0,0.0,0.0,0,0,0,0,0,0,1,0,0,0,0,0,1,0,0,0,0,0,0,0,0,0,0,0,0,0,1,0,0,0,0,0,0,0,0,0,1,0,0,0,0,0
12435.0,144.0,3.0,0.0,65535.0,94720.0,40448.0,0.0,4096.0,4194304.0,4096.0,512.0,147456.0,1024.0,0.0,4096.0,1048576.0,94564.0,4096.0,94720.0,1024.0,27528.0,102400.0,27648.0,95744.0,308.0,0.0,0.0,0.0,0.0,9.0,7.0,102.0,0,0,0,0,0,0,0,0,0,0,0,0,0,1,0,0,0,0,0,0,0,0,0,0,0,0,1,0,0,0,0,0,0,0,0,0,1,0,0,0,0,0
4096.0,144.0,3.0,0.0,65535.0,90624.0,31744.0,0.0,4096.0,5368709120.0,4096.0,512.0,143360.0,1024.0,0.0,4096.0,1048576.0,66997.0,28672.0,67072.0,24576.0,19261.0,98304.0,19456.0,91648.0,0.0,0.0,0.0,0.0,0.0,0.0,9.0,128.0,1,0,1,1,0,0,1,0,0,0,0,0,1,1,0,0,0,0,0,0,0,0,0,0,0,0,1,0,0,0,0,0,0,0,0,0,1,0,0,0,0,0
5474286.0,144.0,3.0,0.0,65535.0,5466112.0,144896.0,0.0,8192.0,4194304.0,8192.0,512.0,5636096.0,512.0,0.0,4096.0,1048576.0,5466100.0,8192.0,5466112.0,512.0,3864.0,53248.0,4096.0,45568.0,76.0,0.0,0.0,0.0,0.0,0.0,1.0,1.0,0,0,0,0,0,0,1,0,1,0,0,1,1,1,0,0,0,0,0,0,0,0,0,0,0,0,1,0,0,0,0,0,0,0,0,0,1,0,0,0,0,0
333758.0,144.0,3.0,0.0,65535.0,325632.0,163840.0,0.0,8192.0,4194304.0,8192.0,512.0,507904.0,512.0,0.0,4096.0,1048576.0,325572.0,8192.0,325632.0,512.0,1298.0,36864.0,1536.0,30720.0,0.0,0.0,0.0,0.0,0.0,0.0,1.0,1.0,0,0,1,0,0,0,1,0,0,0,0,1,1,1,0,0,0,0,0,0,0,0,0,0,0,0,1,0,0,0,0,0,0,0,0,0,1,0,0,0,0,0
16528.0,144.0,3.0,0.0,65535.0,5120.0,375296.0,0.0,8192.0,4194304.0,4096.0,512.0,4395008.0,4096.0,0.0,4096.0,1048576.0,2130220.0,8192.0,8192.0,512.0,24.0,163840.0,12288.0,3350016.0,834.0,0.0,2.0,0.0,0.0,86.0,0.0,19.0,0,0,0,0,0,0,1,0,1,0,0,1,1,1,0,0,0,0,0,0,0,0,0,0,0,0,1,0,0,0,0,0,0,0,0,0,1,0,0,0,0,0
870496.0,144.0,3.0,0.0,65535.0,442368.0,4096.0,425984.0,430080.0,4194304.0,4096.0,512.0,876544.0,4096.0,0.0,4096.0,1048576.0,1081508.0,8192.0,1081856.0,512.0,1720.0,8192.0,2048.0,3072.0,122.0,0.0,0.0,0.0,0.0,0.0,6.0,9.0,0,0,1,0,0,0,1,0,1,0,0,1,1,1,0,0,0,0,0,0,0,0,0,0,0,0,1,0,0,0,0,0,0,0,0,0,1,0,0,0,0,0
163850.0,144.0,3.0,0.0,65535.0,24576.0,36864.0,0.0,4096.0,4194304.0,4096.0,512.0,17016.0,4096.0,0.0,4096.0,1048576.0,682086.0,4096.0,25088.0,1024.0,4100.0,163840.0,1059840.0,15872.0,129.0,3.0,1.0,0.0,0.0,0.0,2.0,21.0,0,0,1,0,0,0,1,0,0,0,0,0,1,1,0,0,0,0,0,0,0,0,0,0,0,0,1,0,0,0,0,0,0,0,0,0,1,0,0,0,0,0
290398.0,144.0,3.0,0.0,65535.0,282624.0,2048.0,0.0,8192.0,4194304.0,8192.0,512.0,311296.0,512.0,0.0,4096.0,1048576.0,282212.0,8192.0,282624.0,512.0,1056.0,28672.0,1536.0,19968.0,492.0,0.0,0.0,0.0,0.0,0.0,1.0,1.0,0,0,0,0,0,0,1,0,0,0,0,1,1,1,0,0,0,0,0,0,0,0,0,0,0,0,1,0,0,0,0,0,0,0,0,0,1,0,0,0,0,0
4096.0,144.0,3.0,0.0,65535.0,2301952.0,1720320.0,0.0,4096.0,5368709120.0,4096.0,512.0,1921024.0,1024.0,100097.0,4096.0,1048576.0,33320.0,4096.0,619520.0,1024.0,655974.0,1191936.0,4961792.0,0.0,190.0,0.0,0.0,0.0,0.0,11.0,0.0,91.0,1,1,0,1,0,0,1,0,1,0,0,0,1,1,0,0,0,0,0,0,0,0,0,0,0,0,1,0,0,0,0,0,0,0,0,0,1,0,0,1,0,0
99678.0,144.0,3.0,0.0,65535.0,154112.0,4096.0,0.0,8192.0,4194304.0,8192.0,512.0,188416.0,1024.0,0.0,4096.0,1048576.0,153972.0,8192.0,154112.0,1024.0,10716.0,102400.0,0.0,0.0,4.0,0.0,0.0,0.0,0.0,0.0,0.0,0.0,0,0,1,0,0,0,1,0,1,0,0,1,1,1,0,0,0,0,0,0,0,0,0,0,0,0,1,0,0,0,0,0,0,0,0,0,1,0,0,0,0,0
27692.0,144.0,3.0,0.0,65535.0,30720.0,16896.0,0.0,4096.0,4194304.0,4096.0,512.0,61440.0,1024.0,0.0,4096.0,1048576.0,30430.0,4096.0,30720.0,1024.0,10320.0,36864.0,10752.0,31744.0,0.0,0.0,0.0,1.0,1.0,3.0,12.0,61.0,0,0,1,0,0,0,1,0,0,0,0,0,1,1,0,0,0,0,0,0,0,0,0,0,0,0,1,0,0,0,0,0,0,0,0,0,1,0,0,0,0,0
2248720.0,80.0,3.0,0.0,65535.0,28672.0,18944.0,0.0,4096.0,4194304.0,4096.0,512.0,1171456.0,1024.0,0.0,4096.0,1048576.0,155140.0,4096.0,704512.0,1024.0,776704.0,36864.0,207872.0,37888.0,0.0,0.0,1.0,0.0,0.0,3.0,0.0,0.0,0,0,0,0,0,0,1,0,0,0,0,1,1,1,0,0,0,0,0,0,0,0,0,0,0,0,1,0,0,0,0,0,0,0,0,0,1,0,0,0,0,0
256240.0,144.0,3.0,0.0,65535.0,30720.0,773120.0,0.0,4096.0,4194304.0,8192.0,512.0,2265088.0,1024.0,0.0,4096.0,1048576.0,113994.0,520192.0,8256512.0,1024.0,56636.0,299008.0,207872.0,935424.0,807.0,0.0,0.0,0.0,0.0,6.0,1.0,7.0,0,0,1,0,0,0,1,0,0,0,0,0,1,1,0,0,0,0,0,0,0,0,0,0,0,0,1,1,0,0,0,0,0,0,0,0,1,0,0,0,0,0
5280.0,144.0,3.0,0.0,65535.0,6656.0,11264.0,1024.0,4096.0,4194304.0,4096.0,512.0,335872.0,1024.0,355219.0,4096.0,1048576.0,6308.0,4096.0,6656.0,1024.0,1492.0,16384.0,1536.0,8192.0,12.0,0.0,0.0,0.0,0.0,0.0,0.0,0.0,0,0,0,0,0,0,1,0,0,0,0,0,1,0,0,0,0,0,1,0,0,0,0,0,0,0,1,0,0,0,0,0,0,0,0,0,1,0,0,0,0,0
4096.0,144.0,3.0,0.0,65535.0,322560.0,72192.0,0.0,4096.0,4194304.0,4096.0,512.0,413696.0,1024.0,0.0,4096.0,1048576.0,322524.0,4096.0,322560.0,1024.0,24848.0,327680.0,25088.0,323584.0,1003.0,37.0,3.0,1.0,0.0,5.0,0.0,0.0,0,0,0,0,0,0,1,0,0,0,0,0,1,1,0,0,0,0,0,0,0,0,0,0,0,0,1,0,0,0,0,0,0,0,0,0,1,0,0,0,0,0
643552.0,144.0,3.0,0.0,65535.0,40448.0,37376.0,0.0,1167360.0,4194304.0,4096.0,512.0,339968.0,512.0,0.0,4096.0,1048576.0,1881240.0,4096.0,2055680.0,1024.0,402472.0,3895296.0,201216.0,4399616.0,0.0,0.0,1.0,0.0,0.0,8.0,0.0,23.0,1,0,0,0,0,0,1,0,0,0,0,0,1,1,0,0,0,0,0,0,0,0,0,0,0,0,1,0,0,0,0,0,0,0,0,0,1,0,0,0,0,0
163850.0,144.0,3.0,0.0,65535.0,1973760.0,12861440.0,0.0,8192.0,4194304.0,4096.0,512.0,286720.0,512.0,0.0,4096.0,1048576.0,299693.0,4096.0,58880.0,1024.0,152.0,483328.0,12288.0,574464.0,879.0,0.0,0.0,0.0,0.0,0.0,0.0,17.0,0,0,1,0,0,0,1,0,0,0,0,1,1,1,0,0,0,0,0,0,0,0,0,0,0,0,1,0,0,0,0,0,0,0,0,0,1,0,0,0,0,0
28702.0,144.0,3.0,0.0,65535.0,20992.0,1536.0,0.0,8192.0,4194304.0,8192.0,512.0,49152.0,512.0,0.0,4096.0,1048576.0,20516.0,8192.0,20992.0,512.0,2962.0,36864.0,3072.0,33792.0,3130.0,0.0,0.0,1.0,0.0,1.0,1.0,1.0,0,0,1,0,0,0,1,0,0,0,0,1,1,1,0,0,0,0,0,0,0,0,0,0,0,0,1,0,0,0,0,0,0,0,0,0,1,0,0,0,0,0
228670.0,144.0,3.0,0.0,65535.0,383488.0,146432.0,0.0,4096.0,4194304.0,4096.0,512.0,548864.0,1024.0,559399.0,8192.0,1048576.0,383416.0,4096.0,383488.0,1024.0,349852.0,278528.0,0.0,0.0,71.0,0.0,0.0,0.0,0.0,5.0,10.0,216.0,0,0,1,0,0,0,1,0,0,0,0,0,1,1,0,0,0,0,0,0,0,0,0,0,0,0,1,0,0,0,0,0,0,0,0,0,1,0,0,0,0,0
242738.0,144.0,3.0,0.0,65535.0,134656.0,195584.0,0.0,4096.0,4194304.0,4096.0,512.0,344064.0,1024.0,0.0,4096.0,1048576.0,134634.0,4096.0,134656.0,1024.0,80300.0,139264.0,80384.0,135680.0,34.0,0.0,0.0,0.0,0.0,0.0,0.0,0.0,0,0,1,0,0,0,1,0,0,0,0,0,1,1,0,0,0,0,0,0,0,0,0,0,0,0,1,0,0,0,0,0,0,0,0,0,1,0,0,0,0,0
585568.0,144.0,3.0,0.0,65535.0,716800.0,146432.0,0.0,4096.0,4194304.0,4096.0,512.0,876544.0,1024.0,808594.0,4096.0,1048576.0,716554.0,4096.0,716800.0,1024.0,1290.0,36864.0,1536.0,30720.0,0.0,0.0,0.0,0.0,0.0,0.0,0.0,0.0,0,0,1,0,0,0,0,0,0,0,0,0,0,1,0,0,0,0,0,0,0,0,0,0,0,0,1,0,0,0,0,0,0,0,0,0,1,0,0,0,0,0
34388.0,144.0,3.0,0.0,65535.0,135168.0,147456.0,0.0,4096.0,5368709120.0,4096.0,512.0,299008.0,1024.0,10766199.0,4096.0,1048576.0,135152.0,4096.0,135168.0,1024.0,63186.0,139264.0,63488.0,136192.0,0.0,0.0,0.0,0.0,0.0,0.0,3.0,96.0,1,0,0,1,0,0,1,0,1,0,0,0,1,1,0,0,0,0,0,0,0,0,0,0,0,0,1,0,0,0,0,0,0,0,0,0,1,0,0,0,0,0
48238.0,144.0,3.0,0.0,65535.0,40448.0,2048.0,0.0,8192.0,4194304.0,8192.0,512.0,65536.0,512.0,0.0,4096.0,1048576.0,40052.0,8192.0,40448.0,512.0,1035.0,8192.0,1536.0,2560.0,27.0,0.0,0.0,0.0,0.0,0.0,1.0,1.0,0,0,0,0,0,0,1,0,0,0,0,1,1,1,0,0,0,0,0,0,0,0,0,0,0,0,1,0,0,0,0,0,0,0,0,0,1,0,0,0,0,0
380864.0,144.0,3.0,0.0,65535.0,631296.0,299640.0,0.0,4096.0,4194304.0,4096.0,512.0,65536.0,4096.0,0.0,4096.0,1048576.0,171837.0,4096.0,10295808.0,2048.0,82566.0,438272.0,9728.0,521216.0,683.0,0.0,0.0,5.0,0.0,11.0,0.0,215.0,0,0,1,0,0,0,1,0,0,0,0,0,1,1,0,0,0,0,1,0,0,0,0,0,0,0,1,1,0,0,0,0,0,0,0,0,1,0,0,0,0,0
633706.0,144.0,3.0,0.0,65535.0,839168.0,59392.0,0.0,4096.0,4194304.0,4096.0,512.0,5144576.0,4096.0,92886.0,4096.0,1048576.0,5454730.0,4096.0,192000.0,1024.0,6488.0,1896448.0,9728.0,477696.0,621.0,10.0,0.0,0.0,0.0,11.0,0.0,0.0,0,0,0,0,0,0,0,0,0,0,0,0,0,1,0,0,0,0,1,0,0,0,0,0,0,0,1,0,0,0,0,0,0,0,0,0,1,0,0,0,0,0
32032.0,80.0,2.0,15.0,65535.0,28672.0,43520.0,0.0,4096.0,4194304.0,4096.0,512.0,258048.0,1024.0,0.0,16384.0,1048576.0,1073700.0,8192.0,1074176.0,512.0,24.0,245760.0,512.0,65536.0,26.0,0.0,0.0,0.0,0.0,4.0,4.0,38.0,0,0,1,0,0,0,1,0,1,0,0,0,0,1,0,0,0,0,0,0,0,0,0,0,0,0,1,0,0,0,0,0,0,0,0,0,1,0,0,0,0,0
11505.0,144.0,3.0,0.0,65535.0,9216.0,10240.0,0.0,4096.0,4194304.0,4096.0,512.0,36864.0,1024.0,47780.0,4096.0,1048576.0,8772.0,4096.0,9216.0,1024.0,2514.0,16384.0,2560.0,10240.0,30.0,0.0,0.0,0.0,0.0,0.0,3.0,91.0,0,0,1,0,0,0,0,0,0,0,0,0,0,1,0,0,0,0,0,0,0,0,0,0,0,0,1,0,0,0,0,0,0,0,0,0,1,0,0,0,0,0
3831148.0,80.0,3.0,0.0,65535.0,24576.0,154112.0,0.0,4096.0,4194304.0,8192.0,512.0,1028096.0,1024.0,0.0,4096.0,1048576.0,4180.0,4096.0,4594688.0,1024.0,6406.0,8192.0,207872.0,69632.0,634.0,2.0,0.0,0.0,0.0,9.0,27.0,42.0,1,0,0,1,0,0,0,0,1,0,0,0,1,1,0,0,0,0,0,0,0,0,0,0,0,0,1,0,0,0,0,0,0,0,0,0,1,0,0,0,0,0
4767006.0,144.0,3.0,0.0,65535.0,1416704.0,1536.0,0.0,8192.0,4194304.0,8192.0,512.0,8617984.0,1024.0,8642099.0,4096.0,1048576.0,1417216.0,8192.0,1416704.0,1024.0,14370.0,81920.0,16384.0,81920.0,32.0,0.0,0.0,0.0,0.0,0.0,1.0,1.0,1,0,0,1,0,0,1,0,0,0,0,0,0,1,0,0,0,0,0,0,0,0,0,0,0,0,1,0,0,0,0,0,0,0,0,0,1,0,0,0,0,0
31406.0,144.0,3.0,0.0,65535.0,3993088.0,492544.0,0.0,4096.0,5368709120.0,4096.0,512.0,32768.0,1024.0,0.0,4096.0,1048576.0,3005780.0,4096.0,91136.0,1024.0,8848.0,1376256.0,9728.0,875008.0,543.0,0.0,0.0,0.0,0.0,12.0,5.0,21.0,0,0,1,1,0,0,1,0,0,0,0,1,1,1,0,0,0,0,0,0,0,0,0,0,0,0,1,0,0,0,0,0,0,0,0,0,1,0,0,0,0,0
25136.0,144.0,3.0,0.0,65535.0,23552.0,27648.0,0.0,4096.0,5368709120.0,4096.0,512.0,65536.0,1024.0,0.0,4096.0,1048576.0,23322.0,4096.0,23552.0,1024.0,8054.0,28672.0,8192.0,24576.0,0.0,0.0,0.0,0.0,0.0,0.0,13.0,75.0,1,0,0,1,0,0,1,0,1,0,0,0,1,1,0,0,0,0,0,0,0,0,0,0,0,0,1,0,0,0,0,0,0,0,0,0,1,0,0,0,0,0
4861.0,144.0,3.0,0.0,65535.0,40448.0,150016.0,0.0,4096.0,4194304.0,4096.0,512.0,208896.0,1024.0,242354.0,4096.0,1048576.0,40100.0,4096.0,40448.0,1024.0,7806.0,45056.0,8192.0,41472.0,15.0,0.0,0.0,0.0,0.0,2.0,0.0,0.0,1,0,1,1,0,0,1,0,0,0,0,0,1,1,0,0,0,0,0,0,0,0,0,0,0,0,1,0,0,0,0,0,0,0,0,0,1,0,0,0,0,0
5212.0,80.0,2.0,15.0,65535.0,794624.0,356352.0,0.0,4096.0,4194304.0,4096.0,512.0,1323008.0,1536.0,0.0,8192.0,1048576.0,794624.0,4096.0,792064.0,1536.0,4096.0,1159168.0,512.0,929792.0,129.0,0.0,0.0,0.0,0.0,0.0,12.0,459.0,0,0,1,0,0,0,0,0,0,0,1,0,1,1,0,0,0,0,0,0,0,0,0,0,0,0,1,0,0,0,0,0,0,0,0,0,1,0,0,0,0,0
107871.0,144.0,3.0,0.0,65535.0,285696.0,89088.0,0.0,4096.0,4194304.0,4096.0,512.0,86016.0,512.0,0.0,4096.0,1048576.0,44212.0,8192.0,1536.0,1024.0,7572.0,53248.0,512.0,521216.0,570.0,3.0,16.0,0.0,0.0,12.0,8.0,14.0,0,0,0,0,0,0,0,0,0,0,0,0,0,1,0,0,0,0,0,0,0,0,0,0,0,0,1,0,0,0,0,0,0,0,0,0,1,0,0,0,0,0
4696.0,144.0,3.0,0.0,65535.0,86016.0,86016.0,0.0,4096.0,4194304.0,4096.0,4096.0,176128.0,4096.0,238157.0,4096.0,1048576.0,85816.0,4096.0,86016.0,4096.0,4060688.0,4055040.0,4061184.0,4049408.0,4627.0,0.0,0.0,3.0,4.0,4.0,1.0,52.0,0,0,1,0,0,0,1,0,0,0,0,1,1,1,0,0,0,0,0,0,0,0,0,0,0,0,1,0,0,0,0,0,0,0,0,0,1,0,0,0,0,0
36478.0,144.0,3.0,0.0,65535.0,64512.0,665600.0,0.0,4096.0,4194304.0,4096.0,512.0,741376.0,1024.0,0.0,4096.0,1048576.0,64212.0,4096.0,64512.0,1024.0,7808.0,69632.0,8192.0,65536.0,0.0,0.0,0.0,0.0,0.0,0.0,3.0,81.0,0,0,1,0,0,0,0,0,0,0,0,0,0,1,0,0,0,0,0,0,0,0,0,0,0,0,1,0,0,0,0,0,0,0,0,0,1,0,0,0,0,0
17183752.0,144.0,3.0,0.0,65535.0,159744.0,40960.0,0.0,4096.0,5368709120.0,4096.0,512.0,18993152.0,1024.0,0.0,4096.0,1048576.0,159715.0,4096.0,0.0,0.0,31218.0,163840.0,0.0,0.0,0.0,0.0,0.0,0.0,0.0,0.0,16.0,16.0,1,0,0,1,0,0,1,0,1,0,0,0,1,1,0,0,0,0,0,0,0,0,0,0,0,0,1,0,0,0,0,0,0,0,0,0,1,0,0,0,0,0
5312.0,144.0,3.0,0.0,65535.0,33792.0,47616.0,512.0,4096.0,4194304.0,4096.0,512.0,77824.0,1024.0,75133.0,4096.0,1048576.0,33316.0,4096.0,33792.0,1024.0,2032.0,49152.0,2048.0,39424.0,19.0,0.0,0.0,0.0,0.0,0.0,2.0,56.0,0,0,0,0,0,0,1,0,0,0,0,0,1,0,0,0,0,0,1,0,0,0,0,0,0,0,1,0,0,0,0,0,0,0,0,0,1,0,0,0,0,0
35064.0,144.0,3.0,0.0,65535.0,35328.0,20992.0,0.0,4096.0,5368709120.0,4096.0,512.0,73728.0,1024.0,0.0,4096.0,1048576.0,34887.0,4096.0,35328.0,1024.0,14704.0,40960.0,14848.0,36352.0,0.0,0.0,0.0,0.0,0.0,0.0,10.0,86.0,1,0,0,1,0,0,1,0,1,0,0,0,1,1,0,0,0,0,0,0,0,0,0,0,0,0,1,0,0,0,0,0,0,0,0,0,1,0,0,0,0,0
31555.0,144.0,3.0,0.0,65535.0,49152.0,28672.0,0.0,4096.0,4194304.0,4096.0,4096.0,81920.0,4096.0,0.0,4096.0,1048576.0,46372.0,4096.0,49152.0,4096.0,5296.0,53248.0,8192.0,53248.0,22.0,0.0,0.0,0.0,0.0,4.0,5.0,171.0,0,0,1,0,0,0,0,0,0,0,0,0,0,1,0,0,0,0,0,0,0,0,0,0,0,0,1,0,0,0,0,0,0,0,0,0,1,0,0,0,0,0
23929864.0,144.0,3.0,0.0,65535.0,633856.0,6727168.0,0.0,4096.0,4194304.0,4096.0,512.0,24526848.0,1024.0,13254740.0,4096.0,4194304.0,633629.0,4096.0,0.0,0.0,195458.0,638976.0,0.0,0.0,20.0,0.0,0.0,0.0,0.0,2.0,19.0,19.0,0,0,1,0,0,0,1,0,0,0,0,0,0,1,0,0,0,0,0,0,0,0,0,0,0,0,1,0,0,0,0,0,0,0,0,0,1,0,0,0,0,0
5344.0,144.0,3.0,0.0,65535.0,550912.0,620032.0,6144.0,4096.0,4194304.0,4096.0,512.0,925696.0,1024.0,1435283.0,4096.0,1048576.0,550804.0,4096.0,550912.0,1024.0,34392.0,585728.0,34816.0,579584.0,12.0,0.0,0.0,0.0,0.0,4.0,4.0,201.0,0,0,0,0,0,0,0,0,0,0,0,0,0,1,0,0,0,0,1,0,0,0,0,0,0,0,1,0,0,0,0,0,0,0,0,0,1,0,0,0,0,0
126704.0,144.0,3.0,0.0,65535.0,201728.0,227840.0,0.0,4096.0,4194304.0,4096.0,512.0,589824.0,1024.0,0.0,4096.0,1048576.0,201658.0,4096.0,201728.0,1024.0,42530.0,208896.0,43008.0,202752.0,24.0,0.0,0.0,0.0,0.0,0.0,3.0,202.0,0,0,1,0,0,0,1,0,0,0,0,0,1,1,0,0,0,0,0,0,0,0,0,0,0,0,1,0,0,0,0,0,0,0,0,0,1,0,0,0,0,0
163850.0,144.0,3.0,0.0,65535.0,28672.0,147456.0,0.0,8192.0,4194304.0,8192.0,512.0,81920.0,512.0,0.0,4096.0,1048576.0,46656.0,8192.0,239616.0,1024.0,231692.0,299008.0,12288.0,37888.0,0.0,3.0,2.0,0.0,0.0,1.0,0.0,95.0,0,0,1,0,0,0,1,0,0,0,0,1,1,1,0,0,0,0,0,0,0,0,0,0,0,0,1,0,0,0,0,0,0,0,0,0,1,0,0,0,0,0
5240.0,144.0,3.0,0.0,65535.0,3584.0,6656.0,0.0,4096.0,4194304.0,4096.0,512.0,28672.0,1024.0,0.0,4096.0,1048576.0,3579.0,4096.0,3584.0,1024.0,3728.0,8192.0,4096.0,4608.0,1.0,0.0,0.0,0.0,0.0,0.0,8.0,42.0,0,0,0,0,0,0,1,0,0,0,0,0,1,1,0,0,0,0,0,0,0,0,0,0,0,0,1,0,0,0,0,0,0,0,0,0,1,0,0,0,0,0
1154190.0,144.0,3.0,0.0,65535.0,1146368.0,372736.0,0.0,8192.0,4194304.0,8192.0,512.0,1540096.0,512.0,1543562.0,4096.0,1048576.0,1146004.0,8192.0,1146368.0,512.0,2264272.0,2318336.0,2264576.0,2312704.0,187.0,0.0,0.0,0.0,0.0,0.0,1.0,1.0,0,0,1,0,0,0,1,0,0,0,0,1,1,1,0,0,0,0,0,0,0,0,0,0,0,0,1,0,0,0,0,0,0,0,0,0,1,0,0,0,0,0
117962.0,144.0,3.0,0.0,65535.0,203776.0,128000.0,0.0,4096.0,4194304.0,4096.0,512.0,360448.0,1024.0,374105.0,4096.0,1048576.0,203611.0,4096.0,203776.0,1024.0,55262.0,208896.0,55296.0,204800.0,0.0,0.0,0.0,0.0,0.0,0.0,11.0,322.0,0,0,1,0,0,0,0,0,0,0,0,0,0,1,0,0,0,0,0,0,0,0,0,0,0,0,1,0,0,0,0,0,0,0,0,0,1,0,0,0,0,0
12288.0,144.0,3.0,0.0,65535.0,73728.0,864768.0,0.0,4096.0,4194304.0,4096.0,512.0,41701376.0,1024.0,946660.0,4096.0,1048576.0,73235.0,4096.0,73728.0,1024.0,16162.0,77824.0,16384.0,74752.0,12.0,0.0,0.0,0.0,0.0,0.0,0.0,0.0,0,0,1,0,0,0,0,0,0,0,0,0,0,1,0,0,0,0,0,0,0,0,0,0,0,0,1,0,0,0,0,0,0,0,0,0,1,0,0,0,0,0
75130.0,144.0,3.0,0.0,65535.0,118784.0,602112.0,0.0,4096.0,4194304.0,4096.0,4096.0,724992.0,4096.0,232373.0,4096.0,1048576.0,116820.0,4096.0,118784.0,4096.0,19448.0,122880.0,20480.0,122880.0,45.0,0.0,3.0,0.0,0.0,2.0,8.0,127.0,0,0,1,0,0,0,0,0,0,0,0,0,0,1,0,0,0,0,0,0,0,0,0,0,0,0,1,0,0,0,0,0,0,0,0,0,1,0,0,0,0,0
6031.0,144.0,3.0,0.0,65535.0,73216.0,69632.0,0.0,4096.0,4194304.0,4096.0,512.0,155648.0,1024.0,173054.0,4096.0,1048576.0,72788.0,4096.0,73216.0,1024.0,4408.0,12288.0,4608.0,6144.0,22.0,0.0,0.0,0.0,0.0,0.0,5.0,77.0,0,0,1,0,0,0,1,0,0,0,0,0,1,1,0,0,0,0,0,0,0,0,0,0,0,0,1,0,0,0,0,0,0,0,0,0,1,0,0,0,0,0
2147392.0,144.0,3.0,0.0,65535.0,4240384.0,87040.0,0.0,4096.0,4194304.0,4096.0,512.0,7737344.0,1024.0,100097.0,4096.0,1048576.0,223228.0,4096.0,94720.0,1024.0,655974.0,552960.0,3584.0,3220992.0,0.0,1.0,0.0,0.0,0.0,0.0,18.0,0.0,0,0,1,1,0,0,1,0,0,0,0,1,1,1,0,0,0,0,0,0,0,0,0,0,0,0,1,0,0,0,0,0,0,0,0,0,1,0,0,0,0,0
2917118.0,144.0,3.0,0.0,65535.0,2909184.0,13824.0,0.0,8192.0,4194304.0,8192.0,512.0,2957312.0,1024.0,0.0,4096.0,1048576.0,2908932.0,8192.0,2909184.0,1024.0,24.0,110592.0,512.0,75264.0,79.0,0.0,0.0,0.0,0.0,2.0,1.0,1.0,0,0,1,0,0,0,1,0,0,0,0,1,1,1,0,0,0,0,0,0,0,0,0,0,0,0,1,0,0,0,0,0,0,0,0,0,1,0,0,0,0,0
70399.0,144.0,3.0,0.0,65535.0,171520.0,83968.0,0.0,4096.0,4194304.0,4096.0,512.0,270336.0,1024.0,256254.0,4096.0,1048576.0,171512.0,4096.0,171520.0,1024.0,61924.0,176128.0,61952.0,172544.0,6.0,0.0,0.0,0.0,0.0,0.0,1.0,73.0,0,0,0,0,0,0,1,0,0,0,0,0,1,1,0,0,0,0,0,0,0,0,0,0,0,0,1,0,0,0,0,0,0,0,0,0,1,0,0,0,0,0
36922.0,144.0,3.0,0.0,65535.0,115200.0,184320.0,0.0,4096.0,4194304.0,4096.0,512.0,327680.0,1024.0,314289.0,4096.0,1048576.0,115175.0,4096.0,115200.0,1024.0,60720.0,122880.0,60928.0,116224.0,4.0,0.0,0.0,0.0,0.0,0.0,3.0,77.0,0,0,1,0,0,0,1,0,0,0,0,0,1,1,0,0,0,0,0,0,0,0,0,0,0,0,1,0,0,0,0,0,0,0,0,0,1,0,0,0,0,0
74160.0,144.0,3.0,0.0,65535.0,76288.0,31232.0,0.0,4096.0,5368709120.0,4096.0,512.0,122880.0,1024.0,0.0,4096.0,1048576.0,76263.0,4096.0,76288.0,1024.0,23586.0,81920.0,24064.0,77312.0,0.0,0.0,0.0,1.0,0.0,1.0,12.0,115.0,1,0,0,1,0,0,1,0,1,0,0,0,1,1,0,0,0,0,0,0,0,0,0,0,0,0,1,0,0,0,0,0,0,0,0,0,1,0,0,0,0,0
4400.0,144.0,3.0,0.0,65535.0,118784.0,22528.0,512.0,4096.0,4194304.0,4096.0,512.0,159744.0,1024.0,174407.0,4096.0,1048576.0,118320.0,4096.0,118784.0,4096.0,12628.0,126976.0,16384.0,126976.0,3.0,0.0,0.0,0.0,0.0,4.0,4.0,44.0,0,0,0,0,0,0,1,0,0,0,0,0,1,1,0,0,0,0,0,0,0,0,0,0,0,0,1,0,0,0,0,0,0,0,0,0,1,0,0,0,0,0
5274976.0,144.0,3.0,0.0,65535.0,385024.0,4337664.0,4890624.0,4894720.0,4194304.0,4096.0,512.0,9617408.0,4096.0,0.0,4096.0,4194304.0,55430.0,69632.0,55808.0,1024.0,13360.0,126976.0,13824.0,56832.0,20.0,0.0,0.0,0.0,0.0,3.0,18.0,23.0,0,0,1,0,0,0,1,0,0,0,0,0,0,1,0,0,0,0,0,0,0,0,0,0,0,0,1,0,0,0,0,0,0,0,0,0,1,0,0,0,0,0
6544.0,80.0,3.0,0.0,65535.0,3993088.0,3584.0,0.0,4096.0,4194304.0,8192.0,512.0,20480.0,512.0,1296063.0,8192.0,1048576.0,8172.0,4096.0,40448.0,4096.0,356414.0,163840.0,56832.0,1029120.0,636.0,0.0,0.0,0.0,0.0,6.0,0.0,0.0,0,0,1,0,0,0,1,0,0,0,0,0,1,1,0,0,0,0,0,0,0,0,0,0,0,0,1,0,0,0,0,0,0,0,0,0,1,0,0,0,0,0
86848.0,144.0,3.0,0.0,65535.0,20480.0,32768.0,65536.0,69632.0,16777216.0,4096.0,512.0,122880.0,4096.0,0.0,69632.0,1048576.0,1485268.0,4096.0,1485312.0,1024.0,582776.0,1490944.0,583168.0,1486336.0,18.0,4.0,0.0,0.0,0.0,4.0,9.0,14.0,0,0,1,0,0,0,0,0,0,0,0,0,0,1,0,0,0,0,0,0,0,0,0,0,0,0,1,0,0,0,0,0,0,0,0,0,1,0,0,0,0,0
13476.0,144.0,3.0,0.0,65535.0,401408.0,4096.0,569344.0,573440.0,4194304.0,4096.0,512.0,978944.0,4096.0,0.0,4096.0,1048576.0,4686873.0,4096.0,4687360.0,1024.0,4929940.0,4694016.0,4930048.0,4688384.0,123.0,0.0,0.0,0.0,0.0,3.0,0.0,0.0,0,0,0,0,0,0,1,0,0,0,0,0,1,1,0,0,0,0,0,0,0,0,0,0,0,0,1,0,0,0,0,0,0,0,0,0,1,0,0,0,0,0
107871.0,144.0,3.0,0.0,65535.0,154112.0,492544.0,0.0,4096.0,4194304.0,8192.0,512.0,1171456.0,512.0,0.0,8192.0,1048576.0,1443816.0,4096.0,25600.0,1024.0,18352.0,172032.0,0.0,1029120.0,658.0,0.0,2.0,0.0,0.0,9.0,1.0,0.0,0,0,0,0,0,0,1,0,0,0,0,1,1,1,0,0,0,0,0,0,0,0,0,0,0,0,1,0,0,0,0,0,0,0,0,0,1,0,0,0,0,0
13613.0,144.0,3.0,0.0,65535.0,27136.0,186880.0,2048.0,4096.0,4194304.0,4096.0,512.0,421888.0,1024.0,136288.0,4096.0,1048576.0,26775.0,4096.0,27136.0,1024.0,5286.0,32768.0,5632.0,28160.0,668.0,0.0,0.0,0.0,0.0,5.0,7.0,165.0,0,0,1,0,0,0,1,0,0,0,0,1,1,1,0,0,0,0,0,0,0,0,0,0,0,0,1,0,0,0,0,0,0,0,0,0,1,0,0,0,0,0
135630.0,144.0,3.0,0.0,65535.0,70656.0,33792.0,0.0,4096.0,4194304.0,4096.0,512.0,131072.0,4096.0,0.0,4096.0,1048576.0,70161.0,4096.0,70656.0,1024.0,24548.0,77824.0,24576.0,71680.0,0.0,0.0,0.0,0.0,0.0,0.0,7.0,92.0,0,0,1,0,0,0,1,0,0,0,0,0,1,1,0,0,0,0,0,0,0,0,0,0,0,0,1,0,0,0,0,0,0,0,0,0,1,0,0,0,0,0
8196.0,144.0,3.0,0.0,65535.0,1937408.0,4198400.0,0.0,4096.0,4194304.0,4096.0,4096.0,6139904.0,4096.0,6135435.0,4096.0,1048576.0,1933808.0,4096.0,1937408.0,4096.0,108946.0,696320.0,0.0,0.0,29.0,0.0,0.0,0.0,0.0,0.0,1.0,166.0,0,0,1,0,0,0,0,0,0,0,0,0,1,1,0,0,0,0,0,0,0,0,0,0,0,0,1,0,0,0,0,0,0,0,0,0,1,0,0,0,0,0
19304448.0,144.0,3.0,0.0,65535.0,70656.0,670720.0,0.0,4096.0,5368709120.0,4096.0,512.0,352256.0,1024.0,0.0,4096.0,1048576.0,155898.0,4096.0,52224.0,1024.0,659032.0,19259392.0,4096.0,75264.0,60.0,0.0,1.0,0.0,0.0,11.0,0.0,0.0,1,0,0,0,0,0,1,0,1,0,0,0,1,1,0,0,0,0,0,0,0,0,0,0,0,0,1,0,0,0,0,0,0,0,0,0,1,0,0,0,0,0
310222.0,144.0,3.0,0.0,65535.0,302080.0,19968.0,0.0,8192.0,4194304.0,8192.0,512.0,352256.0,1024.0,0.0,4096.0,1048576.0,302036.0,8192.0,302080.0,1024.0,4096.0,1302528.0,512.0,417280.0,162.0,0.0,0.0,0.0,0.0,0.0,1.0,1.0,0,0,1,0,0,0,1,0,0,0,0,1,1,1,0,0,0,0,0,0,0,0,0,0,0,0,1,0,0,0,0,0,0,0,0,0,1,0,0,0,1,0
16384.0,144.0,3.0,0.0,65535.0,12288.0,4096.0,0.0,4096.0,5368709120.0,4096.0,512.0,16968.0,584.0,64618.0,4096.0,1048576.0,4174.0,4096.0,4608.0,1024.0,132.0,12288.0,512.0,5632.0,0.0,0.0,0.0,0.0,0.0,0.0,1.0,2.0,1,0,1,1,0,0,0,0,0,0,0,0,0,1,0,0,0,0,0,0,0,0,0,0,0,0,1,0,0,0,0,0,0,0,0,0,1,0,0,0,0,0
2248720.0,80.0,3.0,0.0,65535.0,728064.0,397312.0,0.0,4096.0,4194304.0,8192.0,512.0,1277952.0,512.0,0.0,4096.0,1048576.0,1827876.0,4096.0,2055680.0,1024.0,4732.0,3338240.0,512.0,98816.0,8.0,2.0,2.0,0.0,0.0,12.0,2.0,0.0,0,0,1,0,0,0,0,0,0,0,0,0,0,1,0,0,0,0,0,0,0,0,0,0,0,0,1,0,0,0,0,0,0,0,0,0,1,0,0,0,0,0
63612.0,144.0,3.0,0.0,65535.0,153088.0,102912.0,0.0,4096.0,4194304.0,4096.0,512.0,270336.0,1024.0,280950.0,4096.0,1048576.0,153081.0,4096.0,153088.0,1024.0,69566.0,159744.0,69632.0,154112.0,40.0,0.0,0.0,0.0,0.0,0.0,9.0,201.0,0,0,1,0,0,0,1,0,0,0,0,0,1,1,0,0,0,0,0,0,0,0,0,0,0,0,1,0,0,0,0,0,0,0,0,0,1,0,0,0,0,0
169164.0,144.0,3.0,0.0,65535.0,178176.0,54784.0,0.0,4096.0,4194304.0,4096.0,512.0,249856.0,1024.0,0.0,4096.0,1048576.0,178112.0,4096.0,178176.0,1024.0,27350.0,184320.0,27648.0,179200.0,116.0,0.0,0.0,0.0,0.0,0.0,6.0,149.0,0,0,1,0,0,0,0,0,0,0,0,0,1,0,0,0,0,0,0,0,0,0,0,0,0,0,1,0,0,0,0,0,0,0,0,0,1,0,0,0,0,0
4834544.0,144.0,3.0,0.0,65535.0,1355776.0,73728.0,3477504.0,3481600.0,4194304.0,4096.0,512.0,4911104.0,4096.0,1481492.0,4096.0,1048576.0,146812.0,4096.0,146944.0,1024.0,42492.0,151552.0,42496.0,147968.0,23.0,0.0,0.0,0.0,0.0,0.0,22.0,25.0,0,0,1,0,0,0,1,0,1,0,0,0,1,1,0,0,0,0,0,0,0,0,0,0,0,0,1,0,0,0,0,0,0,0,0,0,1,0,0,0,0,0
4096.0,144.0,3.0,0.0,65535.0,440832.0,102400.0,0.0,4096.0,4194304.0,4096.0,512.0,557056.0,1024.0,594456.0,4096.0,1048576.0,440605.0,4096.0,440832.0,1024.0,98940.0,446464.0,99328.0,441856.0,57.0,0.0,0.0,0.0,0.0,3.0,0.0,0.0,0,0,0,0,0,0,0,0,0,0,0,0,0,1,0,0,0,0,0,0,0,0,0,0,0,0,1,0,0,0,0,0,0,0,0,0,1,0,0,0,0,0
163850.0,144.0,0.0,26723.0,65535.0,11776.0,438272.0,0.0,4096.0,4194304.0,4096.0,512.0,6230016.0,1024.0,0.0,4096.0,1048576.0,8360908.0,4096.0,4552704.0,4096.0,4732.0,1896448.0,4096.0,69632.0,0.0,1.0,2.0,0.0,0.0,0.0,8.0,0.0,0,0,1,0,0,0,1,0,0,0,0,0,1,1,0,0,0,0,0,0,0,0,0,0,0,0,1,0,0,0,0,0,0,0,0,0,1,0,0,0,0,0
163850.0,24934.0,3.0,0.0,65535.0,9216.0,106496.0,0.0,4096.0,4194304.0,8192.0,512.0,86016.0,1024.0,0.0,4096.0,1048576.0,46656.0,8192.0,380416.0,1024.0,6488.0,8548352.0,4096.0,37888.0,893.0,3.0,2.0,0.0,0.0,11.0,32.0,16.0,0,0,1,0,0,0,1,0,0,0,0,1,1,1,0,0,0,0,0,0,0,0,0,0,0,0,1,0,0,0,0,0,0,0,0,0,1,0,0,0,0,0
5284.0,144.0,3.0,0.0,65535.0,28672.0,20480.0,0.0,4096.0,4194304.0,4096.0,4096.0,53248.0,4096.0,0.0,4096.0,1048576.0,25170.0,4096.0,28672.0,4096.0,2670.0,32768.0,4096.0,32768.0,100.0,0.0,0.0,0.0,0.0,0.0,1.0,57.0,0,0,0,0,0,0,1,0,0,0,0,1,1,1,0,0,0,0,0,0,0,0,0,0,0,0,1,0,0,0,0,0,0,0,0,0,1,0,0,0,0,0
146260.0,144.0,1.0,15.0,65535.0,140288.0,2048.0,0.0,4096.0,4194304.0,8192.0,512.0,1499136.0,512.0,0.0,4096.0,1048576.0,79795.0,4096.0,3072.0,1024.0,8892.0,53248.0,512.0,152576.0,0.0,0.0,0.0,0.0,0.0,11.0,1.0,0.0,0,0,1,0,0,0,1,0,0,0,0,1,1,0,0,0,0,0,0,0,0,0,0,0,0,0,1,0,0,0,0,0,0,0,0,0,1,0,0,0,0,0
49496.0,80.0,2.0,15.0,65535.0,45056.0,670720.0,0.0,4096.0,4194304.0,4096.0,512.0,757760.0,1024.0,740350.0,16384.0,1048576.0,43216.0,4096.0,43520.0,1024.0,24.0,86016.0,512.0,51712.0,15.0,0.0,0.0,0.0,0.0,0.0,4.0,42.0,0,0,1,0,0,0,1,0,1,0,0,0,1,1,0,0,0,0,0,0,0,0,0,0,0,0,1,0,0,0,0,0,0,0,0,0,1,0,0,0,0,0
234901.0,144.0,3.0,0.0,65535.0,474624.0,134144.0,0.0,4096.0,4194304.0,4096.0,512.0,839680.0,1024.0,0.0,4096.0,1048576.0,474260.0,229376.0,474624.0,1024.0,89176.0,704512.0,89600.0,475648.0,0.0,0.0,0.0,0.0,0.0,0.0,4.0,110.0,0,0,1,0,0,0,1,0,0,0,0,0,1,1,0,0,0,0,0,0,0,0,0,0,0,0,1,0,0,0,0,0,0,0,0,0,1,0,0,0,0,0
163850.0,80.0,3.0,0.0,65535.0,134656.0,211456.0,0.0,4096.0,4194304.0,8192.0,512.0,421888.0,512.0,0.0,4096.0,1048576.0,1161939.0,8192.0,94720.0,512.0,207676.0,53248.0,207872.0,1029120.0,0.0,0.0,2.0,0.0,0.0,11.0,2.0,0.0,0,0,0,0,0,0,1,0,0,0,0,1,1,1,0,0,0,0,0,0,0,0,0,0,0,0,1,0,0,0,0,0,0,0,0,0,1,0,0,0,0,0
4096.0,80.0,2.0,15.0,65535.0,78336.0,91136.0,0.0,4096.0,4194304.0,4096.0,512.0,319488.0,1024.0,95322.0,16384.0,1048576.0,33642.0,4096.0,36864.0,4096.0,4580.0,40960.0,8192.0,40960.0,4426.0,55.0,1.0,0.0,0.0,3.0,12.0,15.0,0,0,1,0,0,0,1,0,1,0,0,0,0,1,0,0,0,0,0,0,0,0,0,0,0,0,1,0,0,0,0,0,0,0,0,0,1,0,0,0,0,0
5650.0,144.0,3.0,0.0,65535.0,201216.0,11424256.0,0.0,8192.0,4194304.0,8192.0,512.0,17016.0,512.0,0.0,4096.0,1048576.0,352244.0,4096.0,185344.0,512.0,43968.0,53248.0,99328.0,26112.0,837.0,1.0,1.0,0.0,0.0,93.0,1.0,0.0,0,0,1,1,0,0,1,0,0,0,0,1,1,1,0,0,0,0,0,0,0,0,0,0,0,0,1,0,0,0,0,0,0,0,0,0,1,0,0,0,0,0
4096.0,144.0,3.0,0.0,65535.0,70656.0,24576.0,0.0,4096.0,4194304.0,4096.0,512.0,110592.0,1024.0,0.0,4096.0,1048576.0,55650.0,20480.0,55808.0,15872.0,13221.0,77824.0,13312.0,71680.0,5942.0,95.0,0.0,2.0,0.0,4.0,9.0,134.0,0,0,0,0,0,0,1,0,0,0,0,0,1,1,0,0,0,0,0,0,0,0,0,0,0,0,1,0,0,0,0,0,0,0,0,0,1,0,0,0,0,0
9016.0,144.0,3.0,0.0,65535.0,891392.0,937984.0,0.0,4096.0,4194304.0,4096.0,512.0,1855488.0,1024.0,1890268.0,4096.0,1048576.0,891184.0,4096.0,891392.0,1024.0,206948.0,897024.0,207360.0,892416.0,414.0,0.0,0.0,0.0,0.0,1.0,12.0,271.0,0,0,1,0,0,0,1,0,0,0,0,0,1,1,0,0,0,0,0,0,0,0,0,0,0,0,1,0,0,0,0,0,0,0,0,0,1,0,0,0,0,0
4342.0,144.0,3.0,0.0,65535.0,116224.0,140800.0,73216.0,4096.0,5368709120.0,4096.0,512.0,245760.0,1024.0,0.0,4096.0,1048576.0,115736.0,4096.0,116224.0,1024.0,11216.0,126976.0,11264.0,117760.0,28.0,0.0,0.0,0.0,0.0,0.0,4.0,90.0,1,0,1,1,0,0,1,0,1,0,0,0,1,0,0,0,0,0,1,0,0,0,0,0,0,0,1,0,0,0,0,0,0,0,0,0,1,0,0,0,0,0
45517.0,144.0,3.0,0.0,65535.0,24576.0,1370624.0,0.0,4096.0,4194304.0,4096.0,512.0,1855488.0,512.0,0.0,4096.0,1048576.0,94582.0,4096.0,2055680.0,1024.0,5370.0,163840.0,99328.0,98304.0,0.0,117.0,0.0,0.0,0.0,0.0,12.0,46.0,0,0,1,1,0,0,1,0,0,0,0,1,1,1,0,0,0,0,0,0,0,0,0,0,0,0,1,0,0,0,0,0,0,0,0,0,1,0,0,0,0,0
28430.0,144.0,3.0,0.0,65535.0,20480.0,1536.0,0.0,8192.0,4194304.0,8192.0,512.0,49152.0,512.0,0.0,4096.0,1048576.0,20244.0,8192.0,20480.0,512.0,24.0,65536.0,512.0,46592.0,324.0,0.0,0.0,2.0,0.0,6.0,1.0,1.0,0,0,1,0,0,0,1,0,0,0,0,1,1,1,0,0,0,0,0,0,0,0,0,0,0,0,1,0,0,0,0,0,0,0,0,0,1,0,0,0,0,0
70588.0,80.0,2.0,15.0,65535.0,65024.0,331264.0,0.0,4096.0,4194304.0,4096.0,512.0,438272.0,1024.0,0.0,16384.0,1048576.0,61740.0,4096.0,61952.0,1024.0,24.0,110592.0,512.0,73216.0,764.0,0.0,6.0,0.0,0.0,2.0,5.0,43.0,0,0,1,0,0,0,0,0,0,0,0,0,0,1,0,0,0,0,0,0,0,0,0,0,0,0,1,0,0,0,0,0,0,0,0,0,1,0,0,0,0,0
2536486.0,120.0,1.0,0.0,0.0,2743808.0,2985984.0,0.0,4096.0,4194304.0,4096.0,512.0,5799936.0,1024.0,0.0,4096.0,1048576.0,2743546.0,4096.0,2743808.0,1024.0,361212.0,2748416.0,361472.0,2744832.0,112.0,0.0,0.0,0.0,0.0,0.0,13.0,270.0,0,0,1,0,0,0,1,0,0,0,0,0,1,1,0,0,0,0,0,0,0,0,0,0,0,0,1,0,0,0,0,0,0,0,0,0,1,0,0,0,0,0
14706.0,144.0,3.0,0.0,65535.0,6656.0,3072.0,0.0,8192.0,4194304.0,8192.0,512.0,32768.0,512.0,69749.0,4096.0,1048576.0,6520.0,8192.0,6656.0,512.0,188686.0,585728.0,188928.0,582144.0,174.0,0.0,0.0,0.0,0.0,0.0,1.0,1.0,0,0,0,0,0,0,1,0,1,0,0,1,1,1,0,0,0,0,0,0,0,0,0,0,0,0,1,0,0,0,0,0,0,0,0,0,1,0,0,0,0,0
14819.0,144.0,3.0,0.0,65535.0,557056.0,218112.0,0.0,4096.0,4194304.0,4096.0,512.0,790528.0,1024.0,785137.0,4096.0,1048576.0,556695.0,4096.0,557056.0,1024.0,115108.0,561152.0,115200.0,558080.0,12.0,0.0,0.0,0.0,0.0,0.0,2.0,91.0,0,0,0,0,0,0,1,0,0,0,0,0,1,1,0,0,0,0,0,0,0,0,0,0,0,0,1,0,0,0,0,0,0,0,0,0,1,0,0,0,0,0
25028.0,144.0,3.0,0.0,65535.0,53760.0,25088.0,0.0,4096.0,4194304.0,4096.0,512.0,106496.0,1024.0,141914.0,4096.0,1048576.0,53418.0,4096.0,53760.0,1024.0,12390.0,61440.0,12800.0,54784.0,2.0,0.0,0.0,0.0,0.0,0.0,1.0,67.0,0,0,0,0,0,0,1,0,0,0,0,0,1,1,0,0,0,0,0,0,0,0,0,0,0,0,1,0,0,0,0,0,0,0,0,0,1,0,0,0,0,0
40332.0,144.0,3.0,0.0,0.0,24576.0,149504.0,0.0,4096.0,4194304.0,4096.0,512.0,1744896.0,1024.0,0.0,4096.0,1048576.0,155140.0,4096.0,138240.0,512.0,9002.0,299008.0,512.0,15872.0,0.0,2.0,0.0,0.0,0.0,0.0,19.0,356.0,0,0,0,1,0,0,1,0,1,0,0,0,1,1,0,0,0,0,0,0,0,0,0,0,0,0,1,0,0,0,0,0,0,0,0,0,1,0,0,0,0,0
273166.0,144.0,3.0,0.0,65535.0,266240.0,208896.0,0.0,8192.0,285212672.0,8192.0,4096.0,491520.0,4096.0,528987.0,4096.0,1048576.0,264980.0,8192.0,266240.0,4096.0,59042.0,446464.0,59392.0,439808.0,3208.0,14.0,0.0,0.0,0.0,0.0,1.0,1.0,0,0,1,0,0,0,1,0,0,0,0,1,1,1,0,0,0,0,0,0,0,0,0,0,0,0,1,0,0,0,0,0,0,0,0,0,1,0,0,0,0,0
5305.0,144.0,3.0,0.0,65535.0,160256.0,65536.0,0.0,8192.0,4194304.0,4096.0,512.0,352256.0,512.0,0.0,4096.0,1048576.0,657308.0,4096.0,40960.0,512.0,136078.0,36864.0,12288.0,37888.0,882.0,0.0,0.0,0.0,0.0,0.0,1.0,19.0,0,0,1,0,0,0,1,0,0,0,0,0,1,1,0,0,0,0,0,0,0,0,0,0,0,0,1,0,0,0,0,0,0,0,0,0,1,0,0,0,0,0
669336.0,144.0,3.0,0.0,65535.0,790016.0,296448.0,0.0,4096.0,5368709120.0,4096.0,512.0,1134592.0,1024.0,0.0,4096.0,1048576.0,789932.0,4096.0,790016.0,1024.0,229336.0,794624.0,229376.0,791040.0,12.0,0.0,0.0,0.0,0.0,0.0,0.0,0.0,1,0,1,1,0,0,0,0,1,0,0,0,0,0,0,0,0,0,0,0,0,0,0,0,0,0,1,0,0,0,0,0,0,0,0,0,1,0,0,0,0,0
163850.0,144.0,3.0,0.0,65535.0,40960.0,48640.0,0.0,4096.0,4194304.0,4096.0,512.0,704512.0,1024.0,0.0,4096.0,1048576.0,652017.0,4096.0,127488.0,1024.0,131954.0,483328.0,4096.0,113664.0,887.0,0.0,2.0,0.0,0.0,11.0,1.0,2.0,0,0,0,0,0,0,1,0,1,0,0,1,1,1,0,0,0,0,0,0,0,0,0,0,0,0,1,0,0,0,0,0,0,0,0,0,1,0,0,0,0,0
98047.0,144.0,3.0,0.0,65535.0,161792.0,216064.0,0.0,4096.0,4194304.0,4096.0,512.0,389120.0,1024.0,0.0,4096.0,1048576.0,161327.0,4096.0,161792.0,1024.0,29140.0,167936.0,29184.0,162816.0,0.0,0.0,0.0,1.0,0.0,1.0,7.0,75.0,0,0,1,0,0,0,1,0,0,0,0,0,1,1,0,0,0,0,0,0,0,0,0,0,0,0,1,0,0,0,0,0,0,0,0,0,1,0,0,0,0,0
530414.0,144.0,3.0,0.0,65535.0,522240.0,114688.0,0.0,8192.0,4194304.0,8192.0,512.0,655360.0,512.0,0.0,4096.0,1048576.0,522228.0,8192.0,522240.0,512.0,685432.0,3522560.0,685568.0,3512832.0,0.0,0.0,0.0,1.0,0.0,1.0,1.0,1.0,0,0,0,0,0,0,1,0,1,0,0,1,1,1,0,0,0,0,0,0,0,0,0,0,0,0,1,0,0,0,0,0,0,0,0,0,1,0,0,0,0,0
12868.0,144.0,3.0,0.0,65535.0,10295808.0,114688.0,0.0,4096.0,4194304.0,4096.0,512.0,696320.0,1024.0,0.0,4096.0,1048576.0,1008964.0,4096.0,728064.0,1024.0,82566.0,73728.0,512.0,153088.0,0.0,0.0,0.0,0.0,0.0,11.0,5.0,20.0,0,0,1,0,0,0,1,0,0,0,0,0,1,1,0,0,0,0,0,0,0,0,0,0,0,0,1,0,0,0,0,0,0,0,0,0,1,0,0,0,0,0
233550.0,144.0,3.0,0.0,65535.0,5171200.0,313856.0,0.0,4096.0,4194304.0,4096.0,512.0,704512.0,1024.0,0.0,4096.0,1048576.0,183956.0,8192.0,247808.0,4096.0,19261.0,36864.0,4096.0,467456.0,817.0,0.0,0.0,0.0,0.0,11.0,0.0,0.0,0,0,0,0,0,0,1,0,0,0,0,1,1,1,0,0,0,0,0,0,0,0,0,0,0,0,1,0,0,0,0,0,0,0,0,0,1,0,0,0,0,0
1587104.0,144.0,3.0,0.0,65535.0,294912.0,147456.0,0.0,4096.0,4194304.0,4096.0,4096.0,503808.0,4096.0,478623.0,4096.0,1048576.0,291884.0,4096.0,294912.0,4096.0,92094.0,299008.0,94208.0,299008.0,108.0,24.0,8.0,0.0,0.0,0.0,16.0,405.0,0,0,1,0,0,0,1,0,1,0,0,1,1,1,0,0,0,0,0,0,0,0,0,0,0,0,1,0,0,0,0,0,0,0,0,0,1,0,0,0,0,0
0.0,144.0,3.0,0.0,65535.0,10428928.0,117760.0,0.0,8192.0,5368709120.0,8192.0,512.0,10567680.0,512.0,0.0,16384.0,1048576.0,10428752.0,8192.0,10428928.0,512.0,4096.0,12288.0,4096.0,12288.0,0.0,0.0,0.0,0.0,0.0,0.0,0.0,0.0,1,0,1,1,0,0,1,0,1,0,0,1,1,1,0,0,0,0,0,0,0,0,0,0,0,0,1,0,0,0,0,0,0,0,0,0,1,0,0,0,0,0
2794183.0,144.0,3.0,0.0,65535.0,1024.0,99840.0,0.0,1167360.0,4194304.0,4096.0,512.0,3080192.0,1024.0,0.0,4096.0,1048576.0,415460.0,4096.0,185344.0,1024.0,613936.0,1490944.0,231936.0,663040.0,892.0,2.0,0.0,0.0,0.0,0.0,2.0,21.0,0,0,0,0,0,0,0,0,0,0,0,0,1,1,0,0,0,0,0,0,0,0,0,0,0,0,1,0,0,0,0,0,0,0,0,0,1,0,0,0,0,0
13054.0,144.0,3.0,0.0,65535.0,5120.0,372736.0,0.0,8192.0,4194304.0,8192.0,512.0,401408.0,512.0,0.0,4096.0,1048576.0,4868.0,8192.0,5120.0,512.0,24.0,737280.0,512.0,691200.0,48.0,0.0,0.0,0.0,0.0,0.0,1.0,1.0,0,0,0,0,0,0,1,0,1,0,0,1,1,1,0,0,0,0,0,0,0,0,0,0,0,0,1,0,0,0,0,0,0,0,0,0,1,0,0,0,0,0
19264.0,144.0,3.0,0.0,65535.0,112128.0,60416.0,0.0,4096.0,4194304.0,4096.0,512.0,184320.0,1024.0,0.0,4096.0,1048576.0,111995.0,4096.0,112128.0,1024.0,51928.0,118784.0,52224.0,113152.0,1.0,0.0,0.0,0.0,0.0,5.0,1.0,75.0,0,0,0,0,0,0,0,0,0,0,0,0,1,1,0,0,0,0,0,0,0,0,0,0,0,0,1,0,0,0,0,0,0,0,0,0,1,0,0,0,0,0
47774.0,144.0,3.0,0.0,65535.0,39936.0,2048.0,0.0,8192.0,4194304.0,8192.0,512.0,65536.0,512.0,0.0,4096.0,1048576.0,39588.0,8192.0,39936.0,512.0,1420.0,73728.0,1536.0,67584.0,21.0,0.0,0.0,0.0,0.0,0.0,1.0,1.0,0,0,0,0,0,0,1,0,0,0,0,1,1,1,0,0,0,0,0,0,0,0,0,0,0,0,1,0,0,0,0,0,0,0,0,0,1,0,0,1,0,0
48222.0,144.0,3.0,0.0,65535.0,40448.0,204800.0,0.0,8192.0,4194304.0,8192.0,512.0,262144.0,512.0,0.0,4096.0,1048576.0,40036.0,8192.0,40448.0,512.0,24.0,57344.0,512.0,40448.0,99.0,2.0,0.0,0.0,0.0,0.0,1.0,1.0,0,0,0,0,0,0,1,0,0,0,0,1,1,1,0,0,0,0,0,0,0,0,0,0,0,0,1,0,0,0,0,0,0,0,0,0,1,0,0,0,0,0
147456.0,144.0,3.0,0.0,65535.0,139264.0,183296.0,0.0,4096.0,4194304.0,4096.0,512.0,5648384.0,1024.0,3577736.0,4096.0,1048576.0,97162.0,4096.0,98304.0,4096.0,2800.0,102400.0,4096.0,102400.0,0.0,0.0,0.0,0.0,0.0,0.0,0.0,0.0,0,0,1,0,0,0,0,0,0,0,0,0,1,1,0,0,0,0,0,0,0,0,0,0,0,0,1,0,0,0,0,0,0,0,0,0,1,0,0,0,0,0
163850.0,144.0,3.0,0.0,65535.0,9216.0,2048.0,0.0,8192.0,4194304.0,4096.0,512.0,49152.0,1024.0,0.0,4096.0,1048576.0,143860.0,4096.0,365568.0,1024.0,56404.0,299008.0,512.0,521216.0,778.0,2.0,1.0,0.0,0.0,0.0,2.0,0.0,0,0,0,0,0,0,0,0,0,0,0,0,0,1,0,0,0,0,0,0,0,0,0,0,0,0,1,0,0,0,0,0,0,0,0,0,1,0,0,0,0,0
31572.0,144.0,3.0,0.0,65535.0,155136.0,4114432.0,0.0,4096.0,5368709120.0,4096.0,512.0,4288512.0,1024.0,0.0,4096.0,1048576.0,155076.0,4096.0,155136.0,1024.0,75314.0,159744.0,75776.0,156160.0,0.0,0.0,0.0,0.0,0.0,0.0,1.0,96.0,1,0,0,1,0,0,1,0,1,0,0,0,1,1,0,0,0,0,0,0,0,0,0,0,0,0,1,0,0,0,0,0,0,0,0,0,1,0,0,0,0,0
163850.0,144.0,12336.0,0.0,65535.0,9216.0,177664.0,0.0,4096.0,4194304.0,4096.0,512.0,81920.0,512.0,0.0,4096.0,1048576.0,844284.0,4096.0,25600.0,512.0,13224.0,483328.0,12288.0,467456.0,584.0,3.0,2.0,0.0,0.0,2.0,1.0,20.0,0,0,0,0,0,0,1,0,0,0,0,1,1,1,0,0,0,0,0,0,0,0,0,0,0,0,1,0,0,0,0,0,0,0,0,0,1,0,0,0,0,0
726942.0,144.0,3.0,0.0,65535.0,718848.0,2048.0,0.0,8192.0,4194304.0,8192.0,512.0,745472.0,512.0,0.0,4096.0,1048576.0,718756.0,8192.0,718848.0,512.0,24.0,708608.0,512.0,694784.0,28.0,0.0,0.0,0.0,0.0,4.0,1.0,1.0,0,0,0,0,0,0,1,0,1,0,0,1,1,1,0,0,0,0,0,0,0,0,0,0,0,0,1,0,0,0,0,0,0,0,0,0,1,0,0,0,0,0
13594.0,144.0,3.0,0.0,65535.0,1798144.0,2048.0,0.0,8192.0,4194304.0,8192.0,4096.0,106496.0,1024.0,0.0,4096.0,1048576.0,254632.0,4096.0,8192.0,512.0,56636.0,143360.0,512.0,521216.0,18.0,0.0,0.0,0.0,0.0,12.0,4.0,14.0,0,0,1,0,0,0,1,0,0,0,0,0,1,1,0,0,0,0,0,0,0,0,0,0,0,0,1,0,0,0,0,0,0,0,0,0,1,0,0,0,0,0
32096.0,144.0,3.0,0.0,65535.0,4096.0,4096.0,24576.0,28672.0,4194304.0,4096.0,512.0,36864.0,4096.0,0.0,4096.0,1048576.0,171512.0,4096.0,171520.0,1024.0,61924.0,176128.0,61952.0,172544.0,29.0,0.0,0.0,0.0,0.0,0.0,2.0,7.0,0,0,1,0,0,0,1,0,0,0,0,0,1,1,0,0,0,0,0,0,0,0,0,0,0,0,1,0,0,0,0,0,0,0,0,0,1,0,0,0,0,0
16190.0,144.0,3.0,0.0,65535.0,176640.0,1782784.0,0.0,4096.0,5368709120.0,4096.0,512.0,3571712.0,1024.0,1447817.0,4096.0,1048576.0,4069988.0,4096.0,386048.0,1024.0,151984.0,196608.0,50688.0,181248.0,527.0,0.0,2.0,0.0,0.0,11.0,1.0,0.0,1,1,0,0,0,0,1,0,1,0,0,0,0,1,0,0,0,0,0,0,0,0,0,0,0,0,1,0,0,0,0,0,0,0,0,0,1,0,0,0,0,0
6031.0,144.0,3.0,0.0,65535.0,77904.0,4516.0,8132.0,4096.0,4194304.0,4096.0,512.0,126976.0,1024.0,0.0,4096.0,1048576.0,77904.0,4096.0,78336.0,1024.0,13184.0,94208.0,13312.0,83968.0,1452.0,16.0,0.0,0.0,0.0,0.0,5.0,124.0,0,0,1,0,0,0,1,0,0,0,0,0,1,1,0,0,0,0,0,0,0,0,0,0,0,0,1,0,0,0,0,0,0,0,0,0,1,0,0,0,0,0
6622668.0,144.0,3.0,0.0,65535.0,2937856.0,2048.0,0.0,8192.0,4194304.0,8192.0,512.0,2965504.0,512.0,0.0,4096.0,1048576.0,2937576.0,8192.0,2937856.0,512.0,4096.0,675840.0,512.0,636928.0,829.0,0.0,0.0,0.0,0.0,3.0,0.0,0.0,0,0,1,0,0,0,1,0,1,0,0,1,1,1,0,0,0,0,0,0,0,0,0,0,0,0,1,0,0,0,0,0,0,0,0,0,1,0,0,0,0,0
31423.0,144.0,3.0,0.0,65535.0,24576.0,3584.0,0.0,4096.0,4194304.0,8192.0,512.0,1171456.0,1024.0,0.0,4096.0,1048576.0,125748.0,8192.0,10295808.0,1024.0,1083710.0,299008.0,207872.0,521216.0,902.0,3.0,1.0,0.0,0.0,0.0,0.0,0.0,0,0,1,0,0,0,1,0,0,0,0,1,1,1,0,0,0,0,0,0,0,0,0,0,0,0,1,0,0,0,0,0,0,0,0,0,1,0,0,0,0,0
163850.0,144.0,3.0,0.0,65535.0,581632.0,327168.0,0.0,4096.0,4194304.0,4096.0,512.0,933888.0,1024.0,926754.0,4096.0,4194304.0,581597.0,4096.0,581632.0,1024.0,195982.0,585728.0,196096.0,582656.0,1063.0,0.0,0.0,0.0,0.0,3.0,18.0,527.0,0,0,1,0,0,0,1,0,0,0,0,0,0,1,0,0,0,0,0,0,0,0,0,0,0,0,1,0,0,0,0,0,0,0,0,0,1,0,0,0,0,0
1084528.0,144.0,3.0,0.0,65535.0,79872.0,2387456.0,0.0,4096.0,4194304.0,4096.0,512.0,81920.0,1024.0,0.0,4096.0,1048576.0,39368.0,8192.0,7127552.0,1024.0,114688.0,53248.0,4096.0,1029120.0,821.0,2.0,0.0,0.0,0.0,11.0,13.0,989.0,0,0,1,0,0,0,1,0,0,0,0,1,1,1,0,0,0,0,0,0,0,0,0,0,0,0,1,1,0,0,0,0,0,0,0,0,1,0,0,0,0,0
5312.0,144.0,3.0,0.0,65535.0,3820544.0,6365696.0,4608.0,4096.0,4194304.0,4096.0,512.0,6414336.0,1024.0,9213174.0,4096.0,1048576.0,3820216.0,4096.0,3820544.0,1024.0,1886696.0,3829760.0,1886720.0,3825664.0,2.0,0.0,0.0,0.0,0.0,0.0,18.0,2476.0,0,0,1,0,0,0,1,1,0,0,0,1,1,1,0,0,0,0,1,0,0,0,0,0,0,0,1,0,0,0,0,0,0,0,0,0,1,0,0,0,0,0
304822.0,144.0,3.0,0.0,65535.0,5120.0,1201664.0,0.0,4096.0,4194304.0,4096.0,512.0,1171456.0,4096.0,0.0,4096.0,1048576.0,734748.0,4096.0,40448.0,512.0,4680.0,610304.0,12288.0,131072.0,217.0,0.0,0.0,0.0,0.0,8.0,1.0,0.0,0,0,1,0,0,0,1,0,0,0,0,1,1,1,0,0,0,0,0,0,0,0,0,0,0,0,1,0,0,0,0,0,0,0,0,0,1,0,0,0,0,0
17706.0,144.0,3.0,0.0,65535.0,839168.0,1104896.0,0.0,4096.0,4194304.0,4096.0,512.0,2457600.0,1024.0,1973371.0,4096.0,1048576.0,838832.0,4096.0,839168.0,1024.0,264106.0,843776.0,264192.0,840192.0,16.0,0.0,0.0,0.0,0.0,1.0,0.0,0.0,0,0,1,0,0,0,1,0,0,0,0,0,1,1,0,0,0,0,0,0,0,0,0,0,0,0,1,0,0,0,0,0,0,0,0,0,1,0,0,0,0,0
3938558.0,144.0,3.0,0.0,65535.0,3930624.0,31232.0,0.0,8192.0,4194304.0,8192.0,512.0,3981312.0,512.0,0.0,4096.0,1048576.0,3930372.0,8192.0,3930624.0,512.0,864.0,20480.0,1024.0,12800.0,1586.0,32.0,6.0,0.0,0.0,0.0,1.0,1.0,0,0,1,0,0,0,1,0,1,0,0,1,1,1,0,0,0,0,0,0,0,0,0,0,0,0,1,0,0,0,0,0,0,0,0,0,1,0,0,0,0,0
40332.0,24934.0,13617.0,0.0,65535.0,4687360.0,299640.0,0.0,4096.0,5368709120.0,4096.0,512.0,2322432.0,4096.0,0.0,16384.0,1048576.0,2376.0,4096.0,730624.0,512.0,15314.0,2396160.0,99328.0,3804672.0,849.0,0.0,0.0,0.0,0.0,0.0,3.0,0.0,0,0,1,0,0,0,1,0,0,0,0,1,1,1,0,0,0,0,0,0,0,0,0,0,0,0,1,0,0,0,0,0,0,0,0,0,1,0,0,0,0,0
1897484.0,144.0,3.0,0.0,65535.0,5120.0,0.0,0.0,4096.0,4194304.0,4096.0,512.0,81920.0,512.0,0.0,4096.0,1048576.0,1060278.0,4096.0,495616.0,1024.0,6406.0,147456.0,512.0,131072.0,856.0,0.0,1.0,2.0,0.0,0.0,3.0,8.0,0,0,0,0,0,0,1,0,1,0,0,0,1,1,0,0,0,0,0,0,0,0,0,0,0,0,1,0,0,0,0,0,0,0,0,0,1,0,0,0,0,0
1593846.0,144.0,3.0,0.0,65535.0,1585664.0,28160.0,0.0,8192.0,285212672.0,8192.0,512.0,1638400.0,512.0,1664282.0,4096.0,1048576.0,1585660.0,8192.0,1585664.0,512.0,43016.0,94208.0,43520.0,88576.0,48.0,0.0,0.0,0.0,0.0,0.0,0.0,0.0,0,0,1,0,0,0,1,0,1,0,0,1,1,1,0,0,0,0,0,0,0,0,0,0,0,0,1,0,0,0,0,0,0,0,0,0,1,0,0,0,0,0
737280.0,144.0,3.0,0.0,65535.0,368640.0,364544.0,0.0,4096.0,4194304.0,4096.0,512.0,757760.0,1024.0,336360.0,4096.0,1048576.0,17908.0,4096.0,20480.0,4096.0,3640.0,12288.0,0.0,0.0,504.0,0.0,0.0,0.0,0.0,4.0,16.0,21.0,0,0,1,0,0,0,1,0,0,0,0,0,1,1,0,0,0,0,0,0,0,0,0,0,0,0,1,1,0,0,0,0,0,0,0,0,1,0,0,0,0,0
5136.0,144.0,3.0,0.0,65535.0,20480.0,8192.0,0.0,4096.0,4194304.0,4096.0,4096.0,32768.0,4096.0,0.0,4096.0,1048576.0,17908.0,4096.0,20480.0,4096.0,3640.0,12288.0,0.0,0.0,10.0,0.0,0.0,0.0,0.0,0.0,0.0,0.0,0,0,1,0,0,0,1,0,0,0,0,0,1,1,0,0,0,0,0,0,0,0,0,0,0,0,1,1,0,0,0,0,0,0,0,0,1,0,0,0,0,0
19462928.0,144.0,3.0,0.0,65535.0,2560.0,12861440.0,0.0,4096.0,4194304.0,8192.0,512.0,1916928.0,512.0,1296063.0,4096.0,1048576.0,529120.0,4096.0,4594688.0,1024.0,6406.0,7725056.0,23040.0,1915904.0,604.0,0.0,0.0,0.0,0.0,11.0,0.0,0.0,0,0,0,1,0,0,1,0,1,0,0,0,1,1,0,0,0,0,0,0,0,0,0,0,0,0,1,0,0,0,0,0,0,0,0,0,1,0,0,0,0,0
280030.0,144.0,3.0,0.0,65535.0,271872.0,2048.0,0.0,8192.0,4194304.0,8192.0,512.0,303104.0,512.0,0.0,4096.0,1048576.0,271860.0,8192.0,271872.0,512.0,195982.0,585728.0,196096.0,582656.0,98.0,8.0,0.0,0.0,0.0,4.0,1.0,1.0,0,0,1,0,0,0,1,0,1,0,0,1,1,1,0,0,0,0,0,0,0,0,0,0,0,0,1,0,0,0,0,0,0,0,0,0,1,0,0,0,0,0
71644.0,144.0,3.0,0.0,65535.0,24576.0,126464.0,0.0,4096.0,4194304.0,4096.0,512.0,86016.0,4096.0,0.0,4096.0,1048576.0,2610384.0,4096.0,417280.0,1024.0,18140.0,8192.0,4096.0,446464.0,0.0,0.0,2.0,0.0,0.0,9.0,8.0,13.0,0,0,1,0,0,0,1,0,0,0,0,1,1,1,0,0,0,0,1,0,0,0,0,0,0,0,1,0,0,0,0,0,0,0,0,0,1,0,0,0,0,0
5760.0,144.0,3.0,0.0,65535.0,15360.0,1932288.0,0.0,4096.0,5368709120.0,4096.0,512.0,1974272.0,1024.0,2005398.0,4096.0,1048576.0,14880.0,4096.0,15360.0,1024.0,9367.0,20480.0,9728.0,16384.0,0.0,0.0,0.0,0.0,0.0,0.0,15.0,92.0,1,0,1,1,0,0,1,0,1,0,0,0,1,1,0,0,0,0,0,0,0,0,0,0,0,0,1,0,0,0,0,0,0,0,0,0,1,0,0,0,0,0
256574.0,144.0,3.0,0.0,65535.0,248832.0,3072.0,0.0,8192.0,4194304.0,8192.0,512.0,286720.0,1024.0,0.0,4096.0,1048576.0,248388.0,8192.0,248832.0,1024.0,24.0,651264.0,512.0,628736.0,156.0,0.0,0.0,0.0,0.0,4.0,1.0,1.0,0,0,1,0,0,0,1,0,0,0,0,1,1,1,0,0,0,0,0,0,0,0,0,0,0,0,1,0,0,0,0,0,0,0,0,0,1,0,0,0,0,0
14386.0,144.0,3.0,0.0,65535.0,12288.0,140288.0,0.0,4096.0,4194304.0,4096.0,512.0,163840.0,1024.0,230154.0,4096.0,1048576.0,11904.0,4096.0,12288.0,1024.0,4692.0,16384.0,5120.0,13312.0,18.0,0.0,0.0,0.0,0.0,5.0,4.0,78.0,0,0,1,0,0,0,1,0,0,0,0,0,1,1,0,0,0,0,0,0,0,0,0,0,0,0,1,0,0,0,0,0,0,0,0,0,1,0,0,0,0,0
281089.0,144.0,3.0,0.0,65535.0,25600.0,65536.0,0.0,4096.0,4194304.0,4096.0,512.0,10252288.0,1024.0,0.0,4096.0,1048576.0,3593572.0,4096.0,5109248.0,1024.0,2760.0,1490944.0,512.0,69632.0,897.0,0.0,0.0,0.0,0.0,0.0,5.0,21.0,0,0,1,0,0,0,1,0,1,0,0,0,1,1,0,0,0,0,0,0,0,0,0,0,0,0,1,0,0,0,0,0,0,0,0,0,1,0,0,0,0,0
520.0,144.0,3.0,0.0,65535.0,512.0,6144.0,0.0,512.0,4194304.0,512.0,512.0,7168.0,512.0,34022.0,4096.0,1048576.0,104.0,512.0,512.0,512.0,19448.0,122880.0,20480.0,122880.0,1.0,0.0,0.0,0.0,0.0,0.0,1.0,1.0,0,0,1,0,0,0,1,0,0,0,0,1,1,1,0,0,0,0,0,0,0,0,0,0,0,0,1,0,0,0,0,0,0,0,0,0,1,0,0,0,0,0
3258818.0,120.0,3.0,0.0,65535.0,28672.0,212992.0,0.0,4096.0,4194304.0,4096.0,512.0,13807616.0,1024.0,0.0,4096.0,1048576.0,1827876.0,4096.0,188416.0,1024.0,1639346.0,970752.0,207872.0,50688.0,0.0,0.0,1.0,0.0,0.0,0.0,1.0,0.0,0,0,1,0,0,0,1,0,0,0,0,0,1,1,0,0,0,0,0,0,0,0,0,0,0,0,1,0,0,0,0,0,0,0,0,0,1,0,0,0,0,0
163850.0,144.0,3.0,0.0,65535.0,5120.0,2048.0,0.0,4096.0,4194304.0,8192.0,512.0,421888.0,512.0,0.0,4096.0,1048576.0,478772.0,4096.0,4594688.0,1024.0,1639346.0,163840.0,512.0,202240.0,315.0,0.0,0.0,0.0,0.0,9.0,1.0,0.0,0,0,0,0,0,0,1,0,0,0,0,1,1,1,0,0,0,0,0,0,0,0,0,0,0,0,1,0,0,0,0,0,0,0,0,0,1,0,0,0,0,0
1895812.0,144.0,3.0,0.0,65535.0,148992.0,58880.0,0.0,4096.0,4194304.0,4096.0,512.0,1933312.0,1024.0,913626.0,4096.0,1048576.0,151552.0,4096.0,0.0,0.0,36864.0,155648.0,0.0,0.0,15.0,0.0,0.0,0.0,0.0,0.0,7.0,7.0,0,0,1,0,0,0,0,0,0,0,0,0,0,1,0,0,0,0,0,0,0,0,0,0,0,0,1,1,0,0,0,0,0,0,0,0,1,0,0,0,1,0
29762.0,144.0,3.0,0.0,65535.0,73216.0,70144.0,0.0,4096.0,4194304.0,4096.0,512.0,155648.0,1024.0,183424.0,4096.0,1048576.0,72788.0,4096.0,73216.0,1024.0,506946.0,1789952.0,507392.0,1784832.0,22.0,0.0,0.0,0.0,0.0,0.0,5.0,77.0,0,0,1,0,0,0,1,0,0,0,0,0,1,1,0,0,0,0,0,0,0,0,0,0,0,0,1,0,0,0,0,0,0,0,0,0,1,0,0,0,0,0
33704.0,144.0,3.0,0.0,65535.0,2772992.0,69120.0,0.0,4096.0,4194304.0,4096.0,512.0,4333568.0,4096.0,0.0,16384.0,1048576.0,9548.0,4096.0,53760.0,4096.0,110968.0,61440.0,1059840.0,28160.0,472.0,0.0,1.0,0.0,0.0,10.0,0.0,16.0,0,0,0,0,0,0,1,0,0,0,0,0,1,1,0,0,0,0,0,0,0,0,0,0,0,0,1,0,0,0,0,0,0,0,0,0,1,0,0,0,0,0
14723.0,144.0,3.0,0.0,65535.0,11264.0,2560.0,0.0,4096.0,4194304.0,4096.0,512.0,28672.0,1024.0,36816.0,4096.0,4194304.0,10886.0,4096.0,11264.0,1024.0,928.0,16384.0,1024.0,12288.0,116.0,0.0,0.0,0.0,0.0,0.0,3.0,18.0,0,0,1,0,0,0,0,0,0,0,0,0,1,1,0,0,0,0,0,0,0,0,0,0,0,0,1,0,0,0,0,0,0,0,0,0,1,0,0,0,0,0
107871.0,144.0,3.0,0.0,0.0,9216.0,1953792.0,0.0,4096.0,4194304.0,4096.0,512.0,696320.0,512.0,0.0,4096.0,1048576.0,251257.0,4096.0,8192.0,1024.0,189316.0,163840.0,512.0,37888.0,861.0,0.0,0.0,0.0,0.0,0.0,4.0,21.0,0,0,1,0,0,0,1,0,0,0,0,0,0,1,0,0,0,0,0,0,0,0,0,0,0,0,1,0,0,0,0,0,0,0,0,0,1,0,0,0,0,0
343730.0,144.0,3.0,0.0,65535.0,461312.0,100864.0,0.0,4096.0,4194304.0,4096.0,512.0,577536.0,1024.0,0.0,4096.0,1048576.0,460940.0,4096.0,461312.0,1024.0,74680.0,466944.0,74752.0,462336.0,123.0,0.0,0.0,0.0,0.0,0.0,6.0,182.0,0,0,1,0,0,0,1,0,0,0,0,0,1,1,0,0,0,0,0,0,0,0,0,0,0,0,1,0,0,0,0,0,0,0,0,0,1,0,0,0,0,0
45302.0,144.0,3.0,0.0,65535.0,117760.0,47104.0,0.0,4096.0,4194304.0,4096.0,512.0,176128.0,1024.0,0.0,4096.0,1048576.0,117437.0,4096.0,117760.0,1024.0,28222.0,122880.0,28672.0,118784.0,0.0,0.0,0.0,0.0,0.0,0.0,2.0,79.0,0,0,0,0,0,0,1,0,0,0,0,0,1,1,0,0,0,0,0,0,0,0,0,0,0,0,1,0,0,0,0,0,0,0,0,0,1,0,0,0,0,0
4096.0,144.0,3.0,0.0,65535.0,67584.0,19456.0,0.0,4096.0,4194304.0,4096.0,512.0,106496.0,1024.0,0.0,4096.0,1048576.0,53986.0,20480.0,54272.0,14336.0,13224.0,77824.0,13312.0,68608.0,60.0,0.0,0.0,0.0,0.0,0.0,9.0,133.0,0,0,0,0,0,0,1,0,1,0,0,0,1,1,0,0,0,0,0,0,0,0,0,0,0,0,1,0,0,0,0,0,0,0,0,0,1,0,0,0,0,0
1735737.0,144.0,3.0,0.0,65535.0,2009600.0,596480.0,0.0,4096.0,4194304.0,4096.0,512.0,4984832.0,4096.0,0.0,4096.0,1048576.0,2011136.0,4096.0,2009600.0,1024.0,331776.0,2015232.0,328192.0,2010624.0,120.0,0.0,0.0,0.0,0.0,5.0,18.0,607.0,0,0,1,0,0,0,1,0,0,0,0,1,1,1,0,0,0,0,0,0,0,0,0,0,0,0,1,0,0,0,0,0,0,0,0,0,1,0,0,0,1,0
321959.0,144.0,3.0,0.0,65535.0,322560.0,72192.0,0.0,4096.0,4194304.0,4096.0,512.0,413696.0,1024.0,0.0,4096.0,1048576.0,322524.0,4096.0,322560.0,1024.0,24848.0,327680.0,25088.0,323584.0,4.0,0.0,0.0,0.0,0.0,0.0,14.0,138.0,0,0,0,0,0,0,1,0,0,0,0,0,1,1,0,0,0,0,0,0,0,0,0,0,0,0,1,0,0,0,0,0,0,0,0,0,1,0,0,0,0,0
12664.0,144.0,3.0,0.0,65535.0,24576.0,750592.0,0.0,4096.0,5368709120.0,4096.0,512.0,1925120.0,1024.0,0.0,4096.0,1048576.0,66442.0,4096.0,364544.0,0.0,15314.0,10301440.0,3584.0,875008.0,171.0,122.0,0.0,0.0,0.0,0.0,2.0,0.0,0,0,0,1,0,0,1,0,1,0,0,0,1,1,0,0,0,0,0,0,0,0,0,0,0,0,1,0,0,0,0,0,0,0,0,0,1,0,0,0,0,0
4368.0,144.0,3.0,0.0,65535.0,2560.0,4608.0,512.0,4096.0,4194304.0,4096.0,512.0,24576.0,1024.0,24851.0,4096.0,1048576.0,2532.0,4096.0,2560.0,1024.0,152.0,12288.0,512.0,4096.0,6.0,0.0,0.0,0.0,0.0,0.0,3.0,27.0,0,0,1,0,0,0,0,0,0,0,0,0,0,1,0,0,0,0,1,0,0,0,0,0,0,0,1,0,0,0,0,0,0,0,0,0,1,0,0,0,0,0
46508208.0,144.0,3.0,0.0,65535.0,70656.0,492544.0,0.0,4096.0,4194304.0,8192.0,512.0,512000.0,4096.0,0.0,4096.0,1048576.0,149640.0,4096.0,185344.0,1024.0,60720.0,8192.0,4096.0,46592.0,0.0,0.0,0.0,0.0,0.0,0.0,33.0,0.0,0,0,0,0,0,0,0,0,0,0,0,0,1,1,0,0,0,0,0,0,0,0,0,0,0,0,1,0,0,0,0,0,0,0,0,0,1,0,0,0,0,0
326654.0,144.0,3.0,0.0,65535.0,318976.0,181760.0,0.0,8192.0,4194304.0,8192.0,512.0,524288.0,1024.0,0.0,4096.0,1048576.0,318468.0,8192.0,318976.0,1024.0,22286324.0,3317760.0,22286336.0,3313152.0,230.0,0.0,0.0,0.0,0.0,0.0,1.0,1.0,0,0,1,0,0,0,1,0,0,0,0,1,1,1,0,0,0,0,0,0,0,0,0,0,0,0,1,0,0,0,0,0,0,0,0,0,1,0,0,0,0,0
2228958.0,144.0,3.0,0.0,65535.0,2221056.0,215040.0,0.0,8192.0,4194304.0,8192.0,512.0,2465792.0,512.0,0.0,4096.0,1048576.0,2220772.0,8192.0,2221056.0,512.0,63006.0,139264.0,63488.0,133120.0,0.0,0.0,0.0,0.0,0.0,0.0,0.0,0.0,0,0,1,0,0,0,1,0,0,0,0,1,1,1,0,0,0,0,0,0,0,0,0,0,0,0,1,0,0,0,0,0,0,0,0,0,1,0,0,0,0,0
220730.0,144.0,3.0,0.0,65535.0,212992.0,5120.0,0.0,8192.0,4194304.0,8192.0,512.0,237568.0,512.0,0.0,4096.0,1048576.0,212552.0,8192.0,212992.0,512.0,116676.0,577536.0,116736.0,572416.0,0.0,0.0,0.0,0.0,0.0,0.0,1.0,1.0,0,0,1,0,0,0,1,0,1,0,0,1,1,1,0,0,0,0,0,0,0,0,0,0,0,0,1,0,0,0,0,0,0,0,0,0,1,0,0,0,0,0
222462.0,144.0,3.0,0.0,65535.0,214528.0,174080.0,0.0,8192.0,4194304.0,8192.0,512.0,425984.0,1024.0,0.0,4096.0,1048576.0,214276.0,8192.0,214528.0,1024.0,4096.0,315392.0,512.0,267264.0,31.0,0.0,0.0,0.0,0.0,4.0,1.0,1.0,0,0,1,0,0,0,1,0,0,0,0,1,1,1,0,0,0,0,0,0,0,0,0,0,0,0,1,0,0,0,0,0,0,0,0,0,1,0,0,0,0,0
262014.0,144.0,3.0,0.0,65535.0,253952.0,29184.0,0.0,8192.0,4194304.0,8192.0,512.0,311296.0,1024.0,339979.0,4096.0,1048576.0,253828.0,8192.0,253952.0,1024.0,5016.0,32768.0,5120.0,27136.0,3170.0,0.0,0.0,0.0,0.0,0.0,1.0,1.0,0,0,1,0,0,0,1,0,0,0,0,1,1,1,0,0,0,0,0,0,0,0,0,0,0,0,1,0,0,0,0,0,0,0,0,0,1,0,0,0,0,0
0.0,144.0,3.0,0.0,65535.0,42496.0,2048.0,0.0,8192.0,5368709120.0,8192.0,512.0,65536.0,512.0,0.0,16384.0,1048576.0,42365.0,8192.0,42496.0,512.0,25442.0,73728.0,25600.0,68096.0,0.0,0.0,0.0,0.0,0.0,0.0,0.0,0.0,1,0,1,1,0,0,1,0,1,0,0,1,1,1,0,0,0,0,0,0,0,0,0,0,0,0,1,0,0,0,0,0,0,0,0,0,1,0,0,0,0,0
1429710.0,144.0,3.0,0.0,65535.0,101376.0,50176.0,0.0,4096.0,4194304.0,4096.0,512.0,163840.0,1024.0,0.0,4096.0,1048576.0,101262.0,4096.0,101376.0,1024.0,28754.0,106496.0,29184.0,102400.0,412.0,0.0,0.0,0.0,0.0,3.0,0.0,0.0,0,0,0,0,0,0,0,0,0,0,0,0,1,1,0,0,0,0,0,0,0,0,0,0,0,0,1,0,0,0,0,0,0,0,0,0,1,0,0,0,0,0
78082.0,144.0,3.0,0.0,65535.0,40448.0,150016.0,0.0,4096.0,4194304.0,4096.0,512.0,208896.0,1024.0,242354.0,4096.0,1048576.0,40100.0,4096.0,40448.0,1024.0,7806.0,45056.0,8192.0,41472.0,1.0,0.0,0.0,0.0,0.0,2.0,0.0,0.0,0,0,1,0,0,0,1,0,0,0,0,0,1,1,0,0,0,0,0,0,0,0,0,0,0,0,1,0,0,0,0,0,0,0,0,0,1,0,0,0,0,0
821922.0,144.0,3.0,0.0,65535.0,814080.0,14848.0,0.0,8192.0,4194304.0,8192.0,512.0,851968.0,512.0,0.0,4096.0,1048576.0,813992.0,8192.0,814080.0,512.0,188782.0,3629056.0,188928.0,3629056.0,46.0,0.0,0.0,0.0,0.0,2.0,1.0,1.0,0,0,1,0,0,0,1,0,0,0,0,1,1,1,0,0,0,0,0,0,0,0,0,0,0,0,1,0,0,0,0,0,0,0,0,0,1,0,0,0,0,0
8095151.0,144.0,3.0,0.0,65535.0,878592.0,335872.0,0.0,4096.0,5368709120.0,4096.0,512.0,3760128.0,4096.0,966047.0,4096.0,1048576.0,522228.0,4096.0,0.0,1024.0,3193920.0,7106560.0,8192.0,257536.0,568.0,3.0,0.0,0.0,0.0,8.0,2.0,130.0,1,0,0,0,0,0,1,0,0,0,0,0,1,1,0,0,0,0,0,0,0,0,0,0,0,0,1,0,0,0,0,0,0,0,0,0,1,0,0,0,0,0
5368.0,144.0,3.0,0.0,0.0,2438144.0,330240.0,0.0,4096.0,4194304.0,4096.0,512.0,61440.0,4096.0,0.0,4096.0,1048576.0,114676.0,4096.0,190464.0,1024.0,978.0,3833856.0,512.0,153088.0,877.0,1.0,0.0,0.0,0.0,7.0,2.0,242.0,0,0,0,0,0,0,1,0,1,0,0,1,1,1,0,0,0,0,0,0,0,0,0,0,0,0,1,0,0,0,0,0,0,0,0,0,1,0,0,0,1,0
12557.0,144.0,3.0,0.0,65535.0,2158592.0,2280448.0,0.0,4096.0,4194304.0,4096.0,512.0,297504.0,512.0,82359.0,4096.0,1048576.0,4532.0,4096.0,4387328.0,1024.0,258842.0,1986560.0,178176.0,249856.0,0.0,1.0,2.0,0.0,0.0,0.0,2.0,656.0,1,0,0,1,0,0,1,0,1,0,0,0,1,1,0,0,0,0,0,0,0,0,0,0,0,0,1,0,0,0,0,0,0,0,0,0,1,0,0,0,0,0
7940.0,144.0,3.0,0.0,65535.0,49664.0,46592.0,0.0,4096.0,4194304.0,4096.0,512.0,110592.0,1024.0,0.0,4096.0,1048576.0,49551.0,4096.0,49664.0,1024.0,25174.0,57344.0,25600.0,50688.0,10.0,0.0,0.0,0.0,0.0,3.0,7.0,107.0,0,0,1,0,0,0,1,0,0,0,0,0,1,1,0,0,0,0,0,0,0,0,0,0,0,0,1,0,0,0,0,0,0,0,0,0,1,0,0,0,0,0
115541.0,144.0,3.0,0.0,65535.0,843776.0,599040.0,0.0,4096.0,4194304.0,4096.0,512.0,1335296.0,1024.0,100097.0,4096.0,1048576.0,22711.0,4096.0,40448.0,1536.0,11878.0,1048576.0,4942336.0,69632.0,422.0,3.0,0.0,0.0,0.0,0.0,2.0,20.0,1,0,0,1,0,0,1,0,1,0,0,0,1,1,0,0,0,0,0,0,0,0,0,0,0,0,1,0,0,0,0,0,0,0,0,0,1,0,0,0,0,0
12274.0,144.0,3.0,0.0,65535.0,73216.0,70144.0,0.0,4096.0,4194304.0,4096.0,512.0,155648.0,1024.0,183424.0,4096.0,1048576.0,72788.0,4096.0,73216.0,1024.0,4070.0,49152.0,4096.0,49152.0,324.0,0.0,0.0,1.0,0.0,3.0,0.0,0.0,0,0,1,0,0,0,1,0,0,0,0,0,1,1,0,0,0,0,0,0,0,0,0,0,0,0,1,0,0,0,0,0,0,0,0,0,1,0,0,0,0,0
380864.0,144.0,2.0,0.0,65535.0,2438144.0,1201664.0,0.0,4096.0,4194304.0,4096.0,512.0,1949696.0,4096.0,0.0,4096.0,1048576.0,6082.0,4096.0,13824.0,1024.0,207676.0,1896448.0,3584.0,185344.0,883.0,3.0,0.0,0.0,0.0,12.0,18.0,234.0,0,0,1,0,0,0,1,0,0,0,0,0,1,1,0,0,0,0,0,0,0,0,0,0,0,0,1,0,0,0,0,0,0,0,0,0,1,0,0,0,0,0
17336.0,144.0,3.0,0.0,65535.0,45056.0,40960.0,0.0,4096.0,4194304.0,4096.0,4096.0,90112.0,4096.0,0.0,4096.0,1048576.0,43366.0,4096.0,45056.0,4096.0,4070.0,49152.0,4096.0,49152.0,12.0,0.0,0.0,0.0,0.0,0.0,5.0,115.0,0,0,1,0,0,0,1,0,0,0,0,0,1,1,0,0,0,0,0,0,0,0,0,0,0,0,1,0,0,0,0,0,0,0,0,0,1,0,0,0,0,0
13594.0,80.0,3.0,0.0,65535.0,154112.0,126464.0,0.0,8192.0,4194304.0,4096.0,512.0,229376.0,1024.0,0.0,4096.0,1048576.0,8192.0,8192.0,2055680.0,1536.0,14300.0,360448.0,5632.0,328192.0,0.0,0.0,2.0,0.0,0.0,8.0,0.0,0.0,0,0,0,0,0,0,1,0,1,0,0,1,1,1,0,0,0,0,0,0,0,0,0,0,0,0,1,0,0,0,0,0,0,0,0,0,1,0,0,0,0,0
393504.0,144.0,3.0,0.0,65535.0,940544.0,110080.0,0.0,4096.0,4194304.0,4096.0,512.0,3301376.0,1536.0,0.0,4096.0,1048576.0,940094.0,4096.0,940544.0,1536.0,925224.0,946176.0,925696.0,942080.0,0.0,0.0,0.0,0.0,0.0,0.0,1.0,40.0,1,0,0,1,0,0,1,0,1,0,0,0,1,1,0,0,0,0,0,0,0,0,0,0,0,0,1,0,0,0,0,0,0,0,0,0,1,0,0,0,0,0
71644.0,80.0,2.0,15.0,65535.0,66560.0,53760.0,0.0,4096.0,4194304.0,4096.0,512.0,163840.0,1024.0,3557752.0,16384.0,1048576.0,62020.0,4096.0,62464.0,1024.0,24.0,110592.0,512.0,75264.0,1075.0,0.0,0.0,3.0,0.0,8.0,5.0,43.0,0,0,1,0,0,0,1,0,0,0,0,0,1,1,0,0,0,0,0,0,0,0,0,0,0,0,1,0,0,0,0,0,0,0,0,0,1,0,0,0,0,0
107871.0,144.0,3.0,0.0,65535.0,70656.0,89088.0,0.0,4096.0,4194304.0,4096.0,512.0,966656.0,1024.0,0.0,4096.0,4194304.0,51972.0,4096.0,479232.0,1024.0,5618568.0,970752.0,12288.0,238080.0,677.0,0.0,0.0,0.0,0.0,9.0,37.0,377.0,0,0,1,0,0,0,1,0,1,0,0,1,1,1,0,0,0,0,0,0,0,0,0,0,0,0,1,0,0,0,0,0,0,0,0,0,1,0,0,0,0,0
527490.0,144.0,3.0,0.0,65535.0,519680.0,32256.0,0.0,8192.0,4194304.0,8192.0,512.0,573440.0,512.0,0.0,4096.0,1048576.0,519304.0,8192.0,519680.0,512.0,20435.0,172032.0,20480.0,166912.0,54.0,0.0,0.0,0.0,0.0,0.0,1.0,1.0,0,0,1,0,0,0,1,0,1,0,0,1,1,1,0,0,0,0,0,0,0,0,0,0,0,0,1,0,0,0,0,0,0,0,0,0,1,0,0,0,0,0
116352.0,144.0,2.0,0.0,65535.0,56320.0,562176.0,0.0,4096.0,4194304.0,4096.0,512.0,1003520.0,1024.0,0.0,4096.0,1048576.0,2839270.0,4096.0,185344.0,1024.0,82566.0,167936.0,118784.0,4399616.0,574.0,0.0,0.0,0.0,0.0,0.0,6.0,310.0,0,0,0,0,0,0,1,0,1,0,0,0,0,1,0,0,0,0,0,0,0,0,0,0,0,0,1,0,0,0,0,0,0,0,0,0,1,0,0,0,0,0
7232.0,144.0,3.0,0.0,65535.0,18944.0,15360.0,0.0,4096.0,4194304.0,4096.0,512.0,49152.0,1024.0,123671.0,4096.0,1048576.0,18692.0,4096.0,18944.0,4096.0,1031.0,24576.0,1536.0,23040.0,1.0,0.0,0.0,0.0,0.0,0.0,3.0,54.0,0,0,0,0,0,0,1,0,1,0,0,0,1,0,0,0,0,0,0,0,0,0,0,0,0,0,1,0,0,0,0,0,0,0,0,0,1,0,0,0,0,0
8032.0,144.0,3.0,0.0,65535.0,8192.0,20480.0,0.0,4096.0,4194304.0,4096.0,4096.0,32768.0,4096.0,0.0,4096.0,1048576.0,5002.0,4096.0,8192.0,4096.0,3256.0,12288.0,4096.0,12288.0,17.0,0.0,0.0,0.0,0.0,0.0,4.0,135.0,0,0,1,0,0,0,1,0,1,0,0,1,1,1,0,0,0,0,0,0,0,0,0,0,0,0,1,0,0,0,0,0,0,0,0,0,1,0,0,0,0,0
1510590.0,144.0,3.0,0.0,65535.0,283136.0,289792.0,0.0,4096.0,4194304.0,4096.0,512.0,606208.0,1024.0,0.0,4096.0,1048576.0,286720.0,4096.0,283136.0,1024.0,61440.0,290816.0,58368.0,284160.0,232.0,42.0,10.0,0.0,0.0,0.0,12.0,306.0,0,0,1,0,0,0,1,0,0,0,0,1,1,1,0,0,0,0,0,0,0,0,0,0,0,0,1,1,0,0,0,0,0,0,0,0,1,0,1,0,1,0
36335.0,144.0,3.0,0.0,65535.0,6144.0,2560.0,0.0,8192.0,4194304.0,8192.0,512.0,32768.0,512.0,0.0,4096.0,1048576.0,5780.0,8192.0,6144.0,512.0,38382.0,151552.0,38400.0,146944.0,58.0,0.0,0.0,0.0,0.0,3.0,0.0,0.0,0,0,1,0,0,0,1,0,0,0,0,1,1,1,0,0,0,0,0,0,0,0,0,0,0,0,1,0,0,0,0,0,0,0,0,0,1,0,0,0,0,0
376252.0,144.0,3.0,0.0,65535.0,259584.0,384000.0,0.0,4096.0,4194304.0,4096.0,512.0,974848.0,1024.0,0.0,4096.0,1048576.0,143860.0,4096.0,157696.0,1024.0,231692.0,53248.0,512.0,153088.0,158.0,2.0,0.0,4.0,0.0,0.0,1.0,0.0,0,0,1,0,0,0,1,0,0,0,0,1,1,0,0,0,0,0,0,0,0,0,0,0,0,0,1,0,0,0,0,0,0,0,0,0,1,0,0,0,0,0
4674.0,144.0,3.0,0.0,65535.0,42496.0,597504.0,0.0,4096.0,4194304.0,4096.0,512.0,659456.0,1024.0,0.0,4096.0,1048576.0,42087.0,4096.0,42496.0,1024.0,22414.0,49152.0,22528.0,43520.0,0.0,0.0,0.0,0.0,0.0,0.0,2.0,64.0,0,0,1,0,0,0,1,0,0,0,0,0,1,1,0,0,0,0,0,0,0,0,0,0,0,0,1,0,0,0,0,0,0,0,0,0,1,0,0,0,0,0
1253926.0,144.0,3.0,0.0,65535.0,2605056.0,762880.0,0.0,4096.0,4194304.0,4096.0,512.0,4644864.0,1024.0,0.0,4096.0,1048576.0,2605015.0,1253376.0,2605056.0,1024.0,299293.0,3858432.0,299520.0,2606080.0,0.0,0.0,0.0,0.0,0.0,0.0,12.0,420.0,0,0,0,0,0,0,1,0,0,0,0,0,1,1,0,0,0,0,0,0,0,0,0,0,0,0,1,0,0,0,0,0,0,0,0,0,1,0,0,0,0,0
107871.0,144.0,3.0,0.0,65535.0,437248.0,2387456.0,0.0,4096.0,4194304.0,4096.0,512.0,102400.0,1024.0,0.0,4096.0,1048576.0,120436.0,4096.0,13824.0,1024.0,82566.0,8548352.0,8192.0,37888.0,414.0,3.0,1.0,4.0,0.0,11.0,1.0,207.0,0,0,0,0,0,0,1,0,0,0,0,0,1,0,0,0,0,0,0,0,0,0,0,0,0,0,1,0,0,0,0,0,0,0,0,0,1,0,0,0,0,0
77302.0,144.0,3.0,0.0,65535.0,69120.0,69632.0,0.0,8192.0,4194304.0,8192.0,512.0,163840.0,512.0,0.0,4096.0,1048576.0,69116.0,8192.0,69120.0,512.0,10716.0,102400.0,0.0,0.0,28.0,0.0,0.0,0.0,0.0,4.0,1.0,1.0,0,0,1,0,0,0,1,0,1,0,0,1,1,1,0,0,0,0,0,0,0,0,0,0,0,0,1,0,0,0,0,0,0,0,0,0,1,0,0,0,0,0
42632.0,144.0,3.0,0.0,65535.0,162816.0,206336.0,0.0,4096.0,5368709120.0,4096.0,512.0,450560.0,1024.0,8407230.0,4096.0,1048576.0,162544.0,4096.0,162816.0,1024.0,72662.0,167936.0,72704.0,163840.0,12.0,0.0,0.0,0.0,0.0,0.0,0.0,0.0,1,0,1,1,0,0,1,0,1,0,0,0,1,1,0,0,0,0,0,0,0,0,0,0,0,0,1,0,0,0,0,0,0,0,0,0,1,0,0,0,0,0
19462928.0,0.0,3.0,0.0,65535.0,645120.0,796160.0,0.0,4096.0,5368709120.0,4096.0,512.0,8970240.0,1024.0,100097.0,4096.0,1048576.0,118004.0,4096.0,6839296.0,1024.0,258842.0,299008.0,1063424.0,289792.0,808.0,1.0,2.0,0.0,0.0,0.0,7.0,332.0,1,0,0,1,0,0,1,0,1,0,0,0,1,1,0,0,0,0,0,0,0,0,0,0,0,0,1,0,0,0,0,0,0,0,0,0,1,0,0,0,0,0
5127.0,144.0,3.0,0.0,65535.0,84480.0,211456.0,0.0,4096.0,4194304.0,4096.0,512.0,4734976.0,4096.0,0.0,4096.0,1048576.0,80996.0,4096.0,25600.0,1024.0,6156.0,1048576.0,207872.0,120320.0,6509.0,0.0,0.0,0.0,0.0,11.0,1.0,0.0,0,0,1,0,0,0,1,0,0,0,0,0,0,1,0,0,0,0,0,0,0,0,0,0,0,0,1,0,0,0,0,0,0,0,0,0,1,0,0,0,0,0
135203.0,144.0,3.0,0.0,65535.0,207872.0,21504.0,0.0,4096.0,4194304.0,4096.0,512.0,249856.0,1024.0,243551.0,8192.0,1048576.0,207506.0,4096.0,207872.0,1024.0,93.0,2355200.0,512.0,2307072.0,14.0,0.0,0.0,0.0,0.0,4.0,11.0,225.0,0,0,1,0,0,0,1,0,0,0,0,0,1,1,0,0,0,0,0,0,0,0,0,0,0,0,1,0,0,0,0,0,0,0,0,0,1,0,0,0,0,0
5080.0,144.0,3.0,0.0,65535.0,2965504.0,73728.0,0.0,4096.0,4194304.0,4096.0,4096.0,3043328.0,4096.0,3041174.0,4096.0,1048576.0,2964836.0,4096.0,2965504.0,4096.0,10864.0,122880.0,11264.0,115712.0,777.0,2.0,0.0,0.0,0.0,0.0,1.0,97.0,0,0,1,0,0,0,1,0,1,0,0,0,1,0,0,0,0,0,0,0,0,0,0,0,0,0,1,0,0,0,0,0,0,0,0,0,1,0,0,0,0,0
32183808.0,144.0,3.0,0.0,65535.0,113664.0,40448.0,0.0,4096.0,4194304.0,4096.0,512.0,233472.0,1024.0,0.0,4096.0,1048576.0,113641.0,4096.0,113664.0,1024.0,31250.0,118784.0,31744.0,114688.0,1.0,0.0,0.0,0.0,0.0,3.0,0.0,0.0,0,0,0,0,0,0,1,0,0,0,0,0,1,1,0,0,0,0,0,0,0,0,0,0,0,0,1,0,0,0,0,0,0,0,0,0,1,0,0,0,0,0
5650.0,80.0,3.0,0.0,65535.0,203776.0,100864.0,0.0,4096.0,4194304.0,4096.0,512.0,1392640.0,1024.0,1296063.0,4096.0,1048576.0,352244.0,8192.0,25600.0,4096.0,4732.0,73728.0,3584.0,654336.0,6619.0,0.0,2.0,0.0,0.0,0.0,3.0,0.0,0,0,1,0,0,0,1,0,0,0,0,0,1,1,0,0,0,0,0,0,0,0,0,0,0,0,1,0,0,0,0,0,0,0,0,0,1,0,0,0,0,0
83127.0,144.0,3.0,0.0,65535.0,140800.0,112640.0,0.0,4096.0,4194304.0,4096.0,512.0,262144.0,1024.0,310320.0,4096.0,1048576.0,140770.0,4096.0,140800.0,1024.0,701688.0,700416.0,701952.0,694272.0,0.0,0.0,0.0,2.0,0.0,0.0,8.0,150.0,0,0,1,0,0,0,0,0,0,0,0,0,0,1,0,0,0,0,0,0,0,0,0,0,0,0,1,1,0,0,0,0,0,0,0,0,1,0,0,0,0,0
34880.0,144.0,3.0,0.0,65535.0,29696.0,18432.0,0.0,4096.0,4194304.0,8192.0,512.0,42090496.0,1024.0,0.0,4096.0,1048576.0,3996.0,4096.0,8791552.0,1024.0,990.0,167936.0,4096.0,2419712.0,888.0,3.0,1.0,0.0,0.0,11.0,0.0,1.0,0,0,1,1,0,0,1,0,1,0,0,0,1,1,0,0,0,0,0,0,0,0,0,0,0,0,1,0,0,0,0,0,0,0,0,0,1,0,0,0,0,0
479166.0,144.0,3.0,0.0,65535.0,471040.0,2048.0,0.0,8192.0,4194304.0,8192.0,512.0,499712.0,512.0,0.0,4096.0,1048576.0,470980.0,8192.0,471040.0,512.0,794896.0,806912.0,795136.0,803328.0,499.0,0.0,0.0,1.0,0.0,1.0,1.0,1.0,0,0,1,0,0,0,1,0,0,0,0,1,1,1,0,0,0,0,0,0,0,0,0,0,0,0,1,0,0,0,0,0,0,0,0,0,1,0,0,0,0,0
189194.0,144.0,3.0,0.0,65535.0,184832.0,288256.0,0.0,8192.0,4194304.0,8192.0,512.0,311296.0,512.0,0.0,4096.0,1048576.0,184692.0,8192.0,184832.0,512.0,13213.0,77824.0,13312.0,69632.0,26.0,0.0,0.0,0.0,0.0,0.0,1.0,1.0,0,0,1,0,0,0,1,0,0,0,0,0,1,1,0,0,0,0,0,0,0,0,0,0,0,0,1,0,0,0,0,0,0,0,0,0,1,0,0,0,0,0
26398.0,144.0,3.0,0.0,65535.0,18432.0,2560.0,0.0,8192.0,4194304.0,8192.0,512.0,49152.0,512.0,0.0,4096.0,1048576.0,18212.0,8192.0,18432.0,512.0,4096.0,622592.0,512.0,616960.0,117.0,0.0,0.0,0.0,0.0,0.0,1.0,1.0,0,0,1,0,0,0,1,0,0,0,0,1,1,1,0,0,0,0,0,0,0,0,0,0,0,0,1,0,0,0,0,0,0,0,0,0,1,0,0,0,0,0
19574.0,80.0,62922.0,0.0,65535.0,552960.0,1666048.0,0.0,4096.0,4194304.0,4096.0,512.0,16211968.0,1064.0,92886.0,4096.0,1048576.0,891184.0,4096.0,4212736.0,2560.0,306780.0,610304.0,56832.0,37888.0,890.0,2.0,0.0,0.0,0.0,10.0,8.0,19.0,0,1,0,0,0,0,1,0,0,0,0,0,1,1,0,0,0,0,0,0,0,0,0,0,0,0,1,0,0,0,0,0,0,0,0,0,1,0,0,0,0,0
163850.0,144.0,3.0,0.0,65535.0,356352.0,1056768.0,1585152.0,1589248.0,12845056.0,4096.0,512.0,3018752.0,1024.0,0.0,4096.0,4194304.0,62340.0,8192.0,62464.0,512.0,11230.0,53248.0,11264.0,50176.0,0.0,0.0,0.0,0.0,0.0,0.0,19.0,513.0,0,0,1,0,0,0,1,0,0,0,0,0,0,1,0,0,0,0,0,0,0,0,0,0,0,0,1,0,0,0,0,0,0,0,0,0,1,0,0,0,0,0
19418.0,144.0,3.0,0.0,65535.0,118272.0,0.0,0.0,4096.0,4194304.0,4096.0,512.0,126976.0,584.0,112893.0,4096.0,1048576.0,11232.0,8192.0,11264.0,512.0,4096.0,8581120.0,512.0,8026112.0,47.0,0.0,3.0,0.0,0.0,3.0,0.0,0.0,0,0,1,0,0,0,1,0,1,0,0,1,1,1,0,0,0,0,0,0,0,0,0,0,0,0,1,0,0,0,0,0,0,0,0,0,1,0,0,0,0,0
4096.0,144.0,3.0,0.0,65535.0,512.0,231424.0,0.0,4096.0,4194304.0,4096.0,512.0,249856.0,1024.0,0.0,4096.0,4096.0,5.0,4096.0,512.0,1024.0,53.0,8192.0,512.0,1536.0,1.0,0.0,0.0,0.0,0.0,0.0,0.0,0.0,0,0,1,0,0,0,0,0,1,0,0,0,1,1,0,0,0,0,0,0,0,0,0,0,0,0,1,0,0,0,0,0,0,0,0,0,1,0,0,0,0,0
20880.0,144.0,3.0,0.0,65535.0,0.0,110080.0,0.0,4096.0,16777216.0,4096.0,512.0,155648.0,1024.0,183106.0,4096.0,1048576.0,23496.0,4096.0,23552.0,1024.0,3678.0,20480.0,4096.0,16384.0,12.0,0.0,0.0,0.0,0.0,0.0,0.0,0.0,0,0,1,0,0,0,0,0,0,0,0,0,1,1,0,0,0,0,0,0,0,0,0,0,0,0,1,0,0,0,0,0,0,0,0,0,1,0,0,0,0,0
4001022.0,144.0,3.0,0.0,65535.0,3993088.0,149504.0,0.0,8192.0,4194304.0,8192.0,512.0,4169728.0,512.0,0.0,4096.0,1048576.0,3992836.0,8192.0,3993088.0,512.0,44618.0,106496.0,45056.0,100864.0,42.0,0.0,0.0,0.0,0.0,0.0,1.0,1.0,0,0,1,0,0,0,1,0,1,0,0,1,1,1,0,0,0,0,0,0,0,0,0,0,0,0,1,0,0,0,0,0,0,0,0,0,1,0,0,0,0,0
1950785.0,144.0,3.0,0.0,65535.0,1974272.0,3768320.0,0.0,4096.0,4194304.0,4096.0,512.0,5750784.0,1024.0,0.0,4096.0,1048576.0,1973934.0,4096.0,1974272.0,1024.0,626242.0,1978368.0,626688.0,1975296.0,0.0,0.0,0.0,0.0,0.0,0.0,24.0,321.0,0,0,1,0,0,0,1,0,0,0,0,0,1,1,0,0,0,0,0,0,0,0,0,0,0,0,1,0,0,0,0,0,0,0,0,0,1,0,0,0,0,0
15264.0,144.0,3.0,0.0,65535.0,6211344.0,469764.0,205352.0,4096.0,4194304.0,4096.0,512.0,11554816.0,1024.0,11383025.0,4096.0,1048576.0,6211344.0,4096.0,6211584.0,1024.0,3978944.0,6754304.0,3979264.0,6745600.0,1.0,0.0,0.0,0.0,0.0,0.0,19.0,687.0,0,0,1,0,0,0,0,0,0,0,0,0,0,1,0,0,0,0,0,0,0,0,0,0,0,0,1,0,0,0,0,0,0,0,0,0,1,0,0,0,0,0
5280.0,144.0,3.0,0.0,65535.0,8192.0,15872.0,1536.0,4096.0,4194304.0,4096.0,512.0,69632.0,1024.0,73930.0,4096.0,1048576.0,7780.0,4096.0,8192.0,1024.0,900.0,16384.0,1024.0,9728.0,136.0,0.0,0.0,0.0,0.0,1.0,6.0,78.0,0,0,0,0,0,0,0,0,0,0,0,0,1,0,0,0,0,0,1,0,0,0,0,0,0,0,1,0,0,0,0,0,0,0,0,0,1,0,0,0,0,0
5360.0,144.0,3.0,0.0,65535.0,678400.0,943104.0,78848.0,4096.0,4194304.0,4096.0,512.0,1048576.0,1024.0,963701.0,4096.0,1048576.0,678000.0,4096.0,678400.0,1024.0,202528.0,704512.0,202752.0,699904.0,160.0,0.0,0.0,0.0,0.0,0.0,7.0,190.0,0,0,0,0,0,0,1,0,0,0,0,0,0,1,0,0,0,0,1,0,0,0,0,0,0,0,1,0,0,0,0,0,0,0,0,0,1,0,0,0,0,0
12310.0,144.0,3.0,0.0,65535.0,12288.0,16384.0,0.0,4096.0,4194304.0,4096.0,4096.0,32768.0,4096.0,0.0,4096.0,1048576.0,9634.0,4096.0,12288.0,4096.0,5800.0,16384.0,8192.0,16384.0,12.0,0.0,0.0,0.0,0.0,0.0,6.0,210.0,0,0,1,0,0,0,1,0,0,0,0,1,1,1,0,0,0,0,0,0,0,0,0,0,0,0,1,0,0,0,0,0,0,0,0,0,1,0,0,0,0,0
1594320.0,80.0,2.0,15.0,65535.0,1036288.0,128000.0,0.0,4096.0,4194304.0,4096.0,512.0,1220608.0,1024.0,0.0,16384.0,1048576.0,1030832.0,4096.0,1031168.0,1024.0,93.0,1105920.0,512.0,1057280.0,230.0,4.0,0.0,0.0,0.0,2.0,0.0,0.0,0,0,0,0,0,0,1,0,0,0,0,0,1,1,0,0,0,0,0,0,0,0,0,0,0,0,1,0,0,0,0,0,0,0,0,0,1,0,0,0,0,0
26572.0,144.0,3.0,0.0,65535.0,26112.0,138752.0,0.0,4096.0,4194304.0,4096.0,512.0,188416.0,1024.0,223322.0,8192.0,1048576.0,26060.0,4096.0,26112.0,1024.0,2286.0,12288.0,2560.0,8704.0,64.0,0.0,0.0,0.0,0.0,3.0,8.0,156.0,0,0,1,0,0,0,1,0,0,0,0,0,1,1,0,0,0,0,0,0,0,0,0,0,0,0,1,0,0,0,0,0,0,0,0,0,1,0,0,0,0,0
1860064.0,13104.0,12599.0,0.0,65535.0,1228800.0,12288.0,630784.0,634880.0,4194304.0,4096.0,512.0,1875968.0,4096.0,0.0,4096.0,1048576.0,13604.0,4096.0,13824.0,1024.0,3644.0,24576.0,4096.0,15360.0,0.0,0.0,0.0,0.0,0.0,0.0,12.0,17.0,0,0,1,0,0,0,0,0,0,0,0,0,0,1,0,0,0,0,1,0,0,0,0,0,0,0,1,0,0,0,0,0,0,0,0,0,1,0,0,0,0,0
747878.0,144.0,3.0,0.0,65535.0,295424.0,86528.0,0.0,4096.0,4194304.0,4096.0,512.0,8282112.0,1024.0,0.0,4096.0,1048576.0,17412.0,4096.0,871936.0,1024.0,8600.0,36864.0,207872.0,84480.0,0.0,0.0,2.0,0.0,0.0,0.0,2.0,17.0,0,0,1,0,0,0,1,0,1,0,0,1,1,1,0,0,0,0,0,0,0,0,0,0,0,0,1,0,0,0,0,0,0,0,0,0,1,0,0,0,0,0
4864.0,144.0,3.0,0.0,65535.0,137216.0,127488.0,0.0,4096.0,27066368.0,4096.0,512.0,274432.0,1024.0,266947.0,4096.0,1048576.0,137088.0,4096.0,137216.0,1024.0,1280.0,28672.0,1536.0,19968.0,52.0,4.0,0.0,0.0,0.0,0.0,8.0,269.0,0,0,1,0,0,0,1,0,0,0,0,1,1,0,0,0,0,0,0,0,0,0,0,0,0,0,1,0,0,0,0,0,0,0,0,0,1,0,0,0,0,0
520.0,144.0,3.0,0.0,65535.0,512.0,6144.0,0.0,512.0,4194304.0,512.0,512.0,7168.0,512.0,34022.0,4096.0,1048576.0,104.0,512.0,512.0,512.0,24.0,1781760.0,512.0,1664000.0,1.0,0.0,0.0,0.0,0.0,0.0,1.0,1.0,0,0,1,0,0,0,1,0,0,0,0,0,1,1,0,0,0,0,0,0,0,0,0,0,0,0,1,0,0,0,0,0,0,0,0,0,1,0,0,0,0,0
36144.0,144.0,3.0,0.0,65535.0,0.0,404992.0,0.0,4096.0,4194304.0,4096.0,512.0,413696.0,1024.0,445017.0,4096.0,1048576.0,14512.0,8192.0,14848.0,512.0,96824.0,135168.0,97280.0,130560.0,2.0,0.0,0.0,0.0,0.0,3.0,0.0,0.0,0,0,1,0,0,0,1,0,1,0,0,1,1,1,0,0,0,0,0,0,0,0,0,0,0,0,1,0,0,0,0,0,0,0,0,0,1,0,0,0,0,0
5248.0,144.0,3.0,0.0,65535.0,8192.0,15360.0,1536.0,4096.0,4194304.0,4096.0,512.0,40960.0,1024.0,49247.0,4096.0,1048576.0,7956.0,4096.0,8192.0,1024.0,724.0,16384.0,1024.0,9728.0,3.0,0.0,0.0,0.0,0.0,0.0,4.0,59.0,0,0,1,0,0,0,1,0,1,0,0,0,1,0,0,0,0,0,1,0,0,0,0,0,0,0,1,0,0,0,0,0,0,0,0,0,1,0,0,0,0,0
11870.0,64.0,1.0,0.0,65535.0,4096.0,1536.0,0.0,8192.0,4194304.0,8192.0,512.0,32768.0,512.0,0.0,4096.0,1048576.0,3684.0,8192.0,4096.0,512.0,68400.0,294912.0,69632.0,294912.0,37.0,0.0,0.0,0.0,0.0,4.0,1.0,1.0,0,0,1,0,0,0,1,0,0,0,0,1,1,1,0,0,0,0,0,0,0,0,0,0,0,0,1,0,0,0,0,0,0,0,0,0,1,0,0,0,0,0
29762.0,144.0,3.0,0.0,65535.0,73216.0,70144.0,0.0,4096.0,4194304.0,4096.0,512.0,155648.0,1024.0,183424.0,4096.0,1048576.0,72788.0,4096.0,73216.0,1024.0,42514.0,208896.0,43008.0,202752.0,11.0,0.0,0.0,0.0,0.0,4.0,5.0,77.0,0,0,1,0,0,0,1,0,0,0,0,0,1,1,0,0,0,0,0,0,0,0,0,0,0,0,1,0,0,0,0,0,0,0,0,0,1,0,0,0,0,0
407308.0,80.0,2.0,15.0,65535.0,401408.0,66048.0,0.0,4096.0,4194304.0,4096.0,512.0,507904.0,1024.0,0.0,16384.0,1048576.0,399188.0,4096.0,399360.0,1024.0,24.0,454656.0,512.0,420864.0,19.0,0.0,0.0,1.0,0.0,1.0,10.0,136.0,0,0,1,0,0,0,1,0,0,0,0,1,1,1,0,0,0,0,0,0,0,0,0,0,0,0,1,0,0,0,0,0,0,0,0,0,1,0,0,0,0,0
13594.0,144.0,3.0,0.0,65535.0,140288.0,211456.0,0.0,8192.0,4194304.0,4096.0,512.0,155648.0,512.0,0.0,4096.0,1048576.0,8192.0,4096.0,8192.0,1024.0,14300.0,163840.0,99328.0,1029120.0,767.0,0.0,2.0,0.0,0.0,0.0,1.0,0.0,0,1,0,0,0,0,1,0,0,0,0,1,1,1,0,0,0,0,0,0,0,0,0,0,0,0,1,0,0,0,0,0,0,0,0,0,1,0,0,0,0,0
29762.0,144.0,3.0,0.0,65535.0,73216.0,70144.0,0.0,4096.0,4194304.0,4096.0,512.0,155648.0,1024.0,183424.0,4096.0,1048576.0,72788.0,4096.0,73216.0,1024.0,24.0,1122304.0,512.0,1075712.0,22.0,0.0,0.0,0.0,0.0,0.0,5.0,77.0,0,0,1,0,0,0,1,0,0,0,0,0,1,1,0,0,0,0,0,0,0,0,0,0,0,0,1,0,0,0,0,0,0,0,0,0,1,0,0,0,0,0
48455.0,144.0,2.0,0.0,65535.0,134656.0,149504.0,0.0,4096.0,4194304.0,8192.0,512.0,221184.0,1024.0,0.0,4096.0,1048576.0,53418.0,4096.0,94720.0,4096.0,49450.0,172032.0,2560000.0,113664.0,866.0,0.0,0.0,0.0,0.0,0.0,1.0,0.0,0,0,0,0,0,0,0,0,0,0,0,0,1,0,0,0,0,0,0,0,0,0,0,0,0,0,1,0,0,0,0,0,0,0,0,0,1,0,0,0,0,0
5672961.0,80.0,2.0,15.0,65535.0,3143168.0,2234368.0,0.0,4096.0,4194304.0,4096.0,512.0,5713920.0,1024.0,0.0,16384.0,1048576.0,3133440.0,4096.0,1091072.0,1024.0,4096.0,3338240.0,512.0,1126912.0,682.0,0.0,0.0,0.0,0.0,4.0,16.0,18.0,0,0,1,0,0,0,1,0,1,0,0,1,1,1,0,0,0,0,1,0,0,0,0,0,0,0,1,1,0,0,0,0,0,0,0,0,1,0,0,0,1,0
158711.0,144.0,3.0,0.0,65535.0,573440.0,350208.0,0.0,4096.0,4194304.0,4096.0,512.0,950272.0,1024.0,972337.0,4096.0,4194304.0,573044.0,4096.0,573440.0,1024.0,182122.0,577536.0,182272.0,574464.0,88.0,0.0,0.0,0.0,0.0,4.0,18.0,516.0,0,0,1,0,0,0,1,0,0,0,0,0,0,1,0,0,0,0,0,0,0,0,0,0,0,0,1,0,0,0,0,0,0,0,0,0,1,0,0,0,0,0
101229.0,0.0,3.0,0.0,65535.0,70656.0,2048.0,0.0,4096.0,4194304.0,4096.0,512.0,81920.0,1024.0,0.0,4096.0,1048576.0,155140.0,438272.0,1536.0,4096.0,188686.0,557056.0,207872.0,521216.0,232.0,0.0,1.0,0.0,0.0,10.0,0.0,0.0,0,0,0,0,0,0,0,0,0,0,0,0,1,1,0,0,0,0,0,0,0,0,0,0,0,0,1,0,0,0,0,0,0,0,0,0,1,0,0,0,0,0
11933223.0,144.0,3.0,0.0,65535.0,76288.0,296448.0,0.0,4096.0,4194304.0,4096.0,512.0,380928.0,1024.0,389429.0,4096.0,1048576.0,75792.0,4096.0,76288.0,1024.0,32550.0,81920.0,32768.0,77312.0,0.0,0.0,0.0,0.0,0.0,0.0,11.0,585.0,0,0,1,0,0,0,0,0,0,0,0,0,0,1,0,0,0,0,0,0,0,0,0,0,0,0,1,0,0,0,0,0,0,0,0,0,1,0,0,0,0,0
178064.0,144.0,3.0,0.0,65535.0,752640.0,2119680.0,0.0,4096.0,4294311936.0,4096.0,512.0,2883584.0,1536.0,2892766.0,57344.0,1048576.0,753664.0,4096.0,753664.0,4096.0,192512.0,757760.0,192512.0,757760.0,4.0,0.0,0.0,0.0,0.0,0.0,20.0,851.0,1,0,1,1,0,0,1,0,0,0,0,0,1,1,0,0,0,0,0,0,0,0,0,0,0,0,1,0,0,0,0,0,0,0,0,0,1,0,0,0,0,0
17570.0,144.0,3.0,0.0,65535.0,9728.0,2048.0,0.0,8192.0,4194304.0,8192.0,512.0,40960.0,512.0,0.0,4096.0,1048576.0,9384.0,8192.0,9728.0,512.0,1368.0,16384.0,1536.0,8192.0,33.0,0.0,0.0,0.0,0.0,4.0,1.0,1.0,0,0,1,0,0,0,1,0,1,0,0,1,1,1,0,0,0,0,0,0,0,0,0,0,0,0,1,0,0,0,0,0,0,0,0,0,1,0,0,0,0,0
22718.0,144.0,3.0,0.0,65535.0,14848.0,4096.0,0.0,8192.0,4194304.0,8192.0,512.0,49152.0,1024.0,0.0,4096.0,1048576.0,14532.0,8192.0,14848.0,1024.0,643214.0,1085440.0,643584.0,1081344.0,107.0,0.0,0.0,0.0,0.0,0.0,1.0,1.0,0,0,1,0,0,0,1,0,0,0,0,1,1,1,0,0,0,0,0,0,0,0,0,0,0,0,1,0,0,0,0,0,0,0,0,0,1,0,0,0,0,0
1814886.0,144.0,3.0,0.0,65535.0,1806848.0,109056.0,0.0,8192.0,4194304.0,8192.0,512.0,1941504.0,512.0,1976975.0,4096.0,1048576.0,1806700.0,8192.0,1806848.0,512.0,26456.0,180224.0,26624.0,175616.0,988.0,20.0,0.0,0.0,0.0,0.0,1.0,1.0,0,0,1,0,0,0,1,0,1,0,0,1,1,1,0,0,0,0,0,0,0,0,0,0,0,0,1,0,0,0,0,0,0,0,0,0,1,0,0,0,0,0
16528.0,144.0,3.0,0.0,65535.0,12288.0,49664.0,0.0,4096.0,4194304.0,4096.0,512.0,20480.0,1536.0,0.0,4096.0,1048576.0,2072252.0,8192.0,365568.0,1024.0,5996.0,3293184.0,10752.0,185344.0,859.0,0.0,0.0,0.0,0.0,11.0,13.0,9.0,0,0,1,0,0,0,1,0,0,0,0,0,0,1,0,0,0,0,0,0,0,0,0,0,0,0,1,0,0,0,0,0,0,0,0,0,1,0,0,0,0,0
21682.0,144.0,3.0,0.0,65535.0,13824.0,2048.0,0.0,8192.0,4194304.0,8192.0,512.0,40960.0,512.0,0.0,4096.0,1048576.0,13496.0,8192.0,13824.0,512.0,1230350.0,983040.0,1230848.0,976896.0,126.0,0.0,0.0,0.0,0.0,5.0,1.0,1.0,0,0,1,0,0,0,1,0,0,0,0,1,1,1,0,0,0,0,0,0,0,0,0,0,0,0,1,0,0,0,0,0,0,0,0,0,1,0,0,0,0,0
3422617582.0,144.0,3.0,0.0,65535.0,397312.0,16384.0,536576.0,540672.0,4194304.0,4096.0,512.0,954368.0,4096.0,0.0,4096.0,4194304.0,46484.0,8192.0,46592.0,512.0,1980.0,16384.0,2048.0,10240.0,8.0,0.0,0.0,0.0,0.0,0.0,18.0,23.0,0,0,1,0,0,0,1,0,0,0,0,0,0,1,0,0,0,0,0,0,0,0,0,0,0,0,1,0,0,0,0,0,0,0,0,0,1,0,0,0,0,0
62832.0,144.0,3.0,0.0,65535.0,79872.0,78848.0,0.0,4096.0,5368709120.0,4096.0,512.0,184320.0,1024.0,0.0,4096.0,1048576.0,79676.0,4096.0,79872.0,1024.0,34814.0,86016.0,34816.0,80896.0,8.0,0.0,0.0,0.0,0.0,0.0,12.0,116.0,1,0,1,1,0,0,1,0,1,0,0,0,1,1,0,0,0,0,0,0,0,0,0,0,0,0,1,0,0,0,0,0,0,0,0,0,1,0,0,0,0,0
18070.0,144.0,3.0,0.0,65535.0,10240.0,2048.0,0.0,8192.0,4194304.0,8192.0,512.0,40960.0,512.0,0.0,4096.0,1048576.0,9884.0,8192.0,10240.0,512.0,108946.0,696320.0,0.0,0.0,21.0,0.0,0.0,0.0,0.0,0.0,1.0,1.0,0,0,0,0,0,0,1,0,1,0,0,1,1,1,0,0,0,0,0,0,0,0,0,0,0,0,1,0,0,0,0,0,0,0,0,0,1,0,0,0,0,0
50254.0,144.0,3.0,0.0,65535.0,42496.0,2048.0,0.0,8192.0,4194304.0,8192.0,512.0,73728.0,512.0,0.0,4096.0,1048576.0,42084.0,8192.0,42496.0,512.0,1066379.0,872448.0,1066496.0,866304.0,27.0,0.0,0.0,0.0,0.0,0.0,1.0,1.0,0,0,0,0,0,0,1,0,0,0,0,1,1,1,0,0,0,0,0,0,0,0,0,0,0,0,1,0,0,0,0,0,0,0,0,0,1,0,0,0,0,0
4902.0,144.0,3.0,0.0,65535.0,3584.0,5120.0,0.0,4096.0,4194304.0,4096.0,512.0,24576.0,1024.0,0.0,4096.0,1048576.0,3278.0,4096.0,3584.0,1024.0,2870.0,8192.0,3072.0,4608.0,3754.0,0.0,0.0,1.0,0.0,1.0,7.0,45.0,0,0,0,0,0,0,1,0,0,0,0,0,1,1,0,0,0,0,0,0,0,0,0,0,0,0,1,0,0,0,0,0,0,0,0,0,1,0,0,0,0,0
8496.0,144.0,3.0,0.0,65535.0,8192.0,12288.0,0.0,4096.0,4194304.0,4096.0,4096.0,24576.0,4096.0,0.0,4096.0,1048576.0,5154.0,4096.0,8192.0,4096.0,1962.0,12288.0,4096.0,12288.0,30.0,0.0,0.0,0.0,0.0,0.0,5.0,72.0,0,0,1,0,0,0,1,0,0,0,0,1,1,1,0,0,0,0,0,0,0,0,0,0,0,0,1,0,0,0,0,0,0,0,0,0,1,0,0,0,0,0
117726.0,144.0,3.0,0.0,65535.0,211456.0,73728.0,0.0,4096.0,4194304.0,4096.0,512.0,229376.0,512.0,0.0,4096.0,1048576.0,734748.0,4096.0,25600.0,512.0,82566.0,585728.0,4096.0,19968.0,782.0,2.0,0.0,0.0,0.0,10.0,8.0,7.0,0,0,0,0,0,0,1,0,0,0,0,0,1,1,0,0,0,0,0,0,0,0,0,0,0,0,1,0,0,0,0,0,0,0,0,0,1,0,0,0,0,0
13137692.0,144.0,3.0,0.0,65535.0,6144.0,97792.0,0.0,4096.0,4194304.0,8192.0,512.0,1204224.0,4096.0,0.0,4096.0,1048576.0,682086.0,69632.0,601600.0,1024.0,15314.0,208896.0,12288.0,130560.0,0.0,0.0,0.0,0.0,0.0,0.0,1.0,0.0,0,0,0,1,0,0,1,0,1,0,0,0,1,1,0,0,0,0,0,0,0,0,0,0,0,0,1,0,0,0,0,0,0,0,0,0,1,0,0,0,0,0
14662.0,144.0,3.0,0.0,65535.0,64000.0,44544.0,0.0,4096.0,4194304.0,4096.0,512.0,126976.0,1024.0,0.0,4096.0,1048576.0,63776.0,4096.0,64000.0,1024.0,34036.0,69632.0,34304.0,65024.0,23312.0,4.0,0.0,0.0,0.0,0.0,5.0,99.0,0,0,1,0,0,0,1,0,0,0,0,0,1,1,0,0,0,0,0,0,0,0,0,0,0,0,1,0,0,0,0,0,0,0,0,0,1,0,0,0,0,0
12557.0,120.0,3.0,16.0,65535.0,32256.0,140288.0,0.0,4096.0,5368709120.0,4096.0,512.0,31760384.0,1024.0,100097.0,4096.0,1048576.0,59643.0,4096.0,2055680.0,1536.0,1066379.0,708608.0,1190400.0,408064.0,0.0,0.0,0.0,0.0,0.0,0.0,12.0,18.0,0,0,1,1,0,0,1,0,0,0,0,0,1,0,0,0,0,0,0,0,0,0,0,0,0,0,1,0,0,0,0,0,0,0,0,0,1,0,0,0,0,0
163850.0,64.0,3.0,0.0,65535.0,70656.0,1767424.0,0.0,4096.0,4194304.0,8192.0,512.0,10252288.0,512.0,0.0,4096.0,1048576.0,8192.0,8192.0,730624.0,1024.0,49450.0,163840.0,4096.0,467456.0,0.0,0.0,0.0,0.0,0.0,0.0,0.0,2.0,0,0,1,0,0,0,1,0,0,0,0,0,1,1,0,0,0,0,0,0,0,0,0,0,0,0,1,0,0,0,0,0,0,0,0,0,1,0,0,0,0,0
368304.0,144.0,3.0,0.0,65535.0,2489856.0,337920.0,0.0,4096.0,4194304.0,4096.0,512.0,6012928.0,1024.0,0.0,4096.0,1048576.0,2489809.0,4096.0,2489856.0,1024.0,3078931.0,2494464.0,3079168.0,2490880.0,171.0,0.0,0.0,0.0,0.0,0.0,1.0,37.0,0,0,1,0,0,0,0,0,0,0,0,0,1,1,0,0,0,0,1,0,0,0,0,0,0,0,1,0,0,0,0,0,0,0,0,0,1,0,0,0,0,0
12222.0,144.0,3.0,0.0,65535.0,4096.0,1536.0,0.0,8192.0,4194304.0,8192.0,512.0,32768.0,512.0,0.0,4096.0,1048576.0,4036.0,8192.0,4096.0,512.0,63382.0,139264.0,63488.0,133632.0,166.0,0.0,0.0,0.0,0.0,0.0,1.0,1.0,0,0,1,0,0,0,1,0,0,0,0,1,1,1,0,0,0,0,0,0,0,0,0,0,0,0,1,0,0,0,0,0,0,0,0,0,1,0,0,0,0,0
246160.0,144.0,3.0,0.0,65535.0,114688.0,4096.0,131072.0,135168.0,4194304.0,4096.0,512.0,253952.0,4096.0,0.0,4096.0,1048576.0,32632.0,8192.0,32768.0,512.0,3072.0,28672.0,3072.0,19456.0,18.0,0.0,0.0,0.0,0.0,0.0,2.0,7.0,0,0,1,0,0,0,1,0,0,0,0,0,1,1,0,0,0,0,0,0,0,0,0,0,0,0,1,0,0,0,0,0,0,0,0,0,1,0,0,0,0,0
16384.0,144.0,3.0,0.0,65535.0,208896.0,4096.0,0.0,4096.0,5368709120.0,4096.0,512.0,216768.0,584.0,251523.0,4096.0,1048576.0,4174.0,4096.0,4608.0,1024.0,132.0,12288.0,512.0,5632.0,0.0,0.0,0.0,0.0,0.0,0.0,1.0,2.0,1,0,1,1,0,0,0,0,0,0,0,0,0,1,0,0,0,0,0,0,0,0,0,0,0,0,1,0,0,0,0,0,0,0,0,0,1,0,0,0,0,0
92594.0,144.0,3.0,0.0,65535.0,98304.0,311296.0,0.0,4096.0,4194304.0,4096.0,4096.0,413696.0,4096.0,335841.0,4096.0,1048576.0,98142.0,4096.0,98304.0,4096.0,35662.0,102400.0,36864.0,102400.0,37.0,3.0,0.0,0.0,0.0,0.0,12.0,512.0,0,0,1,0,0,0,1,0,0,0,0,1,1,1,0,0,0,0,0,0,0,0,0,0,0,0,1,0,0,0,0,0,0,0,0,0,1,0,0,0,0,0
4169263.0,144.0,3.0,0.0,65535.0,443392.0,75264.0,0.0,4096.0,4194304.0,4096.0,512.0,4202496.0,1024.0,1837235.0,4096.0,1048576.0,442774.0,4096.0,0.0,0.0,17142.0,454656.0,0.0,0.0,16.0,0.0,0.0,0.0,0.0,0.0,4.0,5.0,0,0,1,0,0,0,0,0,0,0,0,0,0,1,0,0,0,0,0,0,0,0,0,0,0,0,1,0,0,0,0,0,0,0,0,0,1,0,0,0,0,0
15110.0,144.0,3.0,0.0,65535.0,50176.0,117760.0,0.0,4096.0,4194304.0,4096.0,512.0,200704.0,1024.0,214734.0,4096.0,1048576.0,49706.0,4096.0,50176.0,1024.0,107580.0,57344.0,108032.0,51200.0,578354.0,0.0,0.0,0.0,0.0,0.0,1.0,72.0,0,0,1,0,0,0,0,0,0,0,0,0,1,1,0,0,0,0,0,0,0,0,0,0,0,0,1,0,0,0,0,0,0,0,0,0,1,0,0,0,0,0
5822076.0,80.0,2.0,15.0,65535.0,29184.0,12800.0,0.0,4096.0,4194304.0,4096.0,512.0,81920.0,1024.0,0.0,16384.0,1048576.0,5808048.0,4096.0,5808128.0,1024.0,4096.0,53248.0,512.0,18432.0,30.0,0.0,0.0,0.0,0.0,0.0,7.0,9.0,0,0,1,0,0,0,1,0,0,0,0,0,1,1,0,0,0,0,0,0,0,0,0,0,0,0,1,0,0,0,0,0,0,0,0,0,1,0,0,0,1,0
970512.0,144.0,3.0,0.0,65535.0,401408.0,4096.0,569344.0,573440.0,4194304.0,4096.0,512.0,978944.0,4096.0,0.0,4096.0,1048576.0,2388.0,8192.0,2560.0,512.0,93.0,811008.0,512.0,761856.0,14.0,0.0,0.0,0.0,0.0,3.0,0.0,0.0,0,0,0,0,0,0,1,0,0,0,0,1,1,1,0,0,0,0,0,0,0,0,0,0,0,0,1,0,0,0,0,0,0,0,0,0,1,0,0,0,0,0
3943264.0,144.0,0.0,0.0,65535.0,95744.0,801792.0,0.0,4096.0,4194304.0,4096.0,512.0,11157504.0,1024.0,7328856.0,4096.0,1048576.0,95353.0,4096.0,0.0,0.0,10660.0,102400.0,0.0,0.0,5854.0,145.0,0.0,0.0,0.0,3.0,0.0,0.0,0,0,1,0,0,0,0,0,0,0,0,0,1,1,0,0,0,0,0,0,0,0,0,0,0,0,1,0,0,0,0,0,0,0,0,0,1,0,0,0,0,0
3162750.0,144.0,3.0,0.0,65535.0,3596288.0,1606656.0,0.0,4096.0,4194304.0,4096.0,512.0,5214208.0,1024.0,5199945.0,4096.0,1048576.0,3595842.0,4096.0,3596288.0,1024.0,1192786.0,3600384.0,1192960.0,3597312.0,125.0,0.0,0.0,0.0,0.0,0.0,9.0,290.0,0,0,1,0,0,0,1,0,0,0,0,0,1,1,0,0,0,0,0,0,0,0,0,0,0,0,1,0,0,0,0,0,0,0,0,0,1,0,0,0,0,0
4096.0,144.0,3.0,0.0,65535.0,726016.0,86016.0,0.0,4096.0,4194304.0,4096.0,512.0,1204224.0,1024.0,853507.0,4096.0,1048576.0,18672.0,4096.0,18944.0,1024.0,8632.0,24576.0,8704.0,19968.0,0.0,0.0,0.0,0.0,0.0,0.0,22.0,24.0,0,0,1,0,0,0,0,0,0,0,0,0,1,1,0,0,0,0,0,0,0,0,0,0,0,0,1,0,0,0,0,0,0,0,0,0,1,0,0,0,0,0
102668.0,144.0,3.0,0.0,65535.0,104448.0,28160.0,0.0,4096.0,4194304.0,4096.0,512.0,147456.0,1024.0,0.0,4096.0,1048576.0,104261.0,4096.0,104448.0,1024.0,15000.0,110592.0,15360.0,105472.0,0.0,0.0,0.0,0.0,0.0,0.0,5.0,103.0,0,0,1,0,0,0,0,0,0,0,0,0,1,0,0,0,0,0,0,0,0,0,0,0,0,0,1,0,0,0,0,0,0,0,0,0,1,0,0,0,0,0
42030.0,144.0,3.0,0.0,65535.0,182784.0,2048.0,0.0,4096.0,5368709120.0,4096.0,512.0,4153344.0,1024.0,100097.0,4096.0,1048576.0,3376.0,4096.0,5148672.0,1024.0,968.0,548864.0,244736.0,261632.0,498.0,1.0,0.0,0.0,0.0,11.0,5.0,386.0,0,0,0,1,0,0,1,0,1,0,0,0,1,1,0,0,0,0,0,0,0,0,0,0,0,0,1,0,0,0,0,0,0,0,0,0,1,0,0,0,0,0
166412.0,80.0,2.0,53341.0,65535.0,40960.0,599040.0,0.0,4096.0,4194304.0,4096.0,512.0,593920.0,1024.0,966047.0,8192.0,1048576.0,3133440.0,4096.0,916992.0,1024.0,130966.0,2101248.0,99328.0,11264.0,895.0,1.0,1.0,0.0,0.0,11.0,1.0,21.0,0,0,0,0,0,0,1,0,0,0,0,1,1,1,0,0,0,0,0,0,0,0,0,0,0,0,1,1,0,0,0,0,0,0,0,0,1,0,0,0,0,0
672592.0,144.0,3.0,0.0,65535.0,28672.0,126464.0,0.0,4096.0,5368709120.0,4096.0,512.0,253952.0,1024.0,0.0,4096.0,1048576.0,707984.0,8192.0,94720.0,1024.0,49450.0,28672.0,4096.0,59392.0,540.0,0.0,2.0,4.0,0.0,11.0,0.0,20.0,0,0,0,1,0,0,1,0,0,0,0,0,1,1,0,0,0,0,0,0,0,0,0,0,0,0,1,0,0,0,0,0,0,0,0,0,1,0,0,0,0,0
229431.0,144.0,3.0,0.0,65535.0,114688.0,102400.0,0.0,4096.0,4194304.0,4096.0,512.0,297076.0,4096.0,0.0,4096.0,1048576.0,787664.0,8192.0,787968.0,512.0,361212.0,2748416.0,361472.0,2744832.0,12.0,0.0,0.0,0.0,0.0,0.0,4.0,2.0,0,0,0,0,0,0,1,0,0,0,0,1,1,1,0,0,0,0,0,0,0,0,0,0,0,0,1,0,0,0,0,0,0,0,0,0,1,0,0,0,0,0
9087.0,144.0,3.0,0.0,65535.0,1388544.0,899584.0,0.0,4096.0,4194304.0,4096.0,512.0,2297856.0,1024.0,2296455.0,4096.0,1048576.0,1388458.0,4096.0,1388544.0,1024.0,519736.0,1392640.0,520192.0,1389568.0,5.0,0.0,0.0,0.0,0.0,5.0,0.0,0.0,0,0,1,0,0,0,1,0,0,0,0,0,1,1,0,0,0,0,0,0,0,0,0,0,0,0,1,0,0,0,0,0,0,0,0,0,1,0,0,0,0,0
5296.0,144.0,3.0,0.0,65535.0,62464.0,111616.0,2560.0,4096.0,4194304.0,4096.0,512.0,167936.0,1024.0,307062.0,4096.0,1048576.0,62296.0,4096.0,62464.0,1024.0,19564.0,73728.0,19968.0,64000.0,0.0,0.0,0.0,0.0,0.0,0.0,7.0,343.0,1,0,1,1,0,0,1,0,0,0,0,1,1,1,0,0,0,0,1,0,0,0,0,0,0,0,1,0,0,0,0,0,0,0,0,0,1,0,0,0,0,0
13594.0,144.0,3.0,0.0,65535.0,1798144.0,2048.0,0.0,8192.0,4194304.0,8192.0,512.0,57344.0,512.0,0.0,4096.0,1048576.0,1827876.0,8192.0,1536.0,512.0,24.0,163840.0,12288.0,26112.0,883.0,0.0,2.0,0.0,0.0,12.0,0.0,19.0,0,0,1,0,0,0,1,0,0,0,0,1,1,1,0,0,0,0,0,0,0,0,0,0,0,0,1,0,0,0,0,0,0,0,0,0,1,0,0,0,1,0
1063212.0,144.0,2.0,0.0,65535.0,28672.0,1669632.0,0.0,4096.0,4194304.0,4096.0,512.0,20480.0,1024.0,1296063.0,4096.0,1048576.0,3457068.0,4096.0,8791552.0,1024.0,30426.0,10301440.0,99328.0,166912.0,899.0,2.0,2.0,0.0,0.0,11.0,0.0,0.0,0,0,1,0,0,0,1,0,1,0,0,1,1,1,0,0,0,0,0,0,0,0,0,0,0,0,1,1,0,0,0,0,0,0,0,0,1,0,0,0,0,0
1148208.0,144.0,3.0,0.0,65535.0,1149952.0,187904.0,0.0,4096.0,4194304.0,4096.0,512.0,1568768.0,1024.0,1590153.0,32768.0,1048576.0,1149472.0,4096.0,1149952.0,1024.0,24.0,73728.0,512.0,41472.0,0.0,0.0,0.0,0.0,0.0,0.0,27.0,605.0,0,0,1,0,0,0,1,0,0,0,0,0,1,1,0,0,0,0,0,0,0,0,0,0,0,0,1,0,0,0,0,0,0,0,0,0,1,0,0,0,0,0
994174.0,144.0,3.0,0.0,65535.0,986112.0,321024.0,0.0,8192.0,4194304.0,8192.0,512.0,1343488.0,1024.0,0.0,4096.0,1048576.0,985988.0,8192.0,986112.0,1024.0,24576.0,81920.0,22016.0,78336.0,45.0,0.0,0.0,0.0,0.0,0.0,1.0,1.0,0,0,1,0,0,0,1,0,0,0,0,1,1,1,0,0,0,0,0,0,0,0,0,0,0,0,1,0,0,0,0,0,0,0,0,0,1,0,0,0,0,0
1381124.0,144.0,3.0,0.0,65535.0,25600.0,2736128.0,0.0,4096.0,4194304.0,4096.0,512.0,9998336.0,1536.0,0.0,4096.0,1048576.0,143743.0,4096.0,252928.0,1024.0,35976.0,327680.0,4096.0,620544.0,901.0,3.0,0.0,0.0,0.0,4.0,30.0,227.0,0,0,0,0,0,0,0,0,1,0,0,0,1,1,0,0,0,0,0,0,0,0,0,0,0,0,1,0,0,0,0,0,0,0,0,0,1,0,0,0,0,0
5070995.0,144.0,3.0,0.0,65535.0,678400.0,492544.0,0.0,4096.0,5368709120.0,4096.0,512.0,10981376.0,1024.0,0.0,4096.0,1048576.0,677948.0,4096.0,0.0,0.0,140236.0,684032.0,0.0,0.0,0.0,0.0,0.0,0.0,0.0,0.0,0.0,0.0,1,0,0,1,0,0,1,0,1,0,0,0,1,1,0,0,0,0,0,0,0,0,0,0,0,0,1,0,0,0,0,0,0,0,0,0,1,0,0,0,0,0
672592.0,144.0,3.0,0.0,65535.0,201216.0,204288.0,0.0,4096.0,4194304.0,4096.0,512.0,5160960.0,1024.0,0.0,4096.0,1048576.0,681828.0,4096.0,364544.0,15872.0,6488.0,3833856.0,9728.0,875008.0,6376.0,0.0,0.0,0.0,0.0,11.0,2.0,20.0,0,0,0,0,0,0,1,0,0,0,0,1,1,1,0,0,0,0,0,0,0,0,0,0,0,0,1,0,0,0,0,0,0,0,0,0,1,0,0,0,0,0
70928.0,144.0,3.0,0.0,65535.0,28672.0,20480.0,40960.0,45056.0,4194304.0,4096.0,512.0,94208.0,4096.0,0.0,4096.0,1048576.0,649.0,4096.0,1024.0,1024.0,760.0,8192.0,1024.0,2048.0,26.0,0.0,0.0,0.0,0.0,0.0,7.0,12.0,0,0,1,0,0,0,1,0,0,0,0,0,1,1,0,0,0,0,0,0,0,0,0,0,0,0,1,0,0,0,0,0,0,0,0,0,1,0,0,0,0,0
13594.0,120.0,3.0,0.0,65535.0,140288.0,0.0,0.0,4096.0,4194304.0,4096.0,512.0,106496.0,1024.0,0.0,4096.0,1048576.0,143860.0,4096.0,728064.0,512.0,24.0,163840.0,512.0,152576.0,0.0,1.0,0.0,0.0,0.0,8.0,1.0,18.0,0,1,0,0,0,0,0,0,0,0,0,0,1,1,0,0,0,0,0,0,0,0,0,0,0,0,1,0,0,0,0,0,0,0,0,0,1,0,0,0,0,0
105680.0,144.0,3.0,0.0,65535.0,40960.0,4096.0,61440.0,65536.0,4194304.0,4096.0,512.0,110592.0,4096.0,0.0,4096.0,1048576.0,104884.0,8192.0,104960.0,512.0,18678.0,69632.0,18944.0,64000.0,6.0,0.0,0.0,2.0,1.0,4.0,8.0,13.0,0,0,0,0,0,0,1,0,0,0,0,1,1,1,0,0,0,0,0,0,0,0,0,0,0,0,1,0,0,0,0,0,0,0,0,0,1,0,0,0,0,0
8679600.0,144.0,3.0,0.0,65535.0,172032.0,82944.0,0.0,4096.0,4194304.0,4096.0,512.0,14471168.0,1024.0,5964639.0,4096.0,1048576.0,7083168.0,4096.0,7083520.0,512.0,2859230.0,7090176.0,2859520.0,7084032.0,24.0,0.0,0.0,0.0,0.0,0.0,3.0,3.0,0,0,0,0,0,0,1,0,0,0,0,0,0,1,0,0,0,0,0,0,0,0,0,0,0,0,1,0,0,0,0,0,0,0,0,0,1,0,0,0,0,0
4820.0,144.0,3.0,0.0,65535.0,3584.0,7680.0,0.0,4096.0,140695362207744.0,4096.0,512.0,28672.0,1024.0,0.0,4096.0,1048576.0,3352.0,4096.0,3584.0,1024.0,3630.0,8192.0,4096.0,4608.0,0.0,0.0,0.0,1.0,0.0,0.0,8.0,45.0,1,0,0,1,0,0,1,0,1,0,0,0,1,1,0,0,0,0,0,0,0,0,0,0,0,0,1,0,0,0,0,0,0,0,0,0,1,0,0,0,0,0
4128.0,144.0,3.0,0.0,65535.0,2560.0,4608.0,0.0,4096.0,4194304.0,4096.0,512.0,32768.0,1024.0,0.0,4096.0,1048576.0,2552.0,4096.0,2560.0,1024.0,4.0,8192.0,512.0,3584.0,16.0,0.0,0.0,0.0,0.0,3.0,2.0,28.0,0,0,1,0,0,0,1,0,0,0,0,0,0,1,0,0,0,0,0,0,0,0,0,0,0,0,1,0,0,0,0,0,0,0,0,0,1,0,0,0,0,0
23710.0,144.0,3.0,0.0,65535.0,15872.0,1536.0,0.0,8192.0,4194304.0,8192.0,512.0,40960.0,512.0,0.0,4096.0,1048576.0,4266.0,4096.0,8192.0,4096.0,2760.0,12288.0,4096.0,12288.0,142.0,0.0,0.0,0.0,0.0,0.0,1.0,1.0,0,0,1,0,0,0,1,0,0,0,0,1,1,1,0,0,0,0,0,0,0,0,0,0,0,0,1,0,0,0,0,0,0,0,0,0,1,0,0,0,0,0
12698.0,144.0,3.0,0.0,65535.0,71680.0,27136.0,0.0,4096.0,4194304.0,4096.0,512.0,122880.0,1024.0,159512.0,4096.0,1048576.0,71671.0,4096.0,71680.0,1024.0,13544.0,77824.0,13824.0,72704.0,8.0,0.0,0.0,0.0,0.0,0.0,4.0,84.0,0,0,1,0,0,0,1,0,0,0,0,0,1,1,0,0,0,0,0,0,0,0,0,0,0,0,1,0,0,0,0,0,0,0,0,0,1,0,0,0,0,0
4266.0,144.0,3.0,0.0,65535.0,2701312.0,3811840.0,0.0,4096.0,4194304.0,8192.0,512.0,12525568.0,1024.0,966047.0,4096.0,1048576.0,59200.0,8192.0,135168.0,4096.0,132122.0,3788800.0,45568.0,163840.0,0.0,693.0,0.0,0.0,0.0,0.0,0.0,34.0,0,0,0,0,0,0,1,0,0,0,0,0,1,1,0,0,0,0,0,0,0,0,0,0,0,0,1,0,0,0,0,0,0,0,0,0,1,0,0,0,0,0
8063153.0,144.0,3.0,0.0,65535.0,2248192.0,29184.0,0.0,4096.0,4194304.0,4096.0,512.0,15310848.0,1536.0,92886.0,4096.0,1048576.0,525852.0,4096.0,400384.0,1024.0,550.0,1392640.0,120320.0,666112.0,703.0,3.0,1.0,0.0,0.0,0.0,30.0,114.0,1,0,0,1,0,0,1,0,1,0,0,0,1,1,0,0,0,0,0,0,0,0,0,0,0,0,1,0,0,0,0,0,0,0,0,0,1,0,0,0,0,0
196618.0,144.0,3.0,0.0,65535.0,79872.0,92672.0,0.0,81920.0,4194304.0,8192.0,512.0,204800.0,1024.0,0.0,4096.0,1048576.0,79192.0,81920.0,79360.0,72192.0,27876.0,110592.0,28160.0,105472.0,0.0,0.0,0.0,0.0,0.0,0.0,1.0,1.0,0,0,1,0,0,0,1,0,1,0,0,1,1,1,0,0,0,0,0,0,0,0,0,0,0,0,1,0,0,0,0,0,0,0,0,0,1,0,0,0,0,0
458956.0,144.0,3.0,0.0,65535.0,593920.0,442368.0,0.0,4096.0,4194304.0,4096.0,4096.0,1257472.0,4096.0,0.0,4096.0,1048576.0,592862.0,4096.0,593920.0,4096.0,276328.0,598016.0,278528.0,598016.0,0.0,0.0,0.0,0.0,0.0,0.0,15.0,440.0,0,0,1,0,0,0,1,0,1,0,0,0,1,1,0,0,0,0,0,0,0,0,0,0,0,0,1,0,0,0,0,0,0,0,0,0,1,0,0,0,0,0
1898822.0,144.0,3.0,0.0,65535.0,1890816.0,10240.0,0.0,8192.0,4194304.0,8192.0,512.0,1925120.0,512.0,1948312.0,4096.0,1048576.0,1890636.0,8192.0,1890816.0,512.0,883930.0,3047424.0,884224.0,3044352.0,64.0,0.0,0.0,0.0,0.0,5.0,1.0,1.0,0,0,1,0,0,0,1,0,1,0,0,1,1,1,0,0,0,0,0,0,0,0,0,0,0,0,1,0,0,0,0,0,0,0,0,0,1,0,0,0,0,0
47970.0,144.0,3.0,0.0,65535.0,45056.0,40960.0,0.0,4096.0,4194304.0,4096.0,4096.0,90112.0,4096.0,0.0,4096.0,1048576.0,43366.0,4096.0,45056.0,4096.0,4070.0,49152.0,4096.0,49152.0,276.0,0.0,0.0,0.0,0.0,1.0,5.0,115.0,0,0,1,0,0,0,0,0,0,0,0,0,0,1,0,0,0,0,0,0,0,0,0,0,0,0,1,0,0,0,0,0,0,0,0,0,1,0,0,0,0,0
42716.0,144.0,3.0,0.0,65535.0,75264.0,27136.0,0.0,4096.0,4194304.0,4096.0,512.0,8581120.0,1024.0,142248.0,4096.0,1048576.0,70310.0,4096.0,70656.0,1024.0,13962.0,86016.0,14336.0,76288.0,3316.0,100.0,2.0,0.0,0.0,0.0,7.0,190.0,0,0,1,0,0,0,0,0,0,0,0,0,0,1,0,0,0,0,0,0,0,0,0,0,0,0,1,0,0,0,0,0,0,0,0,0,1,0,0,0,0,0
7179.0,144.0,3.0,0.0,65535.0,6144.0,617984.0,0.0,4096.0,4194304.0,4096.0,512.0,638976.0,1024.0,0.0,4096.0,1048576.0,5757.0,4096.0,6144.0,1024.0,5902.0,12288.0,6144.0,7168.0,115.0,0.0,0.0,0.0,0.0,4.0,14.0,104.0,0,0,1,0,0,0,1,0,0,0,0,0,1,1,0,0,0,0,0,0,0,0,0,0,0,0,1,0,0,0,0,0,0,0,0,0,1,0,0,0,0,0
407441.0,144.0,3.0,0.0,65535.0,278528.0,3485184.0,0.0,4096.0,5368709120.0,8192.0,512.0,7729152.0,4096.0,0.0,4096.0,1048576.0,647892.0,4096.0,94720.0,1536.0,3725310.0,8548352.0,64000.0,521216.0,400.0,3.0,2.0,0.0,0.0,1.0,1.0,14.0,1,0,0,1,0,0,1,0,0,0,0,1,1,1,0,0,0,0,0,0,0,0,0,0,0,0,1,0,0,0,0,0,0,0,0,0,1,0,0,0,0,0
2477980.0,144.0,3.0,0.0,65535.0,3527168.0,1647616.0,0.0,4096.0,5368709120.0,4096.0,512.0,5328896.0,1024.0,5202495.0,4096.0,1048576.0,3526988.0,4096.0,3527168.0,1024.0,1243014.0,3534848.0,1243136.0,3528192.0,5.0,0.0,0.0,2.0,1.0,1.0,22.0,778.0,1,0,1,1,0,0,1,0,0,0,0,0,1,1,0,0,0,0,0,0,0,0,0,0,0,0,1,0,0,0,0,0,0,0,0,0,1,0,0,0,0,0
155168.0,144.0,3.0,0.0,65535.0,233984.0,293376.0,0.0,4096.0,5368709120.0,4096.0,512.0,548864.0,1024.0,0.0,4096.0,1048576.0,233934.0,4096.0,233984.0,1024.0,67012.0,241664.0,67072.0,235008.0,857.0,8.0,0.0,0.0,0.0,6.0,4.0,210.0,1,0,1,1,0,0,1,0,1,0,0,0,1,1,0,0,0,0,0,0,0,0,0,0,0,0,1,0,0,0,0,0,0,0,0,0,1,0,0,0,0,0
446494.0,144.0,3.0,0.0,65535.0,201216.0,787968.0,0.0,4096.0,4194304.0,4096.0,512.0,1007616.0,1024.0,7154219.0,4096.0,1048576.0,200938.0,4096.0,201216.0,1024.0,42514.0,208896.0,43008.0,202240.0,1492.0,16.0,0.0,1.0,0.0,2.0,3.0,201.0,0,0,1,0,0,0,1,0,0,0,0,0,1,1,0,0,0,0,0,0,0,0,0,0,0,0,1,0,0,0,0,0,0,0,0,0,1,0,0,0,0,0
12557.0,144.0,3.0,0.0,65535.0,7277056.0,392192.0,0.0,4096.0,5368709120.0,4096.0,512.0,344064.0,1024.0,1296063.0,8192.0,65536.0,116022.0,4096.0,252928.0,1024.0,6406.0,4599808.0,99328.0,543232.0,0.0,0.0,0.0,0.0,0.0,5.0,0.0,0.0,0,0,0,1,0,0,1,0,1,0,0,0,1,1,0,0,0,0,0,0,0,0,0,0,0,0,1,0,0,0,0,0,0,0,0,0,1,0,0,0,0,0
15966.0,144.0,3.0,0.0,65535.0,8192.0,267776.0,0.0,8192.0,4194304.0,8192.0,512.0,294912.0,512.0,0.0,4096.0,1048576.0,7780.0,8192.0,8192.0,512.0,82566.0,135168.0,82944.0,131072.0,322.0,0.0,0.0,2.0,0.0,9.0,1.0,1.0,0,0,1,0,0,0,1,0,1,0,0,1,1,1,0,0,0,0,0,0,0,0,0,0,0,0,1,0,0,0,0,0,0,0,0,0,1,0,0,0,0,0
48396.0,144.0,3.0,0.0,65535.0,49152.0,64000.0,0.0,4096.0,4194304.0,4096.0,512.0,122880.0,1024.0,0.0,4096.0,1048576.0,49039.0,4096.0,49152.0,1024.0,11230.0,53248.0,11264.0,50176.0,74.0,0.0,0.0,0.0,0.0,3.0,16.0,119.0,0,0,1,0,0,0,1,0,0,0,0,0,0,1,0,0,0,0,0,0,0,0,0,0,0,0,1,0,0,0,0,0,0,0,0,0,1,0,0,0,0,0
5344.0,144.0,3.0,0.0,65535.0,674816.0,864256.0,5632.0,4096.0,4194304.0,4096.0,512.0,1163264.0,1536.0,2751538.0,4096.0,1048576.0,674528.0,4096.0,674816.0,1536.0,59232.0,692224.0,59392.0,688640.0,0.0,0.0,0.0,0.0,0.0,0.0,2.0,148.0,1,0,0,1,0,0,1,0,1,0,0,0,1,1,0,0,0,0,1,0,0,0,0,0,0,0,1,0,0,0,0,0,0,0,0,0,1,0,0,0,0,0
558638.0,144.0,3.0,0.0,65535.0,550912.0,70144.0,0.0,8192.0,4194304.0,8192.0,512.0,647168.0,512.0,0.0,4096.0,1048576.0,550452.0,8192.0,550912.0,512.0,310038.0,1101824.0,310272.0,1095680.0,296.0,6.0,2.0,2.0,1.0,5.0,1.0,1.0,0,0,1,0,0,0,1,0,0,0,0,1,1,1,0,0,0,0,0,0,0,0,0,0,0,0,1,0,0,0,0,0,0,0,0,0,1,0,0,0,0,0
25764.0,128.0,27551.0,15.0,65535.0,1433600.0,1370624.0,0.0,4096.0,4194304.0,4096.0,4096.0,6991872.0,1024.0,156460.0,4096.0,1048576.0,905228.0,4096.0,736256.0,1024.0,71250.0,307200.0,49664.0,2358272.0,403.0,0.0,2.0,0.0,0.0,0.0,7.0,0.0,0,0,1,0,0,0,1,0,0,0,0,1,1,1,0,0,0,0,0,0,0,0,0,0,0,0,1,1,0,0,0,0,0,0,0,0,1,0,0,0,0,0
6504.0,144.0,3.0,0.0,65535.0,5632.0,7168.0,0.0,4096.0,4194304.0,4096.0,512.0,32768.0,1024.0,0.0,4096.0,1048576.0,5180.0,4096.0,5632.0,1024.0,4192.0,12288.0,4608.0,6656.0,4491.0,41.0,1.0,4.0,3.0,4.0,11.0,54.0,0,0,0,0,0,0,1,0,0,0,0,0,1,1,0,0,0,0,0,0,0,0,0,0,0,0,1,0,0,0,0,0,0,0,0,0,1,0,0,0,0,0
355342.0,144.0,3.0,0.0,65535.0,347648.0,375808.0,0.0,8192.0,4194304.0,8192.0,512.0,745472.0,512.0,0.0,4096.0,1048576.0,347156.0,8192.0,347648.0,512.0,44024.0,69632.0,44032.0,66560.0,385.0,0.0,0.0,0.0,0.0,0.0,1.0,1.0,0,0,1,0,0,0,1,0,0,0,0,1,1,1,0,0,0,0,0,0,0,0,0,0,0,0,1,0,0,0,0,0,0,0,0,0,1,0,0,0,0,0
197470.0,144.0,3.0,0.0,65535.0,189440.0,25600.0,0.0,8192.0,4194304.0,8192.0,512.0,245760.0,1024.0,0.0,4096.0,1048576.0,189284.0,8192.0,189440.0,1024.0,4096.0,671744.0,512.0,625152.0,108.0,0.0,0.0,0.0,0.0,0.0,1.0,1.0,0,0,1,0,0,0,1,0,1,0,0,1,1,1,0,0,0,0,0,0,0,0,0,0,0,0,1,0,0,0,0,0,0,0,0,0,1,0,0,0,0,0
71644.0,144.0,3.0,0.0,65535.0,203776.0,261632.0,0.0,4096.0,4194304.0,4096.0,512.0,479232.0,1024.0,0.0,4096.0,1048576.0,203740.0,4096.0,203776.0,1024.0,44736.0,208896.0,45056.0,204800.0,3283.0,31.0,7.0,40.0,0.0,29.0,0.0,0.0,0,0,1,0,0,0,1,0,0,0,0,0,1,1,0,0,0,0,0,0,0,0,0,0,0,0,1,0,0,0,0,0,0,0,0,0,1,0,0,0,0,0
73456.0,144.0,3.0,0.0,65535.0,208896.0,1721344.0,0.0,4096.0,4194304.0,4096.0,512.0,1941504.0,1024.0,353367.0,4096.0,1048576.0,208768.0,4096.0,208896.0,1024.0,2033518.0,12288.0,2033664.0,6656.0,3.0,0.0,0.0,0.0,0.0,0.0,2.0,200.0,0,0,1,0,0,0,0,0,0,0,0,0,0,1,0,0,0,0,0,0,0,0,0,0,0,0,1,0,0,0,0,0,0,0,0,0,1,0,0,0,0,0
163277.0,144.0,3.0,0.0,65535.0,581120.0,785408.0,0.0,4096.0,4194304.0,4096.0,512.0,1396736.0,1024.0,1412263.0,4096.0,4194304.0,580804.0,4096.0,581120.0,1024.0,188686.0,585728.0,188928.0,582144.0,2645.0,0.0,0.0,0.0,0.0,0.0,18.0,527.0,0,0,1,0,0,0,1,0,0,0,0,0,0,1,0,0,0,0,0,0,0,0,0,0,0,0,1,0,0,0,0,0,0,0,0,0,1,0,0,0,0,0
13784.0,144.0,3.0,0.0,65535.0,26112.0,141824.0,2048.0,4096.0,4194304.0,4096.0,512.0,274432.0,1024.0,0.0,4096.0,1048576.0,25970.0,4096.0,26112.0,1024.0,5016.0,32768.0,5120.0,27136.0,1356.0,0.0,0.0,0.0,0.0,0.0,7.0,165.0,0,0,1,0,0,0,1,0,0,0,0,1,1,1,0,0,0,0,0,0,0,0,0,0,0,0,1,0,0,0,0,0,0,0,0,0,1,0,0,0,0,0
14301582.0,144.0,3.0,0.0,65535.0,14293504.0,5120.0,0.0,8192.0,4194304.0,8192.0,512.0,14319616.0,512.0,14364824.0,4096.0,1048576.0,14293396.0,8192.0,14293504.0,512.0,40068.0,253952.0,40448.0,249344.0,1166.0,24.0,0.0,1.0,0.0,0.0,1.0,1.0,0,0,1,0,0,0,1,0,1,0,0,1,1,1,0,0,0,0,0,0,0,0,0,0,0,0,1,0,0,0,0,0,0,0,0,0,1,0,0,0,0,0
163850.0,144.0,3.0,0.0,65535.0,581632.0,327168.0,0.0,4096.0,4194304.0,4096.0,512.0,933888.0,1024.0,952490.0,4096.0,4194304.0,581597.0,4096.0,581632.0,1024.0,195982.0,585728.0,196096.0,582656.0,29.0,0.0,0.0,0.0,0.0,0.0,18.0,527.0,0,0,1,0,0,0,1,0,0,0,0,0,0,1,0,0,0,0,0,0,0,0,0,0,0,0,1,0,0,0,0,0,0,0,0,0,1,0,0,0,0,0
197315.0,144.0,3.0,0.0,65535.0,221184.0,94208.0,0.0,4096.0,4194304.0,4096.0,4096.0,319488.0,4096.0,346158.0,4096.0,1048576.0,219521.0,4096.0,221184.0,4096.0,68846.0,225280.0,69632.0,225280.0,138.0,0.0,0.0,1.0,0.0,1.0,3.0,115.0,0,0,0,0,0,0,0,0,0,0,0,0,1,1,0,0,0,0,0,0,0,0,0,0,0,0,1,0,0,0,0,0,0,0,0,0,1,0,0,0,0,0
438637.0,144.0,3.0,0.0,65535.0,934400.0,387072.0,0.0,4096.0,4194304.0,4096.0,512.0,1781760.0,1024.0,0.0,4096.0,1048576.0,934230.0,438272.0,934400.0,1024.0,207740.0,1376256.0,207872.0,935424.0,14.0,0.0,0.0,0.0,0.0,0.0,12.0,226.0,0,0,0,0,0,0,1,0,0,0,0,0,1,1,0,0,0,0,0,0,0,0,0,0,0,0,1,0,0,0,0,0,0,0,0,0,1,0,0,0,0,0
4832.0,144.0,3.0,0.0,65535.0,11264.0,17920.0,512.0,4096.0,4194304.0,4096.0,512.0,69632.0,1024.0,51482.0,4096.0,1048576.0,11252.0,4096.0,11264.0,1024.0,776.0,20480.0,1024.0,12800.0,4.0,0.0,0.0,0.0,0.0,0.0,2.0,21.0,0,0,0,0,0,0,1,0,0,0,0,1,1,1,0,0,0,0,1,0,0,0,0,0,0,0,1,0,0,0,0,0,0,0,0,0,1,0,0,0,0,0
29588.0,144.0,3.0,0.0,65535.0,24064.0,120320.0,1024.0,4096.0,4194304.0,4096.0,512.0,258048.0,1024.0,1338175.0,4096.0,1048576.0,23668.0,4096.0,24064.0,1024.0,4502.0,28672.0,4608.0,25088.0,15.0,0.0,0.0,0.0,0.0,3.0,0.0,0.0,0,0,1,0,0,0,0,0,0,0,0,0,0,1,0,0,0,0,0,0,0,0,0,0,0,0,1,0,0,0,0,0,0,0,0,0,1,0,0,0,0,0
7991790.0,144.0,3.0,0.0,65535.0,552960.0,12288.0,0.0,4096.0,4194304.0,4096.0,4096.0,569344.0,4096.0,592622.0,4096.0,1048576.0,551812.0,4096.0,552960.0,4096.0,93.0,9437184.0,512.0,8694784.0,3740.0,69.0,0.0,13.0,0.0,13.0,0.0,0.0,0,0,1,0,0,0,1,0,0,0,0,0,1,1,0,0,0,0,0,0,0,0,0,0,0,0,1,0,0,0,0,0,0,0,0,0,1,0,0,0,0,0
41276.0,80.0,2.0,15.0,65535.0,35328.0,576000.0,0.0,4096.0,4194304.0,4096.0,512.0,655360.0,1024.0,0.0,16384.0,1048576.0,32780.0,4096.0,33280.0,1024.0,24.0,77824.0,512.0,41984.0,56.0,0.0,0.0,0.0,0.0,2.0,4.0,37.0,0,0,0,0,0,0,1,0,0,0,0,0,1,1,0,0,0,0,0,0,0,0,0,0,0,0,1,0,0,0,0,0,0,0,0,0,1,0,0,0,0,0
491374.0,144.0,3.0,0.0,65535.0,851968.0,65536.0,536576.0,540672.0,4194304.0,4096.0,512.0,1458176.0,4096.0,0.0,4096.0,4194304.0,637336.0,4096.0,638976.0,4096.0,193078.0,643072.0,196608.0,643072.0,30.0,0.0,0.0,0.0,0.0,0.0,18.0,21.0,0,0,1,0,0,0,1,0,0,0,0,0,0,1,0,0,0,0,0,0,0,0,0,0,0,0,1,0,0,0,0,0,0,0,0,0,1,0,0,0,0,0
13509.0,144.0,3.0,0.0,65535.0,26624.0,473600.0,16384.0,4096.0,4194304.0,4096.0,512.0,1105920.0,1024.0,0.0,4096.0,1048576.0,26515.0,4096.0,26624.0,1024.0,5284.0,32768.0,5632.0,27648.0,681.0,5.0,0.0,0.0,0.0,0.0,7.0,165.0,0,0,1,0,0,0,1,0,0,0,0,1,1,1,0,0,0,0,0,0,0,0,0,0,0,0,1,0,0,0,0,0,0,0,0,0,1,0,0,0,0,0
334076.0,144.0,3.0,0.0,65535.0,405504.0,243200.0,0.0,4096.0,5368709120.0,4096.0,512.0,663552.0,1024.0,0.0,4096.0,1048576.0,405008.0,4096.0,405504.0,1024.0,145982.0,409600.0,146432.0,406528.0,806.0,0.0,0.0,0.0,0.0,3.0,16.0,183.0,1,0,1,1,0,0,1,0,1,0,0,0,1,1,0,0,0,0,0,0,0,0,0,0,0,0,1,0,0,0,0,0,0,0,0,0,1,0,0,0,0,0
19614.0,144.0,3.0,0.0,65535.0,143872.0,41404928.0,0.0,4096.0,4194304.0,4096.0,512.0,41562112.0,1024.0,265266.0,4096.0,1048576.0,143630.0,4096.0,143872.0,1024.0,195982.0,585728.0,196096.0,582656.0,54.0,0.0,0.0,0.0,0.0,0.0,3.0,98.0,0,0,1,0,0,0,0,0,0,0,0,0,1,1,0,0,0,0,0,0,0,0,0,0,0,0,1,0,0,0,0,0,0,0,0,0,1,0,0,0,0,0
986856.0,80.0,2.0,15.0,65535.0,979968.0,926208.0,0.0,4096.0,4194304.0,4096.0,512.0,1953792.0,1024.0,0.0,16384.0,1048576.0,975440.0,4096.0,975872.0,1024.0,24.0,1064960.0,512.0,1022464.0,17.0,0.0,0.0,0.0,0.0,4.0,11.0,199.0,0,0,1,0,0,0,1,0,0,0,0,1,1,1,0,0,0,0,0,0,0,0,0,0,0,0,1,0,0,0,0,0,0,0,0,0,1,0,0,0,0,0
3442564.0,144.0,3.0,0.0,65535.0,3661824.0,4521472.0,0.0,4096.0,5368709120.0,4096.0,512.0,8208384.0,1024.0,0.0,4096.0,1048576.0,3661624.0,4096.0,3661824.0,1024.0,1497344.0,3665920.0,1497600.0,3662848.0,0.0,0.0,0.0,8.0,0.0,20.0,10.0,305.0,1,0,0,1,0,0,1,0,1,0,0,0,1,1,0,0,0,0,0,0,0,0,0,0,0,0,1,0,0,0,0,0,0,0,0,0,1,0,0,0,0,0
593346.0,144.0,3.0,0.0,65535.0,9728.0,21504.0,512.0,4096.0,4194304.0,4096.0,512.0,307200.0,1536.0,359719.0,4096.0,1048576.0,9432.0,4096.0,9728.0,1536.0,1956.0,20480.0,2048.0,11776.0,27.0,0.0,0.0,0.0,0.0,3.0,0.0,0.0,0,0,0,0,0,0,1,0,0,0,0,0,1,0,0,0,0,0,1,0,0,0,0,0,0,0,1,0,0,0,0,0,0,0,0,0,1,0,0,0,0,0
30751.0,144.0,3.0,0.0,65535.0,87040.0,34304.0,0.0,4096.0,4194304.0,4096.0,512.0,995328.0,1024.0,162526.0,4096.0,1048576.0,86668.0,4096.0,87040.0,1024.0,23564.0,94208.0,24064.0,88064.0,1.0,0.0,0.0,2.0,1.0,4.0,6.0,138.0,0,0,1,0,0,0,1,0,0,0,0,0,1,1,0,0,0,0,0,0,0,0,0,0,0,0,1,0,0,0,0,0,0,0,0,0,1,0,0,0,0,0
25610.0,144.0,3.0,0.0,65535.0,17920.0,2048.0,0.0,8192.0,4194304.0,8192.0,512.0,49152.0,512.0,0.0,4096.0,1048576.0,17448.0,8192.0,17920.0,512.0,55504.0,188416.0,57344.0,188416.0,0.0,0.0,0.0,0.0,0.0,0.0,1.0,1.0,0,0,1,0,0,0,1,0,1,0,0,1,1,1,0,0,0,0,0,0,0,0,0,0,0,0,1,0,0,0,0,0,0,0,0,0,1,0,0,0,0,0
4382840.0,80.0,3.0,0.0,65535.0,904704.0,283648.0,0.0,4096.0,4194304.0,4096.0,512.0,413696.0,1024.0,0.0,4096.0,1048576.0,10408.0,8192.0,8931328.0,4096.0,82566.0,3293184.0,3584.0,805888.0,0.0,0.0,2.0,22.0,0.0,8.0,0.0,0.0,0,0,0,0,0,0,1,0,0,0,0,1,1,1,0,0,0,0,0,0,0,0,0,0,0,0,1,0,0,0,0,0,0,0,0,0,1,0,0,0,0,0
102190.0,64.0,3.0,0.0,65535.0,680960.0,2387456.0,0.0,1167360.0,4194304.0,8192.0,512.0,1208320.0,1024.0,0.0,4096.0,1048576.0,842934.0,4096.0,29184.0,4096.0,1659916.0,2396160.0,59904.0,18432.0,868.0,2.0,0.0,0.0,0.0,10.0,1.0,28.0,0,0,0,0,0,0,1,0,0,0,0,0,1,1,0,0,0,0,0,0,0,0,0,0,0,0,1,0,0,0,0,0,0,0,0,0,1,0,0,0,0,0
4096.0,144.0,3.0,0.0,65535.0,3584.0,18944.0,0.0,4096.0,4194304.0,4096.0,512.0,356352.0,1024.0,48340.0,4096.0,1048576.0,25970.0,4096.0,26112.0,1024.0,5016.0,32768.0,5120.0,27136.0,123.0,0.0,0.0,0.0,0.0,0.0,4.0,6.0,0,0,1,0,0,0,0,0,0,0,0,0,1,1,0,0,0,0,0,0,0,0,0,0,0,0,1,0,0,0,0,0,0,0,0,0,1,0,0,0,0,0
6144.0,144.0,3.0,0.0,65535.0,65536.0,487936.0,0.0,4096.0,4194304.0,4096.0,512.0,565248.0,1024.0,0.0,4096.0,1048576.0,65203.0,4096.0,65536.0,1024.0,25902.0,69632.0,26112.0,66560.0,15.0,0.0,0.0,0.0,0.0,3.0,0.0,0.0,0,0,0,0,0,0,0,0,0,0,0,0,1,1,0,0,0,0,0,0,0,0,0,0,0,0,1,0,0,0,0,0,0,0,0,0,1,0,0,0,0,0
7362.0,144.0,3.0,0.0,65535.0,4096.0,31740928.0,0.0,4096.0,4194304.0,4096.0,512.0,31760384.0,1024.0,31789550.0,4096.0,1048576.0,3752.0,4096.0,4096.0,1024.0,31739758.0,8192.0,31739904.0,5120.0,0.0,0.0,0.0,0.0,0.0,0.0,2.0,16.0,1,0,1,1,0,0,1,0,0,0,0,1,1,1,0,0,0,0,0,0,0,0,0,0,0,0,1,0,0,0,0,0,0,0,0,0,1,0,0,0,0,0
13594.0,80.0,3.0,0.0,65535.0,9216.0,3584.0,0.0,8192.0,4194304.0,4096.0,512.0,86016.0,4096.0,0.0,4096.0,1048576.0,14324.0,4096.0,5632.0,1024.0,1639346.0,36864.0,512.0,37888.0,0.0,1.0,2.0,0.0,0.0,12.0,1.0,14.0,0,0,1,0,0,0,1,0,0,0,0,1,1,1,0,0,0,0,0,0,0,0,0,0,0,0,1,0,0,0,0,0,0,0,0,0,1,0,0,0,0,0
2109408.0,144.0,3.0,0.0,65535.0,2163712.0,1298944.0,0.0,4096.0,5368709120.0,4096.0,512.0,3481600.0,1024.0,3521870.0,4096.0,1048576.0,2163296.0,4096.0,2163712.0,1024.0,1066904.0,2170880.0,1067008.0,2164736.0,22.0,0.0,0.0,0.0,0.0,3.0,15.0,177.0,1,0,1,1,0,0,1,0,1,0,0,0,1,1,0,0,0,0,0,0,0,0,0,0,0,0,1,0,0,0,0,0,0,0,0,0,1,0,0,0,0,0
13559.0,144.0,3.0,0.0,65535.0,18944.0,2560.0,0.0,8192.0,4194304.0,8192.0,512.0,49152.0,512.0,87644.0,4096.0,1048576.0,18756.0,8192.0,18944.0,512.0,28084.0,110592.0,28160.0,105472.0,666.0,0.0,0.0,0.0,0.0,2.0,0.0,0.0,0,0,0,0,0,0,1,0,0,0,0,1,1,1,0,0,0,0,0,0,0,0,0,0,0,0,1,0,0,0,0,0,0,0,0,0,1,0,0,0,0,0
378278.0,144.0,3.0,0.0,65535.0,370176.0,13824.0,0.0,8192.0,4194304.0,8192.0,512.0,409600.0,512.0,0.0,4096.0,1048576.0,370092.0,8192.0,370176.0,512.0,54508.0,307200.0,54784.0,301056.0,46.0,0.0,0.0,0.0,0.0,3.0,1.0,1.0,0,0,1,0,0,0,1,0,1,0,0,1,1,1,0,0,0,0,0,0,0,0,0,0,0,0,1,0,0,0,0,0,0,0,0,0,1,0,0,0,0,0
952704.0,144.0,3.0,0.0,65535.0,5300224.0,62976.0,0.0,8192.0,4194304.0,8192.0,512.0,5382144.0,512.0,0.0,4096.0,1048576.0,5299972.0,8192.0,5300224.0,512.0,140028.0,405504.0,0.0,0.0,8320.0,0.0,0.0,8.0,3.0,7.0,0.0,0.0,0,0,1,0,0,0,1,0,1,0,0,1,1,1,0,0,0,0,0,0,0,0,0,0,0,0,1,0,0,0,0,0,0,0,0,0,1,0,0,0,0,0
4368.0,144.0,3.0,0.0,65535.0,1024.0,95744.0,0.0,4096.0,4194304.0,4096.0,512.0,114688.0,1024.0,149963.0,4096.0,1048576.0,726.0,4096.0,1024.0,1024.0,871.0,8192.0,1024.0,2048.0,13.0,0.0,0.0,0.0,0.0,0.0,4.0,18.0,0,0,1,0,0,0,1,0,0,0,0,1,1,1,0,0,0,0,0,0,0,0,0,0,0,0,1,0,0,0,0,0,0,0,0,0,1,0,0,0,0,0
5312.0,80.0,2.0,15.0,65535.0,446464.0,374784.0,0.0,4096.0,4194304.0,4096.0,512.0,847872.0,1024.0,887761.0,16384.0,1048576.0,3448.0,8192.0,3584.0,512.0,24.0,483328.0,512.0,467456.0,860.0,2.0,0.0,0.0,0.0,4.0,0.0,0.0,0,0,1,0,0,0,1,0,1,0,0,1,1,1,0,0,0,0,0,0,0,0,0,0,0,0,1,0,0,0,0,0,0,0,0,0,1,0,0,0,0,0
672592.0,0.0,3.0,0.0,65535.0,24576.0,102400.0,0.0,8192.0,4194304.0,8192.0,512.0,86016.0,512.0,0.0,4096.0,1048576.0,62927.0,4096.0,728064.0,4096.0,82566.0,610304.0,512.0,37888.0,497.0,0.0,0.0,0.0,0.0,8.0,2.0,21.0,0,0,1,0,0,0,1,0,0,0,0,0,1,1,0,0,0,0,0,0,0,0,0,0,0,0,1,0,0,0,0,0,0,0,0,0,1,0,0,0,0,0
446284.0,144.0,3.0,0.0,65535.0,495104.0,118784.0,0.0,4096.0,4194304.0,4096.0,512.0,630784.0,1024.0,0.0,4096.0,1048576.0,494993.0,4096.0,495104.0,1024.0,61956.0,499712.0,62464.0,496128.0,5.0,0.0,0.0,0.0,0.0,4.0,3.0,145.0,0,0,0,0,0,0,1,0,0,0,0,0,1,1,0,0,0,0,0,0,0,0,0,0,0,0,1,0,0,0,0,0,0,0,0,0,1,0,0,0,0,0
31423.0,144.0,3.0,0.0,65535.0,10752.0,331264.0,0.0,4096.0,4194304.0,4096.0,512.0,5160960.0,1024.0,0.0,8192.0,1048576.0,917091.0,4096.0,1532928.0,1024.0,244096.0,36864.0,5632.0,50176.0,495.0,2.0,1.0,0.0,0.0,8.0,0.0,0.0,0,0,0,1,0,0,1,0,0,0,0,0,1,1,0,0,0,0,1,0,0,0,0,0,0,0,1,1,0,0,0,0,0,0,0,0,1,0,0,0,0,0
11870.0,64.0,1.0,0.0,65535.0,4096.0,1536.0,0.0,8192.0,4194304.0,8192.0,512.0,32768.0,512.0,0.0,4096.0,1048576.0,3684.0,8192.0,4096.0,512.0,11230.0,53248.0,11264.0,50176.0,37.0,0.0,0.0,0.0,0.0,0.0,1.0,1.0,0,0,1,0,0,0,1,0,0,0,0,1,1,1,0,0,0,0,0,0,0,0,0,0,0,0,1,0,0,0,0,0,0,0,0,0,1,0,0,0,0,0
59614.0,144.0,3.0,0.0,65535.0,51712.0,2048.0,0.0,8192.0,4194304.0,8192.0,512.0,81920.0,512.0,0.0,4096.0,1048576.0,51428.0,8192.0,51712.0,512.0,29878.0,69632.0,30208.0,66048.0,66.0,0.0,0.0,0.0,0.0,0.0,1.0,1.0,0,0,1,0,0,0,1,0,1,0,0,1,1,1,0,0,0,0,0,0,0,0,0,0,0,0,1,0,0,0,0,0,0,0,0,0,1,0,0,0,0,0
163658.0,144.0,3.0,0.0,65535.0,581120.0,256512.0,0.0,4096.0,4194304.0,4096.0,512.0,868352.0,1024.0,892323.0,4096.0,4194304.0,580910.0,4096.0,581120.0,1024.0,188686.0,585728.0,188928.0,582144.0,65.0,0.0,0.0,0.0,0.0,0.0,18.0,527.0,0,0,1,0,0,0,1,0,0,0,0,0,0,1,0,0,0,0,0,0,0,0,0,0,0,0,1,0,0,0,0,0,0,0,0,0,1,0,0,0,0,0
8196.0,144.0,3.0,0.0,65535.0,51712.0,2048.0,0.0,8192.0,4194304.0,8192.0,512.0,81920.0,512.0,0.0,4096.0,1048576.0,51428.0,8192.0,51712.0,512.0,1262.0,12288.0,1536.0,5120.0,12.0,0.0,0.0,0.0,0.0,0.0,0.0,0.0,0,0,1,0,0,0,1,0,1,0,0,1,1,1,0,0,0,0,0,0,0,0,0,0,0,0,1,0,0,0,0,0,0,0,0,0,1,0,0,0,0,0
221326.0,144.0,3.0,0.0,65535.0,213504.0,2048.0,0.0,8192.0,4194304.0,8192.0,512.0,245760.0,512.0,0.0,4096.0,1048576.0,213140.0,8192.0,213504.0,512.0,664364.0,1187840.0,664576.0,1182720.0,28.0,0.0,0.0,1.0,0.0,2.0,1.0,1.0,0,0,0,0,0,0,1,0,1,0,0,1,1,1,0,0,0,0,0,0,0,0,0,0,0,0,1,0,0,0,0,0,0,0,0,0,1,0,0,0,0,0
4096.0,144.0,3.0,0.0,65535.0,133632.0,123904.0,0.0,4096.0,4194304.0,4096.0,512.0,274432.0,1024.0,0.0,4096.0,1048576.0,132104.0,8192.0,132608.0,2048.0,26016.0,143360.0,26112.0,134656.0,140.0,0.0,0.0,0.0,0.0,0.0,3.0,36.0,0,0,1,0,0,0,1,0,0,0,0,0,1,1,0,0,0,0,0,0,0,0,0,0,0,0,1,0,0,0,0,0,0,0,0,0,1,0,0,0,0,0
21016.0,144.0,3.0,0.0,65535.0,57856.0,47104.0,0.0,4096.0,5368709120.0,4096.0,512.0,118784.0,1024.0,0.0,4096.0,1048576.0,57808.0,4096.0,57856.0,1024.0,33978.0,65536.0,34304.0,58880.0,0.0,0.0,0.0,0.0,0.0,0.0,1.0,65.0,1,0,1,1,0,0,1,0,1,0,1,0,1,1,0,0,0,0,0,0,0,0,0,0,0,0,1,0,0,0,0,0,0,0,0,0,1,0,0,0,0,0
163850.0,144.0,3.0,0.0,65535.0,30720.0,299640.0,0.0,4096.0,4194304.0,4096.0,512.0,40960.0,1024.0,0.0,4096.0,1048576.0,251257.0,8192.0,4707328.0,4096.0,8600.0,163840.0,405504.0,467456.0,0.0,2.0,0.0,0.0,0.0,0.0,3.0,11.0,0,0,1,0,0,0,1,0,1,0,0,1,1,1,0,0,0,0,0,0,0,0,0,0,0,0,1,0,0,0,0,0,0,0,0,0,1,0,0,0,0,0
345168.0,80.0,2.0,15.0,65535.0,341504.0,59904.0,0.0,4096.0,4194304.0,4096.0,512.0,430080.0,1024.0,0.0,16384.0,1048576.0,47292.0,8192.0,47616.0,512.0,24.0,376832.0,512.0,355840.0,15.0,0.0,0.0,0.0,0.0,4.0,7.0,134.0,0,0,1,0,0,0,1,0,1,0,0,1,1,1,0,0,0,0,0,0,0,0,0,0,0,0,1,0,0,0,0,0,0,0,0,0,1,0,0,0,0,0
1025662.0,144.0,3.0,0.0,65535.0,1017856.0,372736.0,0.0,8192.0,4194304.0,8192.0,512.0,1417216.0,512.0,0.0,4096.0,1048576.0,1017476.0,8192.0,1017856.0,512.0,25744.0,69632.0,26112.0,65536.0,10.0,0.0,0.0,0.0,0.0,3.0,0.0,0.0,0,0,1,0,0,0,1,0,0,0,0,1,1,1,0,0,0,0,0,0,0,0,0,0,0,0,1,0,0,0,0,0,0,0,0,0,1,0,0,0,0,0
47774.0,144.0,3.0,0.0,65535.0,39936.0,2048.0,0.0,8192.0,4194304.0,8192.0,512.0,65536.0,512.0,0.0,4096.0,1048576.0,39588.0,8192.0,39936.0,512.0,68846.0,225280.0,69632.0,225280.0,0.0,0.0,0.0,0.0,0.0,0.0,1.0,1.0,0,0,0,0,0,0,1,0,0,0,0,1,1,1,0,0,0,0,0,0,0,0,0,0,0,0,1,0,0,0,0,0,0,0,0,0,1,0,0,0,0,0
102190.0,144.0,3.0,0.0,65535.0,94208.0,512.0,0.0,8192.0,4194304.0,8192.0,512.0,114688.0,512.0,0.0,4096.0,1048576.0,94004.0,8192.0,94208.0,512.0,18086.0,217088.0,20480.0,217088.0,222.0,0.0,0.0,0.0,0.0,0.0,1.0,1.0,0,0,1,0,0,0,1,0,0,0,0,1,1,1,0,0,0,0,0,0,0,0,0,0,0,0,1,0,0,0,0,0,0,0,0,0,1,0,0,0,0,0
33373.0,144.0,3.0,0.0,65535.0,104448.0,151040.0,0.0,4096.0,4194304.0,4096.0,512.0,270336.0,1024.0,301451.0,4096.0,1048576.0,103958.0,4096.0,104448.0,1024.0,32864.0,110592.0,33280.0,105472.0,6.0,0.0,0.0,0.0,0.0,0.0,1.0,70.0,0,0,0,0,0,0,1,0,0,0,0,0,1,1,0,0,0,0,0,0,0,0,0,0,0,0,1,0,0,0,0,0,0,0,0,0,1,0,0,0,0,0
102668.0,144.0,3.0,0.0,65535.0,104448.0,28160.0,0.0,4096.0,4194304.0,4096.0,512.0,147456.0,1024.0,0.0,4096.0,1048576.0,104261.0,4096.0,104448.0,1024.0,15000.0,110592.0,15360.0,105472.0,0.0,0.0,0.0,0.0,0.0,0.0,5.0,103.0,0,0,1,0,0,0,0,0,0,0,0,0,1,0,0,0,0,0,0,0,0,0,0,0,0,0,1,0,0,0,0,0,0,0,0,0,1,0,0,0,0,0
22106.0,144.0,3.0,0.0,65535.0,14336.0,2048.0,0.0,8192.0,4194304.0,8192.0,512.0,40960.0,512.0,0.0,4096.0,1048576.0,13920.0,8192.0,14336.0,512.0,152.0,12288.0,512.0,4096.0,28.0,0.0,0.0,1.0,0.0,6.0,1.0,1.0,0,0,0,0,0,0,1,0,1,0,0,1,1,1,0,0,0,0,0,0,0,0,0,0,0,0,1,0,0,0,0,0,0,0,0,0,1,0,0,0,0,0
24576.0,144.0,3.0,0.0,65535.0,3072.0,4608.0,0.0,4096.0,4194304.0,4096.0,512.0,28672.0,1024.0,0.0,4096.0,1048576.0,2722.0,4096.0,3072.0,1024.0,2004.0,8192.0,2048.0,4096.0,1.0,0.0,0.0,0.0,0.0,0.0,2.0,52.0,0,0,0,0,0,0,1,0,0,0,0,0,1,0,0,0,0,0,0,0,0,0,0,0,0,0,1,0,0,0,0,0,0,0,0,0,1,0,0,0,1,0
1148208.0,144.0,3.0,0.0,65535.0,24576.0,1669632.0,0.0,4096.0,5368709120.0,4096.0,512.0,1486848.0,1024.0,0.0,4096.0,1048576.0,251301.0,4096.0,380416.0,1024.0,11054.0,360448.0,5632.0,360448.0,316.0,1.0,0.0,0.0,0.0,5.0,0.0,180.0,1,0,1,1,0,0,1,0,0,0,0,1,1,1,0,0,0,0,0,0,0,0,0,0,0,0,1,0,0,0,0,0,0,0,0,0,1,0,0,0,0,0
1351758.0,144.0,3.0,0.0,65535.0,1344000.0,43520.0,0.0,8192.0,4194304.0,8192.0,512.0,1417216.0,512.0,1437408.0,4096.0,1048576.0,1343572.0,8192.0,1344000.0,512.0,5694.0,45056.0,6144.0,41472.0,1379.0,24.0,1.0,0.0,0.0,5.0,1.0,1.0,0,0,1,0,0,0,1,0,1,0,0,1,1,1,0,0,0,0,0,0,0,0,0,0,0,0,1,0,0,0,0,0,0,0,0,0,1,0,0,0,0,0
281089.0,144.0,3.0,0.0,65535.0,5171200.0,6308352.0,0.0,4096.0,4194304.0,8192.0,512.0,9256960.0,1024.0,0.0,4096.0,1048576.0,982132.0,8192.0,2055680.0,1536.0,1297144.0,2396160.0,776704.0,1908224.0,553.0,0.0,1.0,0.0,0.0,5.0,3.0,209.0,1,1,0,1,0,0,1,0,1,0,0,0,1,1,0,0,0,0,0,0,0,0,0,0,0,0,1,0,0,0,0,0,0,0,0,0,1,0,0,0,0,0
3997518.0,144.0,3.0,0.0,65535.0,12288.0,8192.0,0.0,4096.0,4194304.0,4096.0,4096.0,24576.0,4096.0,0.0,4096.0,1048576.0,11084.0,4096.0,12288.0,4096.0,1926.0,16384.0,4096.0,16384.0,320.0,16.0,6.0,0.0,0.0,0.0,2.0,43.0,0,0,1,0,0,0,1,0,1,0,0,1,1,1,0,0,0,0,0,0,0,0,0,0,0,0,1,0,0,0,0,0,0,0,0,0,1,0,0,0,0,0
4096.0,144.0,3.0,0.0,65535.0,512.0,3072.0,0.0,4096.0,4194304.0,4096.0,512.0,24576.0,1024.0,0.0,4096.0,1048576.0,57.0,4096.0,512.0,1024.0,720.0,8192.0,1024.0,1536.0,4.0,0.0,0.0,0.0,0.0,0.0,1.0,2.0,0,0,1,0,0,0,1,0,0,0,0,1,1,1,0,0,0,0,0,0,0,0,0,0,0,0,1,0,0,0,0,0,0,0,0,0,1,0,0,0,0,0
12288.0,144.0,3.0,0.0,65535.0,73728.0,864768.0,0.0,4096.0,4194304.0,4096.0,512.0,41701376.0,1024.0,946660.0,4096.0,1048576.0,73235.0,4096.0,73728.0,1024.0,16162.0,77824.0,16384.0,74752.0,0.0,0.0,0.0,0.0,0.0,0.0,0.0,0.0,0,0,1,0,0,0,0,0,0,0,0,0,0,1,0,0,0,0,0,0,0,0,0,0,0,0,1,0,0,0,0,0,0,0,0,0,1,0,0,0,0,0
102460.0,144.0,3.0,0.0,65535.0,145408.0,15872.0,0.0,4096.0,4194304.0,4096.0,512.0,176128.0,1024.0,0.0,4096.0,1048576.0,145156.0,4096.0,145408.0,1024.0,70908.0,151552.0,71168.0,145920.0,0.0,0.0,0.0,0.0,0.0,0.0,0.0,0.0,0,0,1,0,0,0,1,0,0,0,0,0,1,1,0,0,0,0,0,0,0,0,0,0,0,0,1,0,0,0,0,0,0,0,0,0,1,0,0,0,0,0
102668.0,144.0,3.0,0.0,65535.0,104448.0,28160.0,0.0,4096.0,4194304.0,4096.0,512.0,147456.0,1024.0,0.0,4096.0,1048576.0,104261.0,4096.0,104448.0,1024.0,15000.0,110592.0,15360.0,105472.0,0.0,0.0,0.0,0.0,0.0,0.0,5.0,103.0,0,0,1,0,0,0,0,0,0,0,0,0,1,0,0,0,0,0,0,0,0,0,0,0,0,0,1,0,0,0,0,0,0,0,0,0,1,0,0,0,0,0
7924.0,144.0,3.0,0.0,65535.0,159744.0,20480.0,0.0,4096.0,4194304.0,4096.0,4096.0,184320.0,4096.0,175793.0,4096.0,1048576.0,157320.0,4096.0,159744.0,4096.0,292368.0,864256.0,292864.0,860672.0,19.0,0.0,0.0,0.0,0.0,0.0,1.0,155.0,0,0,1,0,0,0,1,0,0,0,0,0,1,1,0,0,0,0,0,0,0,0,0,0,0,0,1,0,0,0,0,0,0,0,0,0,1,0,0,0,0,0
21744.0,144.0,3.0,0.0,65535.0,8192.0,4096.0,12288.0,16384.0,4194304.0,4096.0,512.0,28672.0,4096.0,0.0,4096.0,1048576.0,230208.0,4096.0,230400.0,1024.0,85476.0,237568.0,85504.0,231424.0,15.0,0.0,0.0,0.0,0.0,4.0,4.0,6.0,0,0,1,0,0,0,1,0,0,0,0,0,1,1,0,0,0,0,0,0,0,0,0,0,0,0,1,0,0,0,0,0,0,0,0,0,1,0,0,0,0,0
21839.0,144.0,3.0,0.0,65535.0,38912.0,23552.0,0.0,4096.0,4194304.0,4096.0,512.0,73728.0,1024.0,0.0,4096.0,1048576.0,38749.0,4096.0,38912.0,1024.0,11020.0,45056.0,11264.0,39936.0,2.0,0.0,0.0,0.0,0.0,0.0,1.0,64.0,0,0,1,0,0,0,1,0,0,0,0,0,1,1,0,0,0,0,0,0,0,0,0,0,0,0,1,0,0,0,0,0,0,0,0,0,1,0,0,0,0,0
1249038.0,144.0,3.0,0.0,65535.0,1241088.0,276480.0,0.0,8192.0,4194304.0,8192.0,512.0,1540096.0,512.0,0.0,4096.0,1048576.0,1240852.0,8192.0,1241088.0,512.0,1748.0,8192.0,0.0,0.0,47.0,0.0,0.0,0.0,0.0,4.0,1.0,1.0,0,0,1,0,0,0,1,0,1,0,0,1,1,1,0,0,0,0,0,0,0,0,0,0,0,0,1,0,0,0,0,0,0,0,0,0,1,0,0,0,0,0
107871.0,144.0,3.0,0.0,17744.0,18944.0,438272.0,0.0,4096.0,4194304.0,4096.0,512.0,221184.0,1024.0,0.0,4096.0,1048576.0,4605.0,4096.0,4594688.0,1536.0,1512.0,61440.0,512.0,37888.0,398.0,0.0,0.0,0.0,0.0,0.0,1.0,21.0,0,0,1,0,0,0,0,0,0,0,0,0,1,0,0,0,0,0,0,0,0,0,0,0,0,0,1,0,0,0,0,0,0,0,0,0,1,0,0,0,0,0
61386.0,64.0,3.0,0.0,65535.0,18944.0,37376.0,0.0,4096.0,4194304.0,4096.0,512.0,81920.0,1024.0,0.0,16384.0,1048576.0,1306317.0,4096.0,6144.0,1024.0,402472.0,212992.0,3584.0,69632.0,336.0,3.0,2.0,0.0,2.0,0.0,1.0,20.0,0,0,1,0,0,0,1,0,0,0,0,1,1,1,0,0,0,0,0,0,0,0,0,0,0,0,1,0,0,0,0,0,0,0,0,0,1,0,0,0,0,0
5292.0,144.0,3.0,0.0,65535.0,36864.0,25088.0,0.0,4096.0,4194304.0,4096.0,512.0,69632.0,1024.0,0.0,4096.0,1048576.0,36378.0,4096.0,36864.0,1024.0,9386.0,40960.0,9728.0,37888.0,38.0,0.0,5.0,0.0,0.0,5.0,2.0,70.0,0,0,0,0,0,0,1,0,0,0,0,0,1,1,0,0,0,0,1,0,0,0,0,0,0,0,1,1,0,0,0,0,0,0,0,1,1,0,1,0,1,0
4912880.0,144.0,3.0,0.0,65535.0,285696.0,397312.0,0.0,4096.0,4194304.0,4096.0,512.0,40960.0,512.0,0.0,4096.0,1048576.0,46656.0,4096.0,19216896.0,1024.0,207676.0,163840.0,3584.0,67584.0,173.0,1.0,0.0,0.0,0.0,2.0,4.0,0.0,0,0,1,0,0,0,1,0,0,0,0,0,1,1,0,0,0,0,0,0,0,0,0,0,0,0,1,0,0,0,0,0,0,0,0,0,1,0,0,0,0,0
143872.0,80.0,3.0,0.0,65535.0,734720.0,926208.0,0.0,4096.0,4194304.0,4096.0,512.0,1265664.0,1024.0,0.0,4096.0,1048576.0,2148959.0,4096.0,1007104.0,1024.0,7208.0,5885952.0,99328.0,87040.0,900.0,0.0,0.0,0.0,0.0,9.0,2.0,156.0,0,0,0,0,0,0,1,0,0,0,0,0,1,1,0,0,0,0,0,0,0,0,0,0,0,0,1,0,0,0,0,0,0,0,0,0,1,0,0,0,0,0
4096.0,80.0,2.0,15.0,65535.0,78336.0,91136.0,0.0,4096.0,4194304.0,4096.0,512.0,319488.0,1024.0,95322.0,16384.0,1048576.0,849026.0,4096.0,0.0,0.0,943936.0,856064.0,0.0,0.0,8912.0,76.0,2.0,0.0,0.0,0.0,12.0,15.0,0,0,1,0,0,0,1,0,0,0,0,0,1,1,0,0,0,0,0,0,0,0,0,0,0,0,1,0,0,0,0,0,0,0,0,0,1,0,0,0,0,0
150894.0,144.0,3.0,0.0,65535.0,232448.0,159744.0,0.0,4096.0,4194304.0,4096.0,512.0,413696.0,1024.0,418399.0,4096.0,1048576.0,232022.0,4096.0,232448.0,1024.0,69986.0,237568.0,70144.0,233472.0,0.0,0.0,0.0,0.0,0.0,0.0,2.0,108.0,0,0,1,0,0,0,1,0,0,0,0,0,1,1,0,0,0,0,0,0,0,0,0,0,0,0,1,0,0,0,0,0,0,0,0,0,1,0,0,0,0,0
148197.0,144.0,3.0,0.0,65535.0,24576.0,2048.0,0.0,4096.0,4194304.0,4096.0,512.0,57344.0,1024.0,0.0,4096.0,1048576.0,652017.0,8192.0,495616.0,4096.0,1639346.0,163840.0,207872.0,2782208.0,0.0,0.0,0.0,0.0,0.0,0.0,0.0,0.0,0,0,0,0,0,0,1,0,0,0,0,1,1,1,0,0,0,0,0,0,0,0,0,0,0,0,1,0,0,0,0,0,0,0,0,0,1,0,0,0,0,0
558620.0,144.0,3.0,0.0,65535.0,2301952.0,4592640.0,0.0,4096.0,5368709120.0,4096.0,512.0,6909952.0,1024.0,0.0,4096.0,1048576.0,2301708.0,4096.0,2301952.0,1024.0,836108.0,2306048.0,836608.0,2302976.0,72.0,0.0,0.0,0.0,0.0,0.0,0.0,0.0,1,0,0,1,0,0,1,0,1,0,0,0,1,1,0,0,0,0,0,0,0,0,0,0,0,0,1,0,0,0,0,0,0,0,0,0,1,0,0,0,0,0
18406.0,144.0,3.0,0.0,65535.0,10240.0,113664.0,0.0,8192.0,4194304.0,8192.0,512.0,147456.0,512.0,0.0,4096.0,1048576.0,10220.0,8192.0,10240.0,512.0,1216.0,8192.0,0.0,0.0,6494.0,37.0,143.0,0.0,0.0,2.0,1.0,1.0,0,0,0,0,0,0,1,0,0,0,0,1,1,1,0,0,0,0,0,0,0,0,0,0,0,0,1,0,0,0,0,0,0,0,0,0,1,0,0,0,0,0
2295284.0,80.0,2.0,15.0,65535.0,2288128.0,1416704.0,0.0,4096.0,4194304.0,4096.0,512.0,3768320.0,1024.0,3722180.0,16384.0,1048576.0,2281952.0,4096.0,2281984.0,1024.0,93.0,2396160.0,512.0,2342912.0,44.0,0.0,0.0,0.0,0.0,0.0,12.0,479.0,0,0,1,0,0,0,1,0,0,0,0,1,1,1,0,0,0,0,0,0,0,0,0,0,0,0,1,0,0,0,0,0,0,0,0,0,1,0,0,0,0,0
410912.0,64.0,1.0,0.0,65535.0,70656.0,109568.0,0.0,4096.0,4194304.0,4096.0,512.0,8282112.0,512.0,0.0,4096.0,1048576.0,220465.0,4096.0,380416.0,1536.0,8600.0,483328.0,12288.0,158720.0,6041.0,0.0,2.0,0.0,0.0,1.0,23.0,9.0,0,0,1,0,0,0,1,0,0,0,0,0,1,1,0,0,0,0,0,0,0,0,0,0,0,0,1,0,0,0,0,0,0,0,0,0,1,0,0,0,0,0
3512652.0,144.0,3.0,0.0,65535.0,4021760.0,3896320.0,0.0,4096.0,5368709120.0,4096.0,512.0,7933952.0,1024.0,7923564.0,4096.0,1048576.0,4021420.0,4096.0,4021760.0,1024.0,3324212.0,4026368.0,3324416.0,4022784.0,0.0,0.0,0.0,0.0,0.0,0.0,0.0,0.0,1,0,0,1,0,0,1,0,1,0,0,0,1,1,0,0,0,0,0,0,0,0,0,0,0,0,1,0,0,0,0,0,0,0,0,0,1,0,0,0,0,0
18927.0,144.0,3.0,0.0,65535.0,6144.0,47104.0,0.0,4096.0,4194304.0,4096.0,512.0,104208.0,1024.0,0.0,4096.0,1048576.0,17001.0,4096.0,17408.0,1024.0,8476.0,24576.0,8704.0,18432.0,43.0,0.0,3.0,0.0,0.0,3.0,0.0,0.0,0,0,1,0,0,0,1,0,0,0,0,0,1,1,0,0,0,0,0,0,0,0,0,0,0,0,1,0,0,0,0,0,0,0,0,0,1,0,0,0,0,0
1853130.0,144.0,3.0,0.0,65535.0,581120.0,785408.0,0.0,4096.0,4194304.0,4096.0,512.0,1396736.0,1024.0,1412263.0,4096.0,4194304.0,580804.0,4096.0,581120.0,1024.0,188686.0,585728.0,188928.0,582144.0,0.0,0.0,0.0,0.0,0.0,0.0,0.0,0.0,0,0,1,0,0,0,1,0,0,0,0,0,0,1,0,0,0,0,0,0,0,0,0,0,0,0,1,0,0,0,0,0,0,0,0,0,1,0,0,0,0,0
422764.0,144.0,3.0,0.0,65535.0,450048.0,88064.0,0.0,4096.0,5368709120.0,4096.0,512.0,548864.0,1024.0,0.0,4096.0,1048576.0,449577.0,4096.0,450048.0,1024.0,72100.0,454656.0,72192.0,451072.0,0.0,0.0,0.0,0.0,0.0,0.0,19.0,164.0,1,0,0,1,0,0,1,0,1,0,0,0,1,1,0,0,0,0,0,0,0,0,0,0,0,0,1,0,0,0,0,0,0,0,0,0,1,0,0,0,0,0
2039164.0,144.0,3.0,32160.0,65535.0,5818368.0,37376.0,0.0,4096.0,4194304.0,4096.0,512.0,356352.0,1024.0,1296063.0,4096.0,4194304.0,4957.0,4096.0,972288.0,1024.0,39650.0,1683456.0,8192.0,872960.0,795.0,2.0,1.0,0.0,0.0,10.0,32.0,0.0,0,0,0,0,0,0,1,0,0,0,0,0,1,0,0,0,0,0,0,0,0,0,0,0,0,0,1,0,0,0,0,0,0,0,0,0,1,0,0,0,0,0
7747.0,144.0,3.0,0.0,65535.0,93184.0,43520.0,0.0,4096.0,4194304.0,4096.0,512.0,151552.0,1024.0,0.0,4096.0,1048576.0,92723.0,4096.0,93184.0,1024.0,28048.0,98304.0,28160.0,94208.0,243.0,0.0,0.0,1.0,0.0,0.0,4.0,95.0,0,0,0,0,0,0,1,0,0,0,0,0,1,1,0,0,0,0,0,0,0,0,0,0,0,0,1,0,0,0,0,0,0,0,0,0,1,0,0,0,0,0
2790206.0,144.0,3.0,0.0,65535.0,2782208.0,9728.0,0.0,8192.0,4194304.0,8192.0,512.0,2818048.0,1024.0,0.0,4096.0,1048576.0,2782020.0,8192.0,2782208.0,1024.0,5286.0,32768.0,5632.0,28160.0,354.0,0.0,0.0,0.0,0.0,0.0,1.0,1.0,0,0,1,0,0,0,1,0,0,0,0,1,1,1,0,0,0,0,0,0,0,0,0,0,0,0,1,0,0,0,0,0,0,0,0,0,1,0,0,0,0,0
904400.0,144.0,3.0,0.0,65535.0,299008.0,12288.0,606208.0,610304.0,4194304.0,4096.0,512.0,921600.0,4096.0,0.0,4096.0,1048576.0,726.0,4096.0,1024.0,1024.0,871.0,8192.0,1024.0,2048.0,27.0,0.0,0.0,0.0,0.0,0.0,4.0,9.0,0,0,1,0,0,0,0,0,0,0,0,0,1,1,0,0,0,0,0,0,0,0,0,0,0,0,1,0,0,0,0,0,0,0,0,0,1,0,0,0,0,0
11274.0,144.0,3.0,0.0,65535.0,3584.0,40448.0,0.0,8192.0,4194304.0,8192.0,512.0,65536.0,512.0,0.0,4096.0,1048576.0,3088.0,8192.0,3584.0,512.0,13962.0,86016.0,14336.0,76288.0,25.0,0.0,0.0,0.0,0.0,4.0,1.0,1.0,0,0,1,0,0,0,1,0,1,0,0,1,1,1,0,0,0,0,0,0,0,0,0,0,0,0,1,0,0,0,0,0,0,0,0,0,1,0,0,0,0,0
2199682.0,80.0,2.0,15.0,65535.0,1653760.0,408576.0,0.0,4096.0,4194304.0,4096.0,512.0,2203648.0,1024.0,0.0,16384.0,1048576.0,1650688.0,4096.0,565248.0,1024.0,4096.0,1830912.0,512.0,594432.0,6.0,0.0,0.0,0.0,0.0,0.0,4.0,30.0,0,0,1,0,0,0,1,0,1,0,0,0,1,1,0,0,0,0,1,0,0,0,0,0,0,0,1,1,0,0,0,0,0,0,0,0,1,0,0,0,1,0
112078.0,144.0,3.0,0.0,65535.0,103936.0,1536.0,0.0,8192.0,4194304.0,8192.0,512.0,131072.0,512.0,0.0,4096.0,1048576.0,103892.0,8192.0,103936.0,512.0,24.0,405504.0,512.0,370688.0,132.0,14.0,0.0,0.0,0.0,0.0,1.0,1.0,0,0,1,0,0,0,1,0,0,0,0,1,1,1,0,0,0,0,0,0,0,0,0,0,0,0,1,0,0,0,0,0,0,0,0,0,1,0,0,0,0,0
1736768.0,144.0,3.0,0.0,65535.0,417792.0,210432.0,0.0,8192.0,4194304.0,8192.0,512.0,647168.0,512.0,0.0,4096.0,1048576.0,417540.0,8192.0,417792.0,512.0,24.0,626688.0,512.0,590848.0,283006.0,26.0,0.0,1.0,0.0,0.0,1.0,1.0,0,0,1,0,0,0,1,0,1,0,0,1,1,1,0,0,0,0,0,0,0,0,0,0,0,0,1,0,0,0,0,0,0,0,0,0,1,0,0,0,0,0
29762.0,144.0,3.0,0.0,65535.0,73216.0,70144.0,0.0,4096.0,4194304.0,4096.0,512.0,155648.0,1024.0,183424.0,4096.0,1048576.0,72788.0,4096.0,73216.0,1024.0,4938.0,32768.0,5120.0,26624.0,11.0,0.0,0.0,0.0,0.0,3.0,5.0,77.0,0,0,1,0,0,0,1,0,0,0,0,0,1,1,0,0,0,0,0,0,0,0,0,0,0,0,1,0,0,0,0,0,0,0,0,0,1,0,0,0,0,0
4096.0,144.0,3.0,0.0,65535.0,555520.0,1600000.0,0.0,4096.0,5368709120.0,8192.0,512.0,5652480.0,1024.0,100097.0,4096.0,1048576.0,17412.0,4096.0,6839296.0,1024.0,3978944.0,1806336.0,1063424.0,0.0,752.0,2.0,2.0,0.0,0.0,11.0,65.0,0.0,1,0,0,1,0,0,1,0,1,0,0,0,1,1,0,0,0,0,0,0,0,0,0,0,0,0,1,0,0,0,0,0,0,0,0,0,1,0,0,0,0,0
48396.0,144.0,3.0,0.0,65535.0,49152.0,64000.0,0.0,4096.0,4194304.0,4096.0,512.0,122880.0,1024.0,0.0,4096.0,1048576.0,49039.0,4096.0,49152.0,1024.0,11230.0,53248.0,11264.0,50176.0,18.0,0.0,0.0,1.0,0.0,1.0,16.0,119.0,0,0,1,0,0,0,1,0,0,0,0,0,0,1,0,0,0,0,0,0,0,0,0,0,0,0,1,0,0,0,0,0,0,0,0,0,1,0,0,0,0,0
28706.0,144.0,3.0,0.0,65535.0,45056.0,40960.0,0.0,4096.0,4194304.0,4096.0,4096.0,90112.0,4096.0,0.0,4096.0,1048576.0,43366.0,4096.0,45056.0,4096.0,4070.0,49152.0,4096.0,49152.0,252.0,0.0,0.0,0.0,0.0,1.0,5.0,115.0,0,0,1,0,0,0,1,0,0,0,0,1,1,1,0,0,0,0,0,0,0,0,0,0,0,0,1,0,0,0,0,0,0,0,0,0,1,0,0,0,0,0
77406.0,144.0,3.0,0.0,65535.0,69632.0,3072.0,0.0,8192.0,4194304.0,8192.0,512.0,98304.0,512.0,0.0,4096.0,1048576.0,69220.0,8192.0,69632.0,512.0,2007680.0,2072576.0,2008064.0,2067968.0,13.0,0.0,0.0,0.0,0.0,0.0,1.0,1.0,0,0,1,0,0,0,1,0,0,0,0,1,1,1,0,0,0,0,0,0,0,0,0,0,0,0,1,0,0,0,0,0,0,0,0,0,1,0,0,0,0,0
393786.0,144.0,3.0,0.0,65535.0,352256.0,18432.0,0.0,4096.0,5368709120.0,8192.0,512.0,294912.0,1024.0,0.0,4096.0,1048576.0,1090.0,4096.0,185344.0,1024.0,57264.0,8192.0,207872.0,1029120.0,580.0,2.0,0.0,0.0,0.0,10.0,32.0,245.0,0,0,1,1,0,0,1,0,1,0,0,0,1,1,0,0,0,0,1,0,0,0,0,0,0,0,1,0,0,0,0,0,0,0,0,0,1,0,0,0,0,0
4096.0,144.0,3.0,0.0,65535.0,450560.0,824320.0,0.0,4096.0,5368709120.0,4096.0,512.0,3452928.0,1024.0,100097.0,4096.0,1048576.0,1060278.0,4096.0,20992.0,1024.0,15314.0,8548352.0,1063424.0,0.0,0.0,2.0,2.0,0.0,0.0,11.0,1.0,0.0,1,0,0,1,0,0,1,0,1,0,0,0,1,1,0,0,0,0,0,0,0,0,0,0,0,0,1,0,0,0,0,0,0,0,0,0,1,0,0,0,0,0
4096.0,144.0,3.0,0.0,65535.0,70656.0,27136.0,0.0,4096.0,4194304.0,4096.0,512.0,114688.0,1024.0,0.0,4096.0,1048576.0,55650.0,20480.0,55808.0,15872.0,13221.0,77824.0,13312.0,71680.0,68.0,0.0,0.0,0.0,0.0,0.0,9.0,134.0,0,0,0,0,0,0,1,0,0,0,0,1,1,1,0,0,0,0,0,0,0,0,0,0,0,0,1,0,0,0,0,0,0,0,0,0,1,0,0,0,0,0
448.0,144.0,3.0,0.0,65535.0,128.0,128.0,0.0,448.0,65536.0,64.0,64.0,512.0,448.0,0.0,4096.0,1048576.0,5.0,448.0,64.0,448.0,29140.0,167936.0,29184.0,162816.0,0.0,0.0,0.0,0.0,0.0,0.0,0.0,0.0,0,1,0,0,0,0,1,0,0,0,0,1,1,1,0,0,0,0,0,0,0,0,0,1,0,0,1,0,0,0,0,0,0,0,0,0,1,0,0,0,0,0
3831148.0,144.0,3.0,0.0,65535.0,604672.0,12951552.0,0.0,4096.0,5368709120.0,8192.0,512.0,11972608.0,512.0,0.0,4096.0,1048576.0,63867.0,4096.0,67584.0,1536.0,61398.0,143360.0,4096.0,2782208.0,785.0,0.0,2.0,0.0,0.0,11.0,12.0,0.0,1,0,0,1,0,0,1,0,1,0,0,0,1,1,0,0,0,0,0,0,0,0,0,0,0,0,1,0,0,0,0,0,0,0,0,0,1,0,0,0,0,0
57354.0,144.0,3.0,0.0,65535.0,23552.0,10240.0,0.0,16384.0,4194304.0,8192.0,512.0,65536.0,1024.0,0.0,4096.0,1048576.0,22568.0,16384.0,23040.0,5632.0,14188.0,65536.0,16384.0,65536.0,546.0,0.0,0.0,0.0,0.0,0.0,1.0,1.0,0,0,0,0,0,0,1,0,0,0,0,1,1,1,0,0,0,0,0,0,0,0,0,0,0,0,1,0,0,0,0,0,0,0,0,0,1,0,0,0,0,0
271076.0,144.0,3.0,0.0,65535.0,320512.0,214528.0,0.0,4096.0,4194304.0,4096.0,512.0,577536.0,1024.0,0.0,4096.0,1048576.0,320507.0,4096.0,320512.0,1024.0,37154.0,327680.0,37376.0,321536.0,0.0,0.0,0.0,0.0,0.0,0.0,0.0,0.0,0,0,1,0,0,0,0,0,0,0,0,0,0,1,0,0,0,0,1,0,0,0,0,0,0,0,1,1,0,0,0,0,0,0,0,0,1,0,0,0,0,0
334408.0,144.0,3.0,0.0,65535.0,337408.0,1224704.0,0.0,4096.0,5368709120.0,4096.0,512.0,1585152.0,1024.0,0.0,4096.0,1048576.0,337271.0,4096.0,337408.0,1024.0,1205242.0,344064.0,1205248.0,338432.0,0.0,0.0,0.0,0.0,0.0,0.0,20.0,240.0,1,0,0,1,0,0,1,0,1,0,0,0,1,1,0,0,0,0,0,0,0,0,0,0,0,0,1,0,0,0,0,0,0,0,0,0,1,0,0,0,0,0
4283.0,144.0,3.0,0.0,65535.0,1536.0,3072.0,0.0,4096.0,4194304.0,4096.0,512.0,20480.0,1024.0,32143.0,4096.0,1048576.0,1128.0,4096.0,1536.0,1024.0,720.0,8192.0,1024.0,2560.0,17.0,0.0,0.0,0.0,0.0,0.0,4.0,19.0,0,0,1,0,0,0,1,0,0,0,0,0,0,1,0,0,0,0,0,0,0,0,0,0,0,0,1,0,0,0,0,0,0,0,0,0,1,0,0,0,0,0
25326.0,144.0,3.0,15.0,65535.0,1157632.0,105984.0,0.0,4096.0,4194304.0,4096.0,512.0,1171456.0,1024.0,0.0,16384.0,1048576.0,6788.0,28672.0,192000.0,0.0,137962.0,393216.0,4096.0,49152.0,508.0,0.0,0.0,0.0,0.0,9.0,9.0,0.0,0,0,0,1,0,0,1,0,1,0,0,0,1,1,0,0,0,0,0,0,0,0,0,1,0,0,1,0,0,0,0,0,0,0,0,0,1,0,0,0,0,0
25309.0,144.0,3.0,0.0,65535.0,117248.0,74240.0,0.0,4096.0,4194304.0,4096.0,512.0,200704.0,1024.0,0.0,4096.0,1048576.0,116852.0,4096.0,117248.0,1024.0,57112.0,122880.0,57344.0,118272.0,1.0,0.0,0.0,0.0,0.0,0.0,1.0,75.0,0,0,0,0,0,0,1,0,0,0,0,0,1,1,0,0,0,0,0,0,0,0,0,0,0,0,1,0,0,0,0,0,0,0,0,0,1,0,0,0,0,0
727058.0,144.0,3.0,0.0,65535.0,839168.0,615936.0,0.0,4096.0,4194304.0,4096.0,512.0,1970176.0,1024.0,1498667.0,4096.0,1048576.0,838832.0,4096.0,839168.0,1024.0,264106.0,843776.0,264192.0,840192.0,151.0,0.0,0.0,0.0,0.0,2.0,11.0,435.0,0,0,1,0,0,0,1,0,0,0,0,0,1,1,0,0,0,0,0,0,0,0,0,0,0,0,1,0,0,0,0,0,0,0,0,0,1,0,0,0,0,0
45517.0,144.0,3.0,0.0,65535.0,2040320.0,202240.0,0.0,4096.0,4194304.0,4096.0,4096.0,15241216.0,1024.0,0.0,16384.0,1048576.0,38749.0,4096.0,0.0,1024.0,5354.0,3338240.0,59904.0,396288.0,893.0,0.0,1.0,0.0,1.0,9.0,5.0,234.0,1,0,0,1,0,0,1,0,0,0,0,1,1,1,0,0,0,0,1,0,0,0,0,0,0,0,1,0,0,0,0,0,0,0,0,0,1,0,0,0,0,0
6256.0,144.0,3.0,0.0,65535.0,3072.0,25088.0,0.0,4096.0,5368709120.0,4096.0,512.0,45056.0,1024.0,82275.0,8192.0,1048576.0,3024.0,4096.0,3072.0,1024.0,3190.0,8192.0,3584.0,4096.0,0.0,0.0,0.0,0.0,0.0,0.0,7.0,33.0,1,0,1,1,0,0,1,0,1,0,0,0,1,1,0,0,0,0,0,0,0,0,0,0,0,0,1,0,0,0,0,0,0,0,0,0,1,0,0,0,0,0
4382840.0,144.0,3.0,0.0,65535.0,28672.0,1669632.0,0.0,4096.0,4194304.0,4096.0,512.0,32768.0,1024.0,0.0,4096.0,1048576.0,469936.0,4096.0,591872.0,1024.0,6488.0,147456.0,101376.0,166912.0,902.0,3.0,0.0,0.0,0.0,11.0,4.0,20.0,0,0,1,0,0,0,1,0,0,0,0,1,1,1,0,0,0,0,0,0,0,0,0,0,0,0,1,0,0,0,0,0,0,0,0,0,1,0,0,0,0,0
72057.0,64.0,3.0,0.0,65535.0,239104.0,261632.0,0.0,4096.0,4194304.0,4096.0,512.0,557056.0,1024.0,0.0,4096.0,1048576.0,3600197.0,4096.0,1104896.0,1536.0,5284.0,8548352.0,64000.0,133632.0,752.0,0.0,0.0,0.0,0.0,78.0,7.0,5.0,1,0,0,0,0,0,1,0,0,0,0,0,1,0,0,0,0,0,0,0,0,0,0,0,0,0,1,0,0,0,0,0,0,0,0,0,1,0,0,0,0,0
15635203.0,144.0,3.0,0.0,65535.0,285696.0,12951552.0,0.0,4096.0,4194304.0,4096.0,512.0,2097152.0,1536.0,0.0,4096.0,1048576.0,6446.0,4096.0,35840.0,1024.0,617912.0,61440.0,99328.0,15872.0,569.0,0.0,0.0,0.0,0.0,0.0,0.0,316.0,1,0,0,1,0,0,1,0,1,0,0,0,1,1,0,0,0,0,0,0,0,0,0,0,0,0,1,0,0,0,0,0,0,0,0,0,1,0,0,0,0,0
12908.0,144.0,3.0,0.0,65535.0,24064.0,120320.0,1024.0,4096.0,4194304.0,4096.0,512.0,258048.0,1024.0,1338175.0,4096.0,1048576.0,23668.0,4096.0,24064.0,1024.0,4502.0,28672.0,4608.0,25088.0,1370.0,0.0,0.0,0.0,0.0,0.0,7.0,152.0,0,0,1,0,0,0,0,0,0,0,0,0,0,1,0,0,0,0,0,0,0,0,0,0,0,0,1,0,0,0,0,0,0,0,0,0,1,0,0,0,0,0
26512.0,80.0,2.0,15.0,65535.0,4096.0,4096.0,20480.0,24576.0,4194304.0,4096.0,512.0,32768.0,4096.0,0.0,8192.0,1048576.0,191649.0,4096.0,192000.0,1024.0,72958.0,196608.0,73216.0,193024.0,1.0,0.0,0.0,0.0,0.0,0.0,6.0,8.0,0,0,1,0,0,0,1,0,0,0,0,0,1,1,0,0,0,0,0,0,0,0,0,0,0,0,1,0,0,0,0,0,0,0,0,0,1,0,0,0,0,0
125664.0,21061.0,232.0,59523.0,35593.0,181248.0,0.0,0.0,4096.0,4194304.0,4096.0,512.0,188416.0,512.0,0.0,4096.0,1048576.0,181060.0,4096.0,181248.0,4096.0,24.0,245760.0,512.0,65536.0,0.0,0.0,0.0,0.0,0.0,5.0,0.0,0.0,0,0,1,0,0,0,1,0,0,0,0,0,1,1,0,0,0,0,0,0,0,0,0,0,0,0,1,0,0,0,0,0,0,0,0,0,1,0,0,0,0,0
119394.0,144.0,3.0,0.0,65535.0,127488.0,54272.0,0.0,4096.0,4194304.0,4096.0,512.0,196608.0,1024.0,0.0,4096.0,1048576.0,127002.0,4096.0,127488.0,1024.0,23132.0,135168.0,23552.0,128512.0,536.0,13.0,0.0,0.0,0.0,0.0,6.0,133.0,0,0,1,0,0,0,1,0,1,0,0,0,1,1,0,0,0,0,0,0,0,0,0,0,0,0,1,0,0,0,0,0,0,0,0,0,1,0,0,0,0,0
165050.0,144.0,3.0,0.0,65535.0,234496.0,144896.0,0.0,4096.0,4194304.0,4096.0,512.0,413696.0,1024.0,6566226.0,4096.0,1048576.0,234276.0,4096.0,234496.0,1024.0,106572.0,241664.0,107008.0,235520.0,0.0,0.0,0.0,0.0,0.0,0.0,0.0,0.0,0,0,1,0,0,0,1,0,0,0,0,0,1,1,0,0,0,0,0,0,0,0,0,0,0,0,1,0,0,0,0,0,0,0,0,0,1,0,0,0,0,0
107871.0,144.0,3.0,0.0,65535.0,10752.0,2048.0,0.0,1167360.0,4194304.0,8192.0,512.0,40960.0,4096.0,0.0,4096.0,1048576.0,113191.0,20480.0,29696.0,1024.0,82566.0,3293184.0,12288.0,37888.0,869.0,1.0,0.0,0.0,0.0,11.0,13.0,19.0,0,0,0,0,0,0,0,0,0,0,0,0,0,1,0,0,0,0,0,0,0,0,0,0,0,0,1,0,0,0,0,0,0,0,0,0,1,0,0,0,0,0
4671.0,144.0,3.0,0.0,65535.0,40960.0,35328.0,0.0,4096.0,4194304.0,4096.0,512.0,86016.0,1024.0,92886.0,4096.0,1048576.0,40806.0,4096.0,40960.0,1024.0,18140.0,45056.0,18432.0,41984.0,4.0,0.0,0.0,0.0,0.0,5.0,2.0,66.0,0,0,0,0,0,0,1,0,0,0,0,0,1,1,0,0,0,0,0,0,0,0,0,0,0,0,1,0,0,0,0,0,0,0,0,0,1,0,0,0,0,0
8063153.0,64.0,3.0,0.0,65535.0,9216.0,12288.0,0.0,4096.0,5368709120.0,4096.0,512.0,3571712.0,1024.0,100097.0,16384.0,1048576.0,251301.0,4096.0,415232.0,4096.0,1588.0,61440.0,4942336.0,935424.0,672.0,0.0,0.0,0.0,0.0,11.0,3.0,46.0,1,0,0,1,0,0,1,0,1,0,0,0,1,1,0,0,0,0,1,0,0,0,0,0,0,0,1,0,0,0,0,0,0,0,0,0,1,0,0,0,0,0
662848.0,144.0,3.0,0.0,65535.0,871424.0,4340736.0,0.0,4096.0,4194304.0,4096.0,512.0,5234688.0,1024.0,5254661.0,4096.0,1048576.0,871358.0,4096.0,871424.0,1024.0,246972.0,876544.0,247296.0,872448.0,119.0,0.0,0.0,0.0,0.0,5.0,16.0,540.0,0,0,1,0,0,0,1,0,0,0,0,0,1,1,0,0,0,0,0,0,0,0,0,0,0,0,1,0,0,0,0,0,0,0,0,0,1,0,0,0,0,0
14766.0,144.0,3.0,0.0,65535.0,6656.0,2560.0,0.0,8192.0,4194304.0,8192.0,512.0,32768.0,512.0,32913.0,4096.0,1048576.0,6580.0,8192.0,6656.0,512.0,298458.0,1310720.0,298496.0,1307648.0,11062.0,75.0,0.0,17.0,0.0,37.0,1.0,1.0,0,0,0,0,0,0,1,0,0,0,0,1,1,1,0,0,0,0,0,0,0,0,0,0,0,0,1,0,0,0,0,0,0,0,0,0,1,0,0,0,0,0
14486.0,144.0,3.0,0.0,65535.0,40960.0,24576.0,0.0,4096.0,4194304.0,4096.0,4096.0,69632.0,4096.0,0.0,4096.0,1048576.0,37704.0,4096.0,40960.0,4096.0,3440.0,45056.0,4096.0,45056.0,282.0,16.0,0.0,0.0,0.0,0.0,4.0,87.0,0,0,0,0,0,0,1,0,1,0,0,0,1,1,0,0,0,0,0,0,0,0,0,0,0,0,1,0,0,0,0,0,0,0,0,0,1,0,0,0,0,0
18510.0,0.0,3.0,0.0,65535.0,631296.0,114688.0,0.0,4096.0,4194304.0,8192.0,512.0,57344.0,4096.0,0.0,4096.0,1048576.0,23220.0,8192.0,188928.0,0.0,15706.0,94208.0,4096.0,131072.0,530.0,0.0,15.0,0.0,0.0,11.0,0.0,0.0,0,0,1,0,0,0,0,0,0,0,0,0,0,1,0,0,0,0,0,0,0,0,0,0,0,0,1,0,0,0,0,0,0,0,0,0,1,0,0,0,0,0
2289696.0,144.0,3.0,0.0,65535.0,561152.0,12288.0,1728512.0,1732608.0,4194304.0,4096.0,512.0,2306048.0,4096.0,0.0,4096.0,1048576.0,2483484.0,4096.0,0.0,0.0,808328.0,2490368.0,0.0,0.0,120.0,0.0,0.0,0.0,0.0,0.0,6.0,9.0,0,0,1,0,0,0,0,0,0,0,0,0,1,1,0,0,0,0,0,0,0,0,0,0,0,0,1,0,0,0,0,0,0,0,0,0,1,0,0,0,0,0
13594.0,144.0,3.0,0.0,65535.0,9216.0,2048.0,0.0,4096.0,4194304.0,4096.0,512.0,4395008.0,1024.0,0.0,4096.0,1048576.0,4274.0,4096.0,45056.0,4096.0,30426.0,28672.0,207872.0,813568.0,901.0,3.0,0.0,0.0,0.0,12.0,0.0,2.0,0,0,0,0,0,0,1,0,0,0,0,1,1,1,0,0,0,0,0,0,0,0,0,0,0,0,1,0,0,0,0,0,0,0,0,0,1,0,0,0,0,0
26512.0,80.0,2.0,15.0,65535.0,4096.0,4096.0,20480.0,24576.0,4194304.0,4096.0,512.0,32768.0,4096.0,0.0,8192.0,1048576.0,104261.0,4096.0,104448.0,1024.0,15000.0,110592.0,15360.0,105472.0,12.0,0.0,0.0,0.0,0.0,0.0,0.0,0.0,0,0,1,0,0,0,0,0,0,0,0,0,1,0,0,0,0,0,0,0,0,0,0,0,0,0,1,0,0,0,0,0,0,0,0,0,1,0,0,0,0,0
20806.0,144.0,3.0,0.0,65535.0,2059776.0,1280000.0,0.0,4096.0,5368709120.0,4096.0,512.0,3362816.0,1024.0,0.0,4096.0,1048576.0,2059666.0,4096.0,2059776.0,1024.0,829113.0,2064384.0,829440.0,2060800.0,0.0,0.0,0.0,1.0,0.0,0.0,28.0,439.0,1,0,0,1,0,0,1,0,1,0,0,0,1,1,0,0,0,0,0,0,0,0,0,0,0,0,1,0,0,0,0,0,0,0,0,0,1,0,0,0,0,0
15854.0,80.0,2.0,15.0,65535.0,4162048.0,1619456.0,0.0,4096.0,4194304.0,4096.0,512.0,6365184.0,1024.0,0.0,16384.0,1048576.0,4148872.0,4096.0,4149248.0,1024.0,24.0,4919296.0,512.0,4345856.0,36.0,0.0,0.0,0.0,0.0,3.0,0.0,0.0,0,0,1,0,0,0,0,0,0,0,1,0,1,1,0,0,0,0,0,0,0,0,0,0,0,0,1,0,0,0,0,0,0,0,0,0,1,0,0,0,0,0
18048.0,144.0,3.0,0.0,65535.0,14336.0,23040.0,0.0,4096.0,4194304.0,4096.0,512.0,45056.0,512.0,58576.0,4096.0,1048576.0,14212.0,4096.0,14336.0,512.0,3016.0,20480.0,3072.0,14848.0,15.0,0.0,0.0,0.0,0.0,0.0,5.0,105.0,0,0,1,0,0,0,0,0,0,0,0,1,1,1,0,0,0,0,0,0,0,0,0,0,0,0,1,0,0,0,0,0,0,0,0,0,1,0,0,0,0,0
12546136.0,144.0,3.0,0.0,65535.0,208384.0,1046016.0,0.0,4096.0,4194304.0,4096.0,512.0,18104320.0,1024.0,5691258.0,4096.0,1048576.0,716600.0,8192.0,716800.0,512.0,443292.0,1564672.0,443392.0,1558528.0,0.0,0.0,0.0,0.0,0.0,0.0,22.0,22.0,0,0,1,0,0,0,1,0,0,0,0,0,0,1,0,0,0,0,0,0,0,0,0,0,0,0,1,0,0,0,0,0,0,0,0,0,1,0,0,0,0,0
4701.0,144.0,3.0,0.0,65535.0,44032.0,597504.0,0.0,4096.0,4194304.0,4096.0,512.0,655360.0,1024.0,0.0,4096.0,1048576.0,43935.0,4096.0,44032.0,1024.0,22846.0,49152.0,23040.0,45056.0,0.0,0.0,0.0,1.0,0.0,2.0,2.0,64.0,0,0,1,0,0,0,1,0,0,0,0,0,1,1,0,0,0,0,0,0,0,0,0,0,0,0,1,0,0,0,0,0,0,0,0,0,1,0,0,0,0,0
13241254.0,144.0,3.0,0.0,65535.0,122880.0,185344.0,0.0,4096.0,5368709120.0,8192.0,512.0,1433600.0,512.0,0.0,4096.0,1048576.0,55080.0,4096.0,4594688.0,512.0,77858.0,8192.0,9728.0,3220992.0,750.0,2.0,0.0,0.0,0.0,0.0,19.0,21.0,0,0,0,1,0,0,1,0,0,0,0,0,0,1,0,0,0,0,0,0,0,0,0,0,0,0,1,0,0,0,0,0,0,0,0,0,1,0,0,0,0,0
64334.0,144.0,3.0,0.0,65535.0,56320.0,1457152.0,0.0,8192.0,4194304.0,8192.0,512.0,1540096.0,1024.0,0.0,4096.0,1048576.0,56148.0,8192.0,56320.0,1024.0,35196.0,114688.0,35328.0,108032.0,167.0,0.0,0.0,0.0,0.0,0.0,1.0,1.0,0,0,1,0,0,0,1,0,0,0,0,1,1,1,0,0,0,0,0,0,0,0,0,0,0,0,1,0,0,0,0,0,0,0,0,0,1,0,0,0,0,0
6911.0,144.0,3.0,0.0,65535.0,45056.0,4375040.0,0.0,4096.0,4194304.0,4096.0,512.0,4415488.0,1024.0,316764.0,4096.0,1048576.0,44656.0,4096.0,45056.0,1024.0,171428.0,49152.0,171520.0,46080.0,0.0,0.0,0.0,0.0,0.0,0.0,2.0,80.0,0,0,1,0,0,0,0,0,0,0,0,0,1,1,0,0,0,0,0,0,0,0,0,0,0,0,1,0,0,0,0,0,0,0,0,0,1,0,0,0,0,0
38768.0,144.0,3.0,0.0,65535.0,89088.0,325632.0,0.0,4096.0,4194304.0,4096.0,512.0,425984.0,1024.0,0.0,4096.0,1048576.0,88914.0,4096.0,89088.0,1024.0,27266.0,94208.0,27648.0,90112.0,3195.0,34.0,0.0,6.0,5.0,12.0,1.0,74.0,0,0,1,0,0,0,1,0,0,0,0,0,1,1,0,0,0,0,0,0,0,0,0,0,0,0,1,0,0,0,0,0,0,0,0,0,1,0,0,0,0,0
5369.0,144.0,3.0,0.0,65535.0,2048.0,47104.0,0.0,4096.0,4194304.0,4096.0,512.0,65536.0,1024.0,112143.0,4096.0,1048576.0,1680.0,4096.0,2048.0,1024.0,46129.0,8192.0,46592.0,3072.0,0.0,0.0,0.0,0.0,0.0,0.0,2.0,19.0,0,0,1,0,0,0,1,0,1,0,0,0,1,1,0,0,0,0,0,0,0,0,0,0,0,0,1,0,0,0,0,0,0,0,0,0,1,0,0,0,0,0
34910.0,144.0,3.0,0.0,65535.0,27136.0,3072.0,0.0,8192.0,4194304.0,8192.0,512.0,57344.0,512.0,0.0,4096.0,1048576.0,26724.0,8192.0,27136.0,512.0,235964.0,704512.0,236032.0,700928.0,358.0,4.0,0.0,0.0,0.0,0.0,1.0,1.0,0,0,1,0,0,0,1,0,0,0,0,1,1,1,0,0,0,0,0,0,0,0,0,0,0,0,1,0,0,0,0,0,0,0,0,0,1,0,0,0,0,0
5312.0,144.0,3.0,0.0,65535.0,6144.0,11264.0,1024.0,4096.0,4194304.0,4096.0,512.0,36864.0,1024.0,26700.0,4096.0,1048576.0,5940.0,4096.0,6144.0,1024.0,1548.0,16384.0,2048.0,7680.0,2.0,0.0,0.0,0.0,0.0,0.0,2.0,46.0,0,0,0,0,0,0,1,0,0,0,0,0,1,1,0,0,0,0,1,0,0,0,0,0,0,0,1,0,0,0,0,0,0,0,0,0,1,0,0,0,0,0
483374.0,144.0,3.0,0.0,65535.0,475648.0,133120.0,0.0,8192.0,4194304.0,8192.0,512.0,638976.0,512.0,0.0,4096.0,1048576.0,475188.0,8192.0,475648.0,512.0,374774.0,647168.0,374784.0,644096.0,10.0,0.0,0.0,0.0,0.0,2.0,0.0,0.0,0,0,0,0,0,0,1,0,1,0,0,1,1,1,0,0,0,0,0,0,0,0,0,0,0,0,1,0,0,0,0,0,0,0,0,0,1,0,0,0,0,0
5674.0,144.0,3.0,0.0,65535.0,25088.0,18944.0,0.0,4096.0,16777216.0,4096.0,512.0,73728.0,1024.0,60909.0,4096.0,1048576.0,24982.0,4096.0,25088.0,1024.0,32878.0,122880.0,36864.0,122880.0,4.0,0.0,0.0,0.0,0.0,0.0,6.0,126.0,0,0,1,0,0,0,0,0,0,0,0,0,0,1,0,0,0,0,0,0,0,0,0,0,0,0,1,0,0,0,0,0,0,0,0,0,1,0,0,0,0,0
406365.0,144.0,3.0,0.0,65535.0,50688.0,1953792.0,0.0,4096.0,4194304.0,4096.0,512.0,32768.0,1024.0,0.0,4096.0,1048576.0,469936.0,4096.0,557056.0,4096.0,55980.0,880640.0,512.0,37888.0,771.0,2.0,0.0,0.0,0.0,12.0,0.0,230.0,0,0,0,1,0,0,1,0,0,0,0,1,1,1,0,0,0,0,0,0,0,0,0,0,0,0,1,0,0,0,0,0,0,0,0,0,1,0,0,0,0,0
7374939.0,144.0,3.0,0.0,65535.0,39936.0,187904.0,0.0,4096.0,5368709120.0,4096.0,512.0,9281536.0,1024.0,0.0,4096.0,1048576.0,39784.0,4096.0,0.0,0.0,51976.0,45056.0,0.0,0.0,0.0,0.0,0.0,0.0,0.0,0.0,17.0,17.0,1,0,0,1,0,0,1,0,1,0,0,0,1,1,0,0,0,0,0,0,0,0,0,0,0,0,1,0,0,0,0,0,0,0,0,0,1,0,0,0,0,0
16528.0,144.0,2.0,0.0,65535.0,9216.0,204288.0,0.0,4096.0,4194304.0,4096.0,512.0,3014656.0,1024.0,0.0,4096.0,1048576.0,4101572.0,4096.0,3348992.0,1024.0,207676.0,163840.0,12288.0,229888.0,863.0,1.0,1.0,0.0,0.0,6.0,0.0,0.0,0,0,1,0,0,0,1,0,1,0,0,1,1,1,0,0,0,0,0,0,0,0,0,0,0,0,1,0,0,0,0,0,0,0,0,0,1,0,0,0,0,0
7684.0,144.0,3.0,0.0,65535.0,495104.0,118784.0,0.0,4096.0,4194304.0,4096.0,512.0,630784.0,1024.0,0.0,4096.0,1048576.0,494993.0,4096.0,495104.0,1024.0,61956.0,499712.0,62464.0,496128.0,10.0,0.0,0.0,0.0,0.0,0.0,3.0,145.0,0,0,0,0,0,0,1,0,0,0,0,1,1,1,0,0,0,0,0,0,0,0,0,0,0,0,1,0,0,0,0,0,0,0,0,0,1,0,0,0,0,0
4487449.0,80.0,2.0,15.0,65535.0,3528192.0,499200.0,0.0,4096.0,4194304.0,4096.0,512.0,4157440.0,1024.0,0.0,16384.0,1048576.0,3514216.0,4096.0,3514368.0,1024.0,93.0,3727360.0,512.0,3603456.0,66.0,0.0,0.0,0.0,0.0,0.0,13.0,266.0,0,0,1,0,0,0,0,0,0,0,0,0,1,1,0,0,0,0,0,0,0,0,0,0,0,0,1,0,0,0,0,0,0,0,0,0,1,0,0,0,0,0
571880.0,80.0,2.0,15.0,65535.0,565248.0,4794368.0,0.0,4096.0,4194304.0,4096.0,512.0,5423104.0,1024.0,5392262.0,16384.0,1048576.0,561824.0,4096.0,562176.0,1024.0,24.0,638976.0,512.0,586240.0,2345.0,33.0,151.0,0.0,0.0,3.0,8.0,127.0,0,0,1,0,0,0,1,0,0,0,0,1,1,1,0,0,0,0,0,0,0,0,0,0,0,0,1,0,0,0,0,0,0,0,0,0,1,0,0,0,0,0
107871.0,144.0,3.0,0.0,65535.0,80384.0,33280.0,0.0,1167360.0,4194304.0,4096.0,512.0,5787648.0,4096.0,92886.0,4096.0,1048576.0,508944.0,8192.0,2147840.0,0.0,6488.0,389120.0,99328.0,872960.0,0.0,0.0,1.0,0.0,0.0,11.0,10.0,0.0,0,0,1,0,0,0,1,0,0,0,0,0,1,1,0,0,0,0,1,0,0,0,0,0,0,0,1,1,0,0,0,0,0,0,0,0,1,0,0,0,0,0
13270.0,144.0,3.0,0.0,65535.0,24576.0,492544.0,0.0,4096.0,4194304.0,8192.0,512.0,942080.0,512.0,0.0,4096.0,1048576.0,144720.0,4096.0,417280.0,1024.0,1778.0,1376256.0,99328.0,37888.0,538.0,3.0,2.0,0.0,0.0,4.0,2.0,128.0,1,0,0,1,0,0,1,0,1,0,0,0,1,1,0,0,0,0,0,0,0,0,0,0,0,0,1,0,0,0,0,0,0,0,0,0,1,0,0,0,0,0
32106.0,144.0,3.0,0.0,65535.0,24064.0,6656.0,0.0,8192.0,4194304.0,8192.0,512.0,49152.0,512.0,0.0,4096.0,1048576.0,23920.0,8192.0,24064.0,512.0,2600.0,40960.0,3072.0,31232.0,41.0,0.0,0.0,0.0,0.0,4.0,1.0,1.0,0,0,1,0,0,0,1,0,1,0,0,1,1,1,0,0,0,0,0,0,0,0,0,0,0,0,1,0,0,0,0,0,0,0,0,0,1,0,0,0,0,0
5296.0,144.0,3.0,0.0,65535.0,7680.0,283648.0,1536.0,4096.0,4194304.0,4096.0,512.0,307200.0,1024.0,324120.0,4096.0,1048576.0,7492.0,4096.0,7680.0,1024.0,756.0,286720.0,1024.0,280576.0,270.0,9.0,0.0,0.0,1.0,1.0,2.0,61.0,0,0,1,0,0,0,1,0,1,0,0,1,1,1,0,0,0,0,1,0,0,0,0,0,0,0,1,0,0,0,0,0,0,0,0,0,1,0,0,0,0,0
176716.0,144.0,3.0,0.0,65535.0,192000.0,62464.0,0.0,4096.0,5368709120.0,4096.0,512.0,270336.0,1024.0,0.0,4096.0,1048576.0,191815.0,4096.0,192000.0,1024.0,38508.0,196608.0,38912.0,193024.0,0.0,0.0,0.0,0.0,0.0,0.0,17.0,186.0,1,0,0,1,0,0,1,0,1,0,0,0,1,1,0,0,0,0,0,0,0,0,0,0,0,0,1,0,0,0,0,0,0,0,0,0,1,0,0,0,0,0
234955.0,144.0,3.0,0.0,65535.0,432128.0,46350848.0,0.0,4096.0,4194304.0,4096.0,512.0,46809088.0,1024.0,0.0,4096.0,1048576.0,429014.0,4096.0,429056.0,1024.0,62394.0,438272.0,62464.0,433152.0,2.0,0.0,0.0,0.0,0.0,0.0,1.0,121.0,0,0,1,0,0,0,1,0,0,0,0,0,1,1,0,0,0,0,0,0,0,0,0,0,0,0,1,0,0,0,0,0,0,0,0,0,1,0,0,0,0,0
308062.0,144.0,3.0,0.0,65535.0,300032.0,2048.0,0.0,8192.0,4194304.0,8192.0,512.0,327680.0,512.0,0.0,4096.0,1048576.0,299876.0,8192.0,300032.0,512.0,33978.0,65536.0,34304.0,58880.0,75.0,0.0,0.0,0.0,0.0,0.0,1.0,1.0,0,0,0,0,0,0,1,0,0,0,0,1,1,1,0,0,0,0,0,0,0,0,0,0,0,0,1,0,0,0,0,0,0,0,0,0,1,0,0,0,0,0
2015804.0,80.0,2.0,15.0,65535.0,2012160.0,299008.0,0.0,4096.0,4194304.0,4096.0,512.0,2342912.0,1024.0,0.0,16384.0,1048576.0,72788.0,4096.0,73216.0,1024.0,24.0,2088960.0,512.0,2066432.0,71.0,0.0,0.0,0.0,0.0,3.0,8.0,149.0,0,0,1,0,0,0,1,0,0,0,0,0,1,1,0,0,0,0,0,0,0,0,0,0,0,0,1,0,0,0,0,0,0,0,0,0,1,0,0,0,0,0
4096.0,144.0,3.0,0.0,65535.0,70656.0,19968.0,0.0,4096.0,4194304.0,4096.0,512.0,106496.0,1024.0,0.0,4096.0,1048576.0,55650.0,20480.0,55808.0,15872.0,13221.0,77824.0,13312.0,71680.0,28.0,0.0,0.0,0.0,0.0,0.0,9.0,134.0,0,0,0,0,0,0,1,0,1,0,0,1,1,1,0,0,0,0,0,0,0,0,0,0,0,0,1,0,0,0,0,0,0,0,0,0,1,0,0,0,0,0
5520.0,80.0,2.0,15.0,65535.0,451584.0,113152.0,0.0,4096.0,4194304.0,4096.0,512.0,634880.0,1024.0,273574.0,16384.0,1048576.0,2324065.0,4096.0,2326528.0,4096.0,1063712.0,2330624.0,1064960.0,2330624.0,30.0,0.0,0.0,0.0,0.0,0.0,8.0,11.0,0,0,1,0,0,0,1,0,1,0,0,1,1,1,0,0,0,0,0,0,0,0,0,0,0,0,1,1,0,0,0,0,0,0,0,0,1,0,0,0,0,0
5328.0,144.0,3.0,0.0,65535.0,41472.0,129024.0,51200.0,4096.0,4194304.0,4096.0,512.0,204800.0,1024.0,160743.0,4096.0,1048576.0,41236.0,4096.0,41472.0,1024.0,20200.0,53248.0,20480.0,43008.0,15.0,0.0,0.0,0.0,0.0,4.0,4.0,113.0,0,0,1,0,0,0,1,0,0,0,0,0,1,1,0,0,0,0,1,0,0,0,0,0,0,0,1,0,0,0,0,0,0,0,0,0,1,0,0,0,0,0
7850557.0,144.0,3.0,59523.0,65535.0,663552.0,36864.0,0.0,4096.0,4194304.0,4096.0,512.0,49152.0,4096.0,0.0,8192.0,1048576.0,2116.0,4096.0,25600.0,1024.0,1778.0,32768.0,4096.0,521216.0,188.0,0.0,0.0,0.0,0.0,10.0,1.0,0.0,0,0,1,0,0,0,1,0,0,0,0,1,1,1,0,0,0,0,0,0,0,0,0,0,0,0,1,0,0,0,0,0,0,0,0,0,1,0,0,0,0,0
12246.0,24934.0,3.0,0.0,63231.0,696320.0,562176.0,0.0,4096.0,4194304.0,4096.0,512.0,856064.0,512.0,100097.0,4096.0,1048576.0,318468.0,4096.0,94720.0,512.0,3726.0,3833856.0,4096.0,249344.0,457.0,0.0,0.0,0.0,0.0,0.0,1.0,10.0,0,0,1,1,0,0,1,0,0,0,0,1,1,1,0,0,0,0,0,0,0,0,0,0,0,0,1,0,0,0,0,0,0,0,0,0,1,0,0,0,0,0
26697694.0,144.0,3.0,0.0,65535.0,318464.0,235008.0,0.0,4096.0,5368709120.0,4096.0,512.0,565248.0,1024.0,0.0,4096.0,1048576.0,318392.0,4096.0,318464.0,1024.0,114834.0,323584.0,115200.0,319488.0,0.0,0.0,0.0,0.0,0.0,0.0,0.0,0.0,0,0,1,0,0,0,1,0,0,0,0,0,1,1,0,0,0,0,0,0,0,0,0,0,0,0,1,0,0,0,0,0,0,0,0,0,1,0,0,0,0,0
12103.0,128.0,1.0,16.0,65535.0,29184.0,0.0,0.0,4096.0,4194304.0,4096.0,512.0,36864.0,512.0,57900.0,4096.0,65536.0,29078.0,4096.0,29184.0,512.0,32928.0,110592.0,33280.0,105472.0,4.0,0.0,0.0,0.0,0.0,0.0,0.0,0.0,0,0,1,0,0,0,1,0,0,0,0,0,1,1,0,0,0,0,0,0,0,0,0,0,0,0,1,1,0,0,0,0,0,0,0,0,1,0,0,0,0,0
672592.0,144.0,3.0,0.0,65535.0,18944.0,1953792.0,0.0,8192.0,4194304.0,8192.0,512.0,86016.0,4096.0,0.0,4096.0,1048576.0,39368.0,4096.0,35840.0,1536.0,24.0,53248.0,512.0,37888.0,6245.0,0.0,0.0,0.0,0.0,12.0,1.0,18.0,0,0,0,0,0,0,1,0,1,0,0,1,1,1,0,0,0,0,0,0,0,0,0,0,0,0,1,0,0,0,0,0,0,0,0,0,1,0,0,0,0,0
672592.0,144.0,3.0,0.0,65535.0,5120.0,126464.0,0.0,8192.0,4194304.0,8192.0,512.0,10252288.0,512.0,0.0,4096.0,1048576.0,63867.0,4096.0,94720.0,512.0,56404.0,36864.0,512.0,69632.0,396.0,0.0,0.0,0.0,0.0,11.0,1.0,21.0,0,0,0,0,0,0,1,0,0,0,0,1,1,1,0,0,0,0,0,0,0,0,0,0,0,0,1,0,0,0,0,0,0,0,0,0,1,0,0,0,0,0
216644.0,144.0,3.0,0.0,65535.0,337408.0,202752.0,0.0,4096.0,4194304.0,4096.0,512.0,561152.0,1024.0,586066.0,4096.0,1048576.0,337106.0,4096.0,337408.0,1024.0,118946.0,344064.0,119296.0,338432.0,2.0,0.0,0.0,0.0,0.0,5.0,9.0,207.0,0,0,1,0,0,0,1,0,0,0,0,0,1,1,0,0,0,0,0,0,0,0,0,0,0,0,1,0,0,0,0,0,0,0,0,0,1,0,0,0,0,0
2947187.0,144.0,3.0,0.0,65535.0,3753472.0,2361344.0,0.0,4096.0,4194304.0,4096.0,512.0,6131712.0,1024.0,6148621.0,4096.0,1048576.0,3752974.0,4096.0,3753472.0,1024.0,597236.0,3760128.0,597504.0,3754496.0,0.0,0.0,0.0,0.0,0.0,0.0,18.0,573.0,0,0,1,0,0,0,1,0,0,0,0,0,1,1,0,0,0,0,0,0,0,0,0,0,0,0,1,0,0,0,0,0,0,0,0,0,1,0,0,0,0,0
773367.0,144.0,3.0,0.0,65535.0,921088.0,1537024.0,0.0,4096.0,4194304.0,4096.0,512.0,2469888.0,1024.0,0.0,4096.0,1048576.0,920972.0,4096.0,921088.0,1024.0,161650.0,925696.0,161792.0,922112.0,3720.0,166.0,6.0,0.0,0.0,0.0,11.0,223.0,0,0,1,0,0,0,1,0,0,0,0,0,1,1,0,0,0,0,0,0,0,0,0,0,0,0,1,0,0,0,0,0,0,0,0,0,1,0,0,0,0,0
2522374.0,144.0,3.0,0.0,65535.0,2514432.0,34304.0,0.0,8192.0,4194304.0,8192.0,512.0,2572288.0,512.0,0.0,4096.0,1048576.0,2514188.0,8192.0,2514432.0,512.0,24.0,454656.0,512.0,420864.0,12.0,0.0,0.0,0.0,0.0,0.0,0.0,0.0,0,0,0,0,0,0,1,0,0,0,0,1,1,1,0,0,0,0,0,0,0,0,0,0,0,0,1,0,0,0,0,0,0,0,0,0,1,0,0,0,0,0
116352.0,144.0,3.0,0.0,65535.0,3993088.0,299640.0,0.0,4096.0,4194304.0,4096.0,4096.0,32768.0,1024.0,0.0,4096.0,1048576.0,652017.0,4096.0,1532928.0,2048.0,56404.0,299008.0,1059840.0,1029120.0,512.0,2.0,2.0,0.0,0.0,11.0,8.0,21.0,0,0,0,0,0,0,0,0,0,0,0,0,1,1,0,0,0,0,1,0,0,0,0,0,0,0,1,1,0,0,0,0,0,0,0,0,1,0,0,0,0,0
755776.0,14132.0,14641.0,0.0,65535.0,253952.0,8192.0,499712.0,503808.0,4194304.0,4096.0,512.0,765952.0,4096.0,0.0,4096.0,1048576.0,89828.0,4096.0,90112.0,1024.0,38378.0,94208.0,38400.0,91136.0,0.0,0.0,0.0,0.0,0.0,0.0,12.0,17.0,0,0,1,0,0,0,0,0,0,0,0,0,0,1,0,0,0,0,0,0,0,0,0,0,0,0,1,0,0,0,0,0,0,0,0,0,1,0,0,0,0,0
19097298.0,144.0,3.0,0.0,65535.0,14942208.0,4075520.0,0.0,4096.0,4194304.0,4096.0,512.0,19103744.0,1024.0,8841174.0,4096.0,1048576.0,39588.0,8192.0,39936.0,512.0,1420.0,73728.0,1536.0,67584.0,0.0,0.0,0.0,0.0,0.0,0.0,2.0,7.0,0,0,1,0,0,0,0,0,0,0,0,0,1,1,0,0,0,0,0,0,0,0,0,0,0,0,1,0,0,0,0,0,0,0,0,0,1,0,0,1,0,0
148197.0,144.0,3.0,0.0,65535.0,2875392.0,39936.0,0.0,4096.0,4194304.0,4096.0,512.0,397312.0,1024.0,0.0,4096.0,1048576.0,30248.0,8192.0,199168.0,1024.0,221704.0,1273856.0,60416.0,663040.0,437.0,0.0,0.0,0.0,0.0,11.0,4.0,244.0,0,0,1,0,0,0,1,0,0,0,0,1,1,1,0,0,0,0,0,0,0,0,0,0,0,0,1,0,0,0,0,0,0,0,0,0,1,0,0,0,0,0
90302.0,144.0,3.0,0.0,65535.0,73216.0,70144.0,0.0,4096.0,4194304.0,4096.0,512.0,155648.0,1024.0,183424.0,4096.0,1048576.0,72788.0,4096.0,73216.0,1024.0,207740.0,1376256.0,207872.0,935424.0,33.0,0.0,0.0,0.0,0.0,4.0,0.0,0.0,0,0,1,0,0,0,1,0,0,0,0,0,1,1,0,0,0,0,0,0,0,0,0,0,0,0,1,0,0,0,0,0,0,0,0,0,1,0,0,0,0,0
19462928.0,0.0,1.0,0.0,48327.0,3103232.0,228352.0,0.0,4096.0,5368709120.0,4096.0,512.0,3166208.0,1024.0,494688.0,16384.0,1048576.0,234276.0,8192.0,613888.0,1024.0,15314.0,2785280.0,59904.0,2587648.0,473.0,2.0,2.0,0.0,0.0,0.0,7.0,0.0,0,0,1,0,0,0,1,0,0,0,0,1,1,1,0,0,0,0,0,0,0,0,0,0,0,0,1,0,0,0,0,0,0,0,0,0,1,0,0,0,0,0
11523.0,144.0,3.0,0.0,65535.0,29184.0,11264.0,0.0,4096.0,16777216.0,4096.0,512.0,49152.0,1024.0,80368.0,8192.0,1048576.0,29044.0,4096.0,29184.0,1024.0,233930.0,909312.0,233984.0,906240.0,4.0,0.0,0.0,0.0,0.0,0.0,4.0,66.0,0,0,0,0,0,0,0,0,0,0,0,0,0,1,0,0,0,0,0,0,0,0,0,0,0,0,1,0,0,0,0,0,0,0,0,0,1,0,0,0,0,0
2073311.0,144.0,3.0,0.0,65535.0,987136.0,1370624.0,0.0,4096.0,4194304.0,4096.0,512.0,196608.0,1024.0,0.0,4096.0,1048576.0,677620.0,4096.0,135168.0,512.0,49230.0,5885952.0,3584.0,8544768.0,0.0,2.0,2.0,0.0,0.0,0.0,0.0,0.0,0,0,0,0,0,0,1,0,0,0,0,0,1,1,0,0,0,0,0,0,0,0,0,0,0,0,1,0,0,0,0,0,0,0,0,0,1,0,0,0,0,0
374608.0,144.0,3.0,0.0,65535.0,1216512.0,105472.0,0.0,4096.0,4194304.0,4096.0,512.0,2859008.0,1536.0,0.0,4096.0,1048576.0,1216099.0,4096.0,1216512.0,1536.0,1383550.0,1220608.0,1383936.0,1218048.0,0.0,0.0,0.0,0.0,0.0,0.0,1.0,32.0,1,0,1,1,0,0,1,0,0,0,0,1,1,1,0,0,0,0,1,0,0,0,0,0,0,0,1,0,0,0,0,0,0,0,0,0,1,0,0,0,0,0
385156.0,80.0,2.0,15.0,65535.0,381440.0,211968.0,0.0,4096.0,4194304.0,4096.0,512.0,622592.0,1024.0,0.0,16384.0,1048576.0,12148.0,8192.0,12288.0,512.0,24.0,417792.0,512.0,396800.0,25.0,0.0,0.0,0.0,0.0,0.0,8.0,138.0,0,0,1,0,0,0,1,0,1,0,0,1,1,1,0,0,0,0,0,0,0,0,0,0,0,0,1,0,0,0,0,0,0,0,0,0,1,0,0,0,0,0
23998.0,144.0,3.0,0.0,65535.0,15872.0,512.0,0.0,8192.0,4194304.0,8192.0,512.0,32768.0,512.0,0.0,4096.0,1048576.0,15812.0,8192.0,15872.0,512.0,71738.0,167936.0,72192.0,163840.0,12.0,0.0,0.0,0.0,0.0,0.0,0.0,0.0,0,0,1,0,0,0,1,0,0,0,0,1,1,1,0,0,0,0,0,0,0,0,0,0,0,0,1,0,0,0,0,0,0,0,0,0,1,0,0,0,0,0
34174.0,144.0,3.0,0.0,65535.0,196608.0,2951680.0,0.0,4096.0,4194304.0,4096.0,512.0,3158016.0,1024.0,275278.0,4096.0,1048576.0,196590.0,4096.0,196608.0,1024.0,18288.0,102400.0,18432.0,96768.0,4.0,0.0,0.0,0.0,0.0,0.0,3.0,119.0,0,0,1,0,0,0,0,0,0,0,0,0,0,1,0,0,0,0,0,0,0,0,0,0,0,0,1,0,0,0,0,0,0,0,0,0,1,0,0,0,0,0
5888608.0,144.0,3.0,0.0,65535.0,3993088.0,20480.0,0.0,4096.0,4194304.0,8192.0,512.0,15446016.0,808.0,0.0,4096.0,1048576.0,6350.0,4096.0,40448.0,4096.0,4948.0,327680.0,4096.0,169984.0,0.0,2.0,0.0,0.0,0.0,0.0,1.0,181.0,0,0,1,1,0,0,1,0,1,0,0,0,0,1,0,0,0,0,0,0,0,0,0,0,0,0,1,0,0,0,0,0,0,0,0,0,1,0,0,0,0,0
0.0,144.0,3.0,0.0,65535.0,197632.0,4608.0,0.0,8192.0,4194304.0,8192.0,512.0,1040384.0,1024.0,0.0,16384.0,1048576.0,197152.0,8192.0,0.0,0.0,182978.0,1159168.0,183296.0,1153024.0,0.0,0.0,0.0,0.0,0.0,0.0,0.0,0.0,1,0,1,1,0,0,1,0,1,0,0,1,1,1,0,0,0,0,0,0,0,0,0,0,0,0,1,0,0,0,0,0,0,0,0,0,1,0,0,0,0,0
214208.0,144.0,3.0,0.0,65535.0,12288.0,172032.0,200704.0,204800.0,4194304.0,4096.0,512.0,389120.0,4096.0,0.0,4096.0,1048576.0,94164.0,8192.0,94208.0,4096.0,125116.0,4091904.0,0.0,0.0,2.0,0.0,0.0,0.0,0.0,0.0,4.0,9.0,0,0,0,0,0,0,1,0,0,0,0,0,1,1,0,0,0,0,0,0,0,0,0,0,0,0,1,0,0,0,0,0,0,0,0,0,1,0,0,0,0,0
4096.0,108.0,1.0,0.0,65535.0,33280.0,33280.0,0.0,4096.0,4194304.0,4096.0,512.0,86016.0,1024.0,104208.0,65536.0,1048576.0,230752.0,8192.0,230912.0,512.0,1032.0,20480.0,1536.0,13824.0,4939.0,104.0,3.0,0.0,0.0,4.0,7.0,102.0,0,0,1,0,0,0,1,0,0,0,0,1,1,1,0,0,0,0,0,0,0,0,0,0,0,0,1,0,0,0,0,0,0,0,0,0,1,0,0,0,0,0
225518.0,144.0,3.0,0.0,65535.0,217600.0,2048.0,0.0,8192.0,4194304.0,8192.0,512.0,245760.0,512.0,0.0,4096.0,1048576.0,217416.0,8192.0,217600.0,512.0,10850.0,32768.0,11264.0,29184.0,26.0,0.0,0.0,0.0,0.0,4.0,1.0,1.0,0,0,0,0,0,0,1,0,1,0,0,1,1,1,0,0,0,0,0,0,0,0,0,0,0,0,1,0,0,0,0,0,0,0,0,0,1,0,0,0,0,0
41962336.0,144.0,3.0,0.0,65535.0,10874880.0,208896.0,31084544.0,31088640.0,5368709120.0,4096.0,512.0,42172416.0,4096.0,0.0,4096.0,1048576.0,1060278.0,4096.0,0.0,0.0,1780590.0,1064960.0,0.0,0.0,0.0,0.0,0.0,0.0,0.0,0.0,3.0,6.0,1,0,0,1,0,0,1,0,1,0,0,0,1,1,0,0,0,0,0,0,0,0,0,1,0,0,1,0,0,0,0,0,0,0,0,0,1,0,0,1,0,0
644064.0,80.0,2.0,15.0,65535.0,77824.0,4096.0,565248.0,569344.0,4194304.0,4096.0,512.0,651264.0,4096.0,0.0,8192.0,1048576.0,7920.0,8192.0,8192.0,512.0,24.0,655360.0,512.0,630784.0,30.0,0.0,0.0,0.0,0.0,0.0,0.0,0.0,0,0,1,0,0,0,1,0,1,0,0,1,1,1,0,0,0,0,0,0,0,0,0,0,0,0,1,0,0,0,0,0,0,0,0,0,1,0,0,0,0,0
147777.0,144.0,3.0,0.0,65535.0,828928.0,427520.0,0.0,4096.0,4194304.0,4096.0,512.0,1273856.0,1024.0,0.0,4096.0,1048576.0,828860.0,4096.0,828928.0,1024.0,252834.0,835584.0,252928.0,829952.0,2.0,0.0,0.0,0.0,0.0,3.0,16.0,236.0,0,0,1,0,0,0,1,0,0,0,0,0,1,1,0,0,0,0,0,0,0,0,0,0,0,0,1,0,0,0,0,0,0,0,0,0,1,0,0,0,0,0
10570.0,144.0,3.0,0.0,65535.0,3072.0,2048.0,0.0,8192.0,4194304.0,8192.0,512.0,32768.0,512.0,0.0,4096.0,1048576.0,2600.0,8192.0,3072.0,512.0,2991666.0,12288.0,2992128.0,6656.0,0.0,0.0,0.0,0.0,0.0,0.0,0.0,0.0,0,0,0,0,0,0,1,0,0,0,0,1,1,1,0,0,0,0,0,0,0,0,0,0,0,0,1,0,0,0,0,0,0,0,0,0,1,0,0,0,0,0
10643.0,144.0,3.0,0.0,65535.0,134656.0,466944.0,0.0,4096.0,4194304.0,4096.0,512.0,614400.0,1024.0,0.0,4096.0,1048576.0,134634.0,4096.0,134656.0,1024.0,80300.0,139264.0,80384.0,135680.0,187.0,1.0,0.0,0.0,0.0,3.0,0.0,0.0,0,0,1,0,0,0,1,0,0,0,0,0,1,1,0,0,0,0,0,0,0,0,0,0,0,0,1,0,0,0,0,0,0,0,0,0,1,0,0,0,0,0
2166656.0,120.0,1.0,0.0,0.0,2335744.0,11424256.0,0.0,4096.0,4194304.0,4096.0,512.0,13807616.0,1024.0,13769061.0,4096.0,1048576.0,2335590.0,4096.0,2335744.0,1024.0,535744.0,2342912.0,536064.0,2336768.0,1370.0,0.0,0.0,0.0,0.0,0.0,18.0,413.0,0,0,1,0,0,0,1,0,0,0,0,0,1,1,0,0,0,0,0,0,0,0,0,0,0,0,1,0,0,0,0,0,0,0,0,0,1,0,0,0,0,0
97458.0,144.0,3.0,0.0,65535.0,164352.0,1060864.0,0.0,4096.0,4194304.0,4096.0,512.0,1241088.0,1024.0,0.0,4096.0,1048576.0,164005.0,4096.0,164352.0,1024.0,86854.0,172032.0,87040.0,165376.0,4.0,0.0,0.0,0.0,0.0,0.0,3.0,95.0,0,0,0,0,0,0,1,0,0,0,0,0,1,1,0,0,0,0,0,0,0,0,0,0,0,0,1,0,0,0,0,0,0,0,0,0,1,0,0,0,0,0
2257472.0,80.0,2.0,15.0,65535.0,942080.0,20480.0,1314816.0,1318912.0,4194304.0,4096.0,512.0,2281472.0,4096.0,0.0,16384.0,1048576.0,652338.0,4096.0,652800.0,1024.0,152112.0,659456.0,152576.0,653824.0,84.0,0.0,0.0,0.0,0.0,0.0,14.0,19.0,0,0,1,0,0,0,1,0,1,0,0,0,1,1,0,0,0,0,0,0,0,0,0,0,0,0,1,0,0,0,0,0,0,0,0,0,1,0,0,0,0,0
107871.0,144.0,3.0,0.0,65535.0,239616.0,597504.0,0.0,4096.0,4194304.0,8192.0,4096.0,135168.0,4096.0,1296063.0,4096.0,2097152.0,754600.0,4096.0,40448.0,1024.0,45102.0,970752.0,3584.0,8782336.0,0.0,2.0,0.0,0.0,0.0,4.0,6.0,0.0,0,0,1,0,0,0,1,0,0,0,0,0,0,1,0,0,0,0,0,0,0,0,0,0,0,0,1,0,0,0,0,0,0,0,0,0,1,0,0,0,0,0
31187.0,144.0,3.0,0.0,65535.0,125952.0,122368.0,0.0,4096.0,4194304.0,4096.0,512.0,323584.0,1024.0,0.0,4096.0,1048576.0,125748.0,4096.0,125952.0,1024.0,45412.0,131072.0,45568.0,126976.0,13.0,0.0,0.0,0.0,0.0,0.0,3.0,96.0,0,0,1,0,0,0,1,0,0,0,0,0,1,1,0,0,0,0,0,0,0,0,0,0,0,0,1,0,0,0,0,0,0,0,0,0,1,0,0,0,0,0
159528.0,144.0,3.0,0.0,65535.0,159744.0,237568.0,0.0,4096.0,4194304.0,4096.0,4096.0,401408.0,4096.0,0.0,4096.0,1048576.0,156029.0,4096.0,159744.0,4096.0,14002.0,163840.0,16384.0,163840.0,0.0,0.0,0.0,0.0,0.0,0.0,0.0,0.0,0,0,1,0,0,0,1,0,1,0,0,1,1,1,0,0,0,0,0,0,0,0,0,0,0,0,1,0,0,0,0,0,0,0,0,0,1,0,0,0,0,0
40000.0,80.0,2.0,15.0,65535.0,37888.0,17920.0,0.0,4096.0,4194304.0,4096.0,512.0,81920.0,1024.0,3463638494.0,16384.0,1048576.0,248203.0,4096.0,248320.0,1024.0,24.0,61440.0,512.0,42496.0,42.0,0.0,0.0,0.0,0.0,0.0,5.0,40.0,0,0,1,0,0,0,0,0,0,0,0,0,0,1,0,0,0,0,0,0,0,0,0,0,0,0,1,0,0,0,0,0,0,0,0,0,1,0,0,0,0,0
5583.0,144.0,3.0,0.0,65535.0,40448.0,1536.0,0.0,8192.0,4194304.0,8192.0,512.0,65536.0,512.0,77479.0,4096.0,1048576.0,40072.0,8192.0,40448.0,512.0,19448.0,122880.0,20480.0,122880.0,33.0,0.0,3.0,0.0,0.0,3.0,0.0,0.0,0,0,1,0,0,0,1,0,1,0,0,1,1,1,0,0,0,0,0,0,0,0,0,0,0,0,1,0,0,0,0,0,0,0,0,0,1,0,0,0,0,0
1253926.0,144.0,3.0,0.0,65535.0,2606080.0,762880.0,0.0,4096.0,4194304.0,4096.0,512.0,4648960.0,1024.0,0.0,4096.0,1048576.0,2605847.0,1253376.0,2606080.0,1024.0,299508.0,3862528.0,299520.0,2607104.0,0.0,0.0,0.0,0.0,0.0,0.0,12.0,422.0,0,0,0,0,0,0,1,0,0,0,0,0,1,1,0,0,0,0,0,0,0,0,0,0,0,0,1,0,0,0,0,0,0,0,0,0,1,0,0,0,0,0
545216.0,120.0,1.0,0.0,0.0,972288.0,553984.0,0.0,4096.0,5368709120.0,4096.0,512.0,1617920.0,1024.0,1595329.0,4096.0,1048576.0,972262.0,4096.0,972288.0,1024.0,164132.0,978944.0,164352.0,973312.0,30.0,0.0,0.0,0.0,0.0,0.0,7.0,169.0,1,0,1,1,0,0,1,0,1,0,0,0,1,1,0,0,0,0,0,0,0,0,0,0,0,0,1,0,0,0,0,0,0,0,0,0,1,0,0,0,0,0
1912094.0,144.0,3.0,0.0,65535.0,5120.0,1669632.0,0.0,4096.0,4194304.0,4096.0,512.0,286720.0,4096.0,0.0,4096.0,1048576.0,352244.0,4096.0,25600.0,1024.0,6406.0,8548352.0,4096.0,185344.0,0.0,0.0,2.0,0.0,0.0,8.0,2.0,0.0,1,0,0,1,0,0,1,0,0,0,0,1,1,1,0,0,0,0,0,0,0,0,0,0,0,0,1,0,0,0,0,0,0,0,0,0,1,0,0,0,0,0
39422528.0,144.0,3.0,0.0,65535.0,4993024.0,4096.0,34430976.0,34435072.0,5368709120.0,4096.0,512.0,39432192.0,4096.0,5047441.0,4096.0,1048576.0,142096.0,8192.0,142336.0,512.0,2624.0,53248.0,4096.0,53248.0,0.0,0.0,0.0,0.0,0.0,0.0,11.0,14.0,1,0,0,1,0,0,1,0,1,0,0,0,1,1,0,0,0,0,0,0,0,0,0,0,0,0,1,0,0,0,0,0,0,0,0,0,1,0,0,0,0,0
1922686.0,144.0,3.0,0.0,65535.0,1914880.0,14848.0,0.0,8192.0,4194304.0,8192.0,512.0,1949696.0,512.0,0.0,4096.0,1048576.0,1914500.0,8192.0,1914880.0,512.0,72662.0,167936.0,72704.0,163840.0,35.0,0.0,0.0,0.0,0.0,0.0,1.0,1.0,0,0,1,0,0,0,1,0,1,0,0,1,1,1,0,0,0,0,0,0,0,0,0,0,0,0,1,0,0,0,0,0,0,0,0,0,1,0,0,0,0,0
669336.0,144.0,3.0,0.0,65535.0,790016.0,296448.0,0.0,4096.0,5368709120.0,4096.0,512.0,1134592.0,1024.0,0.0,4096.0,1048576.0,789932.0,4096.0,790016.0,1024.0,229336.0,794624.0,229376.0,791040.0,12.0,0.0,0.0,0.0,0.0,0.0,0.0,0.0,1,0,1,1,0,0,0,0,1,0,0,0,0,0,0,0,0,0,0,0,0,0,0,0,0,0,1,0,0,0,0,0,0,0,0,0,1,0,0,0,0,0
1691166.0,144.0,3.0,0.0,65535.0,1683456.0,22016.0,0.0,8192.0,4194304.0,8192.0,512.0,1736704.0,1024.0,0.0,4096.0,1048576.0,1682980.0,8192.0,1683456.0,1024.0,22990.0,114688.0,23040.0,109056.0,225.0,0.0,0.0,0.0,0.0,0.0,1.0,1.0,0,0,1,0,0,0,1,0,0,0,0,1,1,1,0,0,0,0,0,0,0,0,0,0,0,0,1,0,0,0,0,0,0,0,0,0,1,0,0,0,0,0
1988224.0,144.0,3.0,0.0,65535.0,630784.0,118784.0,1355776.0,1359872.0,4194304.0,4096.0,512.0,2109440.0,4096.0,0.0,4096.0,1048576.0,46372.0,4096.0,49152.0,4096.0,5296.0,53248.0,8192.0,53248.0,56.0,0.0,0.0,7.0,3.0,11.0,8.0,13.0,0,0,1,0,0,0,1,0,0,0,0,0,1,1,0,0,0,0,0,0,0,0,0,0,0,0,1,1,0,0,0,0,0,0,0,0,1,0,0,0,0,0
7464.0,144.0,3.0,0.0,65535.0,24576.0,651264.0,0.0,4096.0,4194304.0,4096.0,4096.0,679936.0,4096.0,739029.0,4096.0,1048576.0,21976.0,4096.0,24576.0,4096.0,2660.0,28672.0,4096.0,28672.0,15.0,0.0,0.0,0.0,0.0,0.0,5.0,55.0,0,0,1,0,0,0,1,0,0,0,0,1,1,1,0,0,0,0,0,0,0,0,0,0,0,0,1,0,0,0,0,0,0,0,0,0,1,0,0,0,0,0
69647.0,144.0,3.0,0.0,65535.0,285696.0,1669632.0,0.0,4096.0,4194304.0,8192.0,512.0,86016.0,512.0,0.0,4096.0,1048576.0,682086.0,4096.0,40960.0,0.0,3523528.0,1048576.0,12288.0,65536.0,821.0,2.0,1.0,0.0,0.0,12.0,6.0,119.0,1,0,0,1,0,0,1,0,0,0,0,1,1,1,0,0,0,0,0,0,0,0,0,0,0,0,1,0,0,0,0,0,0,0,0,0,1,0,0,0,0,0
5312.0,144.0,3.0,0.0,65535.0,5150208.0,34304.0,0.0,8192.0,4194304.0,8192.0,512.0,5210112.0,512.0,0.0,4096.0,1048576.0,5150132.0,8192.0,5150208.0,512.0,75546.0,172032.0,75776.0,167424.0,131.0,0.0,0.0,0.0,0.0,3.0,0.0,0.0,0,0,1,0,0,0,1,0,1,0,0,1,1,1,0,0,0,0,0,0,0,0,0,0,0,0,1,0,0,0,0,0,0,0,0,0,1,0,0,0,0,0
703745.0,144.0,3.0,0.0,65535.0,65536.0,20480.0,0.0,4096.0,4194304.0,8192.0,512.0,1986560.0,512.0,0.0,4096.0,1048576.0,118004.0,4096.0,25600.0,512.0,6406.0,106496.0,4096.0,408064.0,844.0,2.0,2.0,0.0,0.0,0.0,0.0,2.0,0,0,0,0,0,0,1,0,0,0,0,0,1,1,0,0,0,0,0,0,0,0,0,0,0,0,1,0,0,0,0,0,0,0,0,0,1,0,0,0,0,0
4096.0,144.0,3.0,0.0,65535.0,4854784.0,5642240.0,0.0,4096.0,5368709120.0,4096.0,512.0,5738496.0,1024.0,100097.0,4096.0,1048576.0,26095.0,4096.0,1868800.0,1024.0,258842.0,2658304.0,1063424.0,0.0,613.0,2.0,1.0,0.0,0.0,11.0,5.0,199.0,1,0,0,1,0,0,1,0,1,0,0,0,1,1,0,0,0,0,0,0,0,0,0,0,0,0,1,0,0,0,0,0,0,0,0,0,1,0,0,0,0,0
1710784.0,80.0,2.0,15.0,65535.0,638976.0,53248.0,1073152.0,1077248.0,4194304.0,4096.0,512.0,1769472.0,4096.0,720320.0,16384.0,1048576.0,638976.0,1077248.0,636928.0,1024.0,390600.0,1896448.0,0.0,0.0,682.0,0.0,0.0,0.0,0.0,4.0,10.0,13.0,0,0,1,0,0,0,0,0,0,0,0,0,1,1,0,0,0,0,1,0,0,0,0,0,0,0,1,1,0,0,0,0,0,0,0,0,1,0,0,1,0,0
5650.0,144.0,3.0,0.0,65535.0,86016.0,155648.0,0.0,4096.0,4194304.0,4096.0,512.0,1748992.0,1024.0,0.0,16384.0,4194304.0,53418.0,4096.0,29696.0,1024.0,3434008.0,139264.0,3589120.0,4399616.0,718.0,0.0,0.0,0.0,0.0,6.0,7.0,75.0,0,0,1,0,0,0,1,0,0,0,0,0,1,1,0,0,0,0,0,0,0,0,0,0,0,0,1,0,0,0,0,0,0,0,0,0,1,0,0,0,0,0
1801979.0,144.0,3.0,0.0,65535.0,67584.0,72704.0,0.0,4096.0,4194304.0,4096.0,512.0,2555904.0,1024.0,2500457.0,4096.0,1048576.0,67379.0,4096.0,67584.0,1024.0,6245.0,73728.0,6656.0,68608.0,870.0,26.0,0.0,1.0,0.0,1.0,9.0,163.0,0,0,1,0,0,0,1,0,0,0,0,0,1,1,0,0,0,0,0,0,0,0,0,0,0,0,1,0,0,0,0,0,0,0,0,0,1,0,0,0,0,0
65563.0,80.0,3.0,0.0,65535.0,178176.0,466944.0,0.0,4096.0,4194304.0,4096.0,512.0,2433024.0,1024.0,0.0,4096.0,1048576.0,58868.0,4096.0,1692160.0,1024.0,82566.0,3293184.0,4096.0,36864.0,890.0,1.0,0.0,0.0,0.0,12.0,5.0,908.0,0,0,1,0,0,0,1,0,1,0,0,0,1,1,0,0,0,0,0,0,0,0,0,0,0,0,1,0,0,0,0,0,0,0,0,0,1,0,0,0,0,0
350448.0,80.0,2.0,15.0,65535.0,344064.0,72192.0,0.0,4096.0,4194304.0,4096.0,512.0,475136.0,1024.0,0.0,16384.0,1048576.0,340240.0,4096.0,340480.0,1024.0,24.0,413696.0,512.0,361984.0,0.0,0.0,0.0,0.0,0.0,0.0,7.0,102.0,0,0,1,0,0,0,1,0,0,0,0,1,1,1,0,0,0,0,0,0,0,0,0,0,0,0,1,0,0,0,0,0,0,0,0,0,1,0,0,0,0,0
107871.0,80.0,3.0,0.0,65535.0,606208.0,177664.0,0.0,4096.0,4194304.0,4096.0,512.0,401408.0,512.0,0.0,4096.0,1048576.0,4212670.0,4096.0,67584.0,1024.0,8468.0,831488.0,99328.0,69632.0,1391.0,0.0,1.0,0.0,0.0,0.0,0.0,13.0,0,0,1,0,0,0,1,0,0,0,0,0,0,1,0,0,0,0,0,0,0,0,0,0,0,0,1,0,0,0,0,0,0,0,0,0,1,0,0,0,0,0
406365.0,64.0,3.0,0.0,65535.0,70656.0,3584.0,0.0,4096.0,4194304.0,4096.0,512.0,3014656.0,1024.0,0.0,4096.0,1048576.0,49037.0,4096.0,3072.0,4096.0,130966.0,36864.0,101376.0,37888.0,823.0,2.0,0.0,0.0,0.0,6.0,0.0,52.0,0,0,0,0,0,0,1,0,0,0,0,0,1,1,0,0,0,0,0,0,0,0,0,1,0,0,1,0,0,0,0,0,0,0,0,0,1,0,0,0,0,0
5296.0,144.0,3.0,0.0,65535.0,1881600.0,3775488.0,0.0,4096.0,4194304.0,4096.0,512.0,5672960.0,1024.0,5670639.0,4096.0,1048576.0,1881240.0,4096.0,1881600.0,1024.0,3318126.0,1888256.0,3318272.0,1882624.0,0.0,0.0,0.0,0.0,0.0,0.0,30.0,2633.0,1,0,1,1,0,0,1,0,0,0,0,0,1,1,0,0,0,0,0,0,0,0,0,0,0,0,1,0,0,0,0,0,0,0,0,0,1,0,0,0,0,0
2423728.0,80.0,3.0,0.0,65535.0,16896.0,185344.0,0.0,4096.0,4194304.0,4096.0,512.0,2060288.0,1024.0,0.0,4096.0,1048576.0,338700.0,4096.0,134656.0,1024.0,76688.0,327680.0,12288.0,28160.0,824.0,0.0,0.0,0.0,0.0,3.0,8.0,281.0,0,0,1,0,0,0,1,0,0,0,0,0,0,1,0,0,0,0,0,0,0,0,0,0,0,0,1,0,0,0,0,0,0,0,0,0,1,0,0,0,0,0
21457.0,144.0,3.0,0.0,65535.0,112640.0,288768.0,0.0,4096.0,4194304.0,4096.0,512.0,413696.0,1024.0,452154.0,4096.0,1048576.0,112505.0,4096.0,112640.0,1024.0,54542.0,118784.0,54784.0,113664.0,225.0,0.0,0.0,1.0,0.0,0.0,2.0,85.0,0,0,1,0,0,0,1,0,0,0,0,0,1,1,0,0,0,0,0,0,0,0,0,0,0,0,1,0,0,0,0,0,0,0,0,0,1,0,0,0,0,0
15848.0,144.0,3.0,0.0,65535.0,32768.0,3804160.0,2048.0,4096.0,5368709120.0,4096.0,512.0,3928064.0,1024.0,0.0,4096.0,1048576.0,32325.0,4096.0,32768.0,1024.0,8332.0,36864.0,8704.0,33792.0,0.0,0.0,0.0,0.0,0.0,0.0,7.0,162.0,1,0,1,1,0,0,1,0,1,0,0,1,1,1,0,0,0,0,0,0,0,0,0,0,0,0,1,0,0,0,0,0,0,0,0,0,1,0,0,0,0,0
122510.0,144.0,3.0,0.0,65535.0,114688.0,8192.0,0.0,8192.0,4194304.0,8192.0,4096.0,139264.0,4096.0,0.0,4096.0,1048576.0,114324.0,8192.0,114688.0,4096.0,59710.0,163840.0,59904.0,160768.0,257.0,0.0,0.0,0.0,0.0,0.0,1.0,1.0,0,0,0,0,0,0,1,0,0,0,0,1,1,1,0,0,0,0,0,0,0,0,0,0,0,0,1,0,0,0,0,0,0,0,0,0,1,0,0,0,0,0
5376.0,144.0,3.0,0.0,65535.0,462336.0,676864.0,6144.0,4096.0,4194304.0,4096.0,512.0,1044480.0,1536.0,1950521.0,4096.0,1048576.0,462056.0,4096.0,462336.0,1536.0,49888.0,557056.0,50176.0,550400.0,0.0,0.0,0.0,0.0,0.0,0.0,2.0,148.0,1,0,0,1,0,0,1,0,1,0,0,0,1,1,0,0,0,0,1,0,0,0,0,0,0,0,1,0,0,0,0,0,0,0,0,0,1,0,0,0,0,0
994854.0,144.0,3.0,0.0,65535.0,987136.0,219136.0,0.0,8192.0,4194304.0,8192.0,512.0,1228800.0,512.0,0.0,16384.0,1048576.0,986674.0,8192.0,987136.0,512.0,5870.0,12288.0,6144.0,7168.0,0.0,0.0,0.0,0.0,0.0,0.0,1.0,1.0,1,0,0,1,0,0,1,0,1,0,0,1,1,1,0,0,0,0,0,0,0,0,0,0,0,0,1,0,0,0,0,0,0,0,0,0,1,0,0,0,0,0
741376.0,5602.0,59415.0,26531.0,10120.0,198144.0,515584.0,0.0,8192.0,4194304.0,4096.0,512.0,839680.0,1024.0,1026189.0,4096.0,1048576.0,25970.0,4096.0,26112.0,1024.0,225280.0,4096.0,0.0,1024.0,0.0,0.0,0.0,0.0,0.0,0.0,6.0,6.0,0,0,1,0,0,0,1,0,0,0,0,0,1,1,0,0,0,0,0,0,0,0,0,0,0,0,1,0,0,0,0,0,0,0,0,0,0,0,1,0,0,0
71644.0,80.0,2.0,15.0,65535.0,66560.0,202240.0,0.0,4096.0,4194304.0,4096.0,512.0,311296.0,1024.0,2513508.0,16384.0,1048576.0,62020.0,4096.0,62464.0,1024.0,24.0,110592.0,512.0,75264.0,10.0,0.0,0.0,0.0,0.0,0.0,5.0,43.0,0,0,1,0,0,0,1,0,0,0,0,0,0,1,0,0,0,0,0,0,0,0,0,0,0,0,1,0,0,0,0,0,0,0,0,0,1,0,0,0,0,0
6193.0,144.0,3.0,0.0,65535.0,3584.0,73728.0,512.0,4096.0,4194304.0,4096.0,512.0,90112.0,1024.0,0.0,4096.0,1048576.0,3167.0,4096.0,3584.0,1024.0,646.0,12288.0,1024.0,4608.0,4.0,0.0,0.0,0.0,0.0,4.0,3.0,20.0,0,0,1,0,0,0,1,0,0,0,0,0,1,1,0,0,0,0,0,0,0,0,1,0,0,0,1,1,0,0,0,0,0,0,0,0,1,0,0,0,0,0
1691166.0,144.0,3.0,0.0,65535.0,1683456.0,22016.0,0.0,8192.0,4194304.0,8192.0,512.0,1736704.0,1024.0,0.0,4096.0,1048576.0,1682980.0,8192.0,1683456.0,1024.0,132766.0,241664.0,135168.0,241664.0,0.0,0.0,0.0,0.0,0.0,0.0,1.0,1.0,0,0,1,0,0,0,1,0,0,0,0,1,1,1,0,0,0,0,0,0,0,0,0,0,0,0,1,0,0,0,0,0,0,0,0,0,1,0,0,0,0,0
16190.0,144.0,3.0,0.0,65535.0,8192.0,2048.0,0.0,8192.0,4194304.0,8192.0,512.0,32768.0,512.0,74108.0,4096.0,1048576.0,8004.0,8192.0,8192.0,512.0,1576.0,16384.0,2048.0,7680.0,965.0,19.0,0.0,0.0,0.0,0.0,1.0,1.0,0,0,1,0,0,0,1,0,0,0,0,1,1,1,0,0,0,0,0,0,0,0,0,0,0,0,1,0,0,0,0,0,0,0,0,0,1,0,0,0,0,0
233550.0,144.0,3.0,0.0,65535.0,59904.0,375296.0,0.0,4096.0,4194304.0,4096.0,512.0,81920.0,512.0,0.0,4096.0,1048576.0,144720.0,4096.0,94720.0,1024.0,5499796.0,135168.0,512.0,467456.0,573.0,0.0,2.0,0.0,0.0,0.0,0.0,21.0,0,0,1,0,0,0,1,0,0,0,0,0,1,0,0,0,0,0,0,0,0,0,0,0,0,0,1,0,0,0,0,0,0,0,0,0,1,0,0,0,0,0
4342.0,144.0,3.0,0.0,65535.0,19216896.0,26331136.0,355328.0,4096.0,5368709120.0,4096.0,512.0,26718208.0,1024.0,19679330.0,4096.0,1048576.0,19216760.0,4096.0,19216896.0,1024.0,200736.0,19259392.0,201216.0,19253248.0,150.0,0.0,0.0,10.0,2.0,30.0,4.0,394.0,1,0,1,1,0,0,1,0,1,0,0,0,1,0,0,0,0,0,1,0,0,0,0,0,0,0,1,0,0,0,0,0,0,0,0,0,1,0,0,0,0,0
385434.0,144.0,3.0,0.0,65535.0,377856.0,151040.0,0.0,8192.0,4194304.0,8192.0,512.0,557056.0,512.0,0.0,4096.0,1048576.0,377443.0,8192.0,377856.0,512.0,9386.0,40960.0,9728.0,37888.0,170.0,0.0,0.0,5.0,3.0,8.0,1.0,1.0,0,0,1,0,0,0,1,0,1,0,0,1,1,1,0,0,0,0,0,0,0,0,0,0,0,0,1,0,0,0,0,0,0,0,0,1,1,0,1,0,1,0
6097.0,144.0,3.0,0.0,65535.0,34816.0,125952.0,0.0,4096.0,4194304.0,4096.0,512.0,172032.0,1024.0,0.0,4096.0,1048576.0,34362.0,4096.0,34816.0,1024.0,9350.0,40960.0,9728.0,35840.0,13.0,0.0,0.0,0.0,0.0,0.0,2.0,70.0,0,0,1,0,0,0,1,0,0,0,0,0,1,1,0,0,0,0,0,0,0,0,0,0,0,0,1,0,0,0,0,0,0,0,0,0,1,0,0,0,0,0
1831134.0,144.0,3.0,0.0,65535.0,1823232.0,18432.0,0.0,8192.0,4194304.0,8192.0,512.0,1867776.0,512.0,0.0,4096.0,1048576.0,1822948.0,8192.0,1823232.0,512.0,2730.0,8192.0,3072.0,3584.0,44.0,0.0,0.0,0.0,0.0,5.0,1.0,1.0,0,0,1,0,0,0,1,0,0,0,0,1,1,1,0,0,0,0,0,0,0,0,0,0,0,0,1,0,0,0,0,0,0,0,0,0,1,0,0,0,0,0
4096.0,144.0,3.0,0.0,65535.0,12800.0,7680.0,4096.0,4096.0,4194304.0,4096.0,512.0,32768.0,1024.0,0.0,4096.0,1048576.0,6552.0,8192.0,6552.0,8192.0,28.0,16384.0,28.0,16384.0,5.0,0.0,0.0,0.0,0.0,0.0,6.0,55.0,0,0,1,0,0,0,1,0,1,0,0,0,1,1,0,0,0,0,0,0,0,0,0,0,0,0,1,0,0,0,0,0,0,0,0,0,1,0,0,0,0,0
11650.0,58059.0,3.0,26723.0,65535.0,178176.0,87040.0,0.0,4096.0,4194304.0,4096.0,512.0,1986560.0,1024.0,92886.0,4096.0,1048576.0,3781812.0,8192.0,135168.0,512.0,45102.0,3833856.0,3584.0,427520.0,694.0,1.0,2.0,0.0,0.0,7.0,1.0,0.0,0,0,0,0,0,0,0,0,0,0,0,0,0,1,0,0,0,0,1,0,0,0,0,0,0,0,1,1,0,0,0,0,0,0,0,0,1,0,0,0,0,0
20030.0,144.0,3.0,0.0,65535.0,12288.0,6144.0,0.0,8192.0,4194304.0,8192.0,512.0,49152.0,1024.0,0.0,4096.0,1048576.0,11844.0,8192.0,12288.0,1024.0,45902.0,126976.0,46080.0,121344.0,0.0,0.0,0.0,0.0,0.0,0.0,0.0,0.0,0,0,1,0,0,0,1,0,0,0,0,1,1,1,0,0,0,0,0,0,0,0,0,0,0,0,1,0,0,0,0,0,0,0,0,0,1,0,0,0,0,0
231486.0,144.0,3.0,0.0,65535.0,581120.0,290816.0,0.0,4096.0,4194304.0,4096.0,512.0,901120.0,1024.0,894100.0,4096.0,4194304.0,580910.0,4096.0,581120.0,1024.0,188686.0,585728.0,188928.0,582144.0,28.0,0.0,0.0,0.0,0.0,2.0,0.0,0.0,0,0,1,0,0,0,1,0,0,0,0,0,0,1,0,0,0,0,0,0,0,0,0,0,0,0,1,0,0,0,0,0,0,0,0,0,1,0,0,0,0,0
12893.0,144.0,3.0,0.0,65535.0,45056.0,20480.0,0.0,4096.0,4194304.0,4096.0,4096.0,81920.0,4096.0,134423.0,4096.0,1048576.0,41376.0,4096.0,45056.0,4096.0,10636.0,49152.0,12288.0,49152.0,0.0,0.0,0.0,3.0,1.0,4.0,3.0,74.0,0,0,0,0,0,0,0,0,0,0,0,0,1,1,0,0,0,0,0,0,0,0,0,0,0,0,1,0,0,0,0,0,0,0,0,0,1,0,0,0,0,0
481216.0,144.0,3.0,0.0,65535.0,637440.0,366080.0,0.0,4096.0,5368709120.0,4096.0,512.0,2174976.0,1024.0,1438714.0,4096.0,2097152.0,637008.0,4096.0,637440.0,1024.0,224938.0,643072.0,225280.0,638464.0,0.0,0.0,0.0,0.0,0.0,0.0,53.0,350.0,1,0,0,1,0,0,1,0,1,0,0,0,1,1,0,0,0,0,0,0,0,0,0,0,0,0,1,0,0,0,0,0,0,0,0,0,1,0,0,0,0,0
78656.0,144.0,3.0,0.0,65535.0,216576.0,281088.0,0.0,4096.0,4194304.0,4096.0,512.0,516096.0,1024.0,363195.0,4096.0,1048576.0,216274.0,4096.0,216576.0,1024.0,1290.0,36864.0,1536.0,30720.0,3.0,0.0,0.0,0.0,0.0,0.0,3.0,196.0,0,0,1,0,0,0,0,0,0,0,0,0,0,1,0,0,0,0,0,0,0,0,0,0,0,0,1,0,0,0,0,0,0,0,0,0,1,0,0,0,0,0
380864.0,80.0,3.0,0.0,65535.0,70656.0,1767424.0,0.0,4096.0,4194304.0,4096.0,512.0,4395008.0,4096.0,0.0,4096.0,1048576.0,16384.0,4096.0,6144.0,4096.0,207676.0,163840.0,512.0,229888.0,0.0,3.0,0.0,0.0,0.0,11.0,5.0,0.0,0,0,1,0,0,0,1,0,1,0,0,1,1,1,0,0,0,0,0,0,0,0,0,0,0,0,1,0,0,0,0,0,0,0,0,0,1,0,0,0,0,0
4440.0,144.0,3.0,0.0,65535.0,24576.0,12288.0,0.0,4096.0,4194304.0,4096.0,4096.0,40960.0,4096.0,48852.0,4096.0,1048576.0,22900.0,4096.0,24576.0,4096.0,102684.0,503808.0,106496.0,503808.0,408.0,2.0,0.0,0.0,0.0,4.0,1.0,33.0,0,0,1,0,0,0,1,0,0,0,0,0,1,1,0,0,0,0,0,0,0,0,0,0,0,0,1,0,0,0,0,0,0,0,0,0,1,0,0,0,0,0
5412891.0,144.0,3.0,0.0,65535.0,352768.0,475136.0,0.0,4096.0,4194304.0,4096.0,512.0,10678272.0,1024.0,6742991.0,4096.0,1048576.0,352594.0,4096.0,0.0,0.0,81348.0,360448.0,0.0,0.0,232.0,0.0,0.0,0.0,0.0,0.0,5.0,5.0,0,0,1,0,0,0,0,0,0,0,0,0,1,1,0,0,0,0,0,0,0,0,0,0,0,0,1,0,0,0,0,0,0,0,0,0,1,0,0,0,0,0
8063153.0,144.0,3.0,0.0,65535.0,3074048.0,323072.0,0.0,4096.0,5368709120.0,4096.0,512.0,1466368.0,1536.0,100097.0,4096.0,1048576.0,698364.0,4096.0,252928.0,1024.0,6406.0,1548288.0,1063424.0,370688.0,782.0,0.0,2.0,0.0,0.0,9.0,0.0,118.0,1,0,0,1,0,0,1,0,1,0,0,0,1,1,0,0,0,0,0,0,0,0,0,0,0,0,1,0,0,0,0,0,0,0,0,0,1,0,0,0,0,0
565248.0,80.0,2.0,15.0,65535.0,295424.0,244224.0,0.0,4096.0,4194304.0,4096.0,512.0,577536.0,1024.0,0.0,16384.0,1048576.0,1136132.0,8192.0,1136640.0,512.0,4096.0,327680.0,512.0,150016.0,127.0,0.0,0.0,0.0,0.0,2.0,9.0,11.0,0,0,1,0,0,0,1,0,0,0,0,1,1,1,0,0,0,0,0,0,0,0,0,0,0,0,1,0,0,0,0,0,0,0,0,0,1,0,0,0,1,0
220540.0,144.0,3.0,0.0,65535.0,220672.0,332288.0,0.0,4096.0,5368709120.0,4096.0,512.0,565248.0,1024.0,0.0,4096.0,1048576.0,220368.0,4096.0,220672.0,1024.0,306566.0,225280.0,306688.0,221696.0,0.0,0.0,0.0,0.0,0.0,0.0,18.0,178.0,1,0,1,1,0,0,1,0,1,0,0,0,1,1,0,0,0,0,0,0,0,0,0,0,0,0,1,0,0,0,0,0,0,0,0,0,1,0,0,0,0,0
4472.0,144.0,3.0,0.0,65535.0,2613248.0,32768.0,0.0,4096.0,4194304.0,4096.0,4096.0,2650112.0,4096.0,2683659.0,4096.0,1048576.0,2610384.0,4096.0,2613248.0,4096.0,24.0,675840.0,512.0,657408.0,13.0,0.0,0.0,0.0,0.0,0.0,1.0,36.0,0,0,1,0,0,0,1,0,0,0,0,0,1,1,0,0,0,0,0,0,0,0,0,0,0,0,1,0,0,0,0,0,0,0,0,0,1,0,0,0,0,0
394214.0,144.0,3.0,0.0,65535.0,386048.0,81920.0,0.0,8192.0,4194304.0,8192.0,512.0,491520.0,512.0,536204.0,4096.0,1048576.0,386028.0,8192.0,386048.0,512.0,13740.0,28672.0,0.0,0.0,28.0,0.0,0.0,0.0,0.0,0.0,1.0,1.0,0,0,1,0,0,0,1,0,1,0,0,1,1,1,0,0,0,0,0,0,0,0,0,0,0,0,1,0,0,0,0,0,0,0,0,0,1,0,0,0,0,0
104656.0,144.0,3.0,0.0,65535.0,36864.0,8192.0,69632.0,73728.0,4194304.0,4096.0,512.0,118784.0,4096.0,0.0,4096.0,1048576.0,11084.0,4096.0,12288.0,4096.0,1926.0,16384.0,4096.0,16384.0,69.0,0.0,0.0,0.0,0.0,5.0,5.0,10.0,0,0,1,0,0,0,1,0,0,0,0,0,1,1,0,0,0,0,0,0,0,0,0,0,0,0,1,0,0,0,0,0,0,0,0,0,1,0,0,0,0,0
103471.0,96.0,1.0,0.0,65535.0,101888.0,93696.0,0.0,4096.0,4194304.0,4096.0,512.0,221184.0,512.0,240237.0,4096.0,1048576.0,101854.0,4096.0,101888.0,512.0,15306.0,106496.0,15360.0,102400.0,378.0,0.0,0.0,0.0,0.0,5.0,9.0,210.0,0,0,1,0,0,0,1,0,0,0,0,1,1,1,0,0,0,0,0,0,0,0,0,0,0,0,1,0,0,0,0,0,0,0,0,0,1,0,0,0,0,0
4616.0,144.0,3.0,0.0,65535.0,23040.0,16896.0,0.0,4096.0,5368709120.0,4096.0,512.0,61440.0,1024.0,53661.0,4096.0,1048576.0,22593.0,4096.0,23040.0,1024.0,8170.0,28672.0,8192.0,24064.0,0.0,0.0,0.0,0.0,0.0,0.0,1.0,59.0,1,0,0,1,0,0,1,0,0,0,0,0,1,1,0,0,0,0,0,0,0,0,0,0,0,0,1,0,0,0,0,0,0,0,0,0,1,0,0,0,0,0
3258818.0,80.0,2.0,0.0,65535.0,2346496.0,699904.0,0.0,4096.0,4194304.0,4096.0,512.0,8781824.0,1024.0,966047.0,4096.0,1048576.0,39992.0,4096.0,2055680.0,1536.0,17494.0,1703936.0,3584.0,8782336.0,0.0,0.0,0.0,0.0,0.0,7.0,6.0,165.0,0,0,1,0,0,0,0,0,0,0,0,0,0,1,0,0,0,0,0,0,0,0,0,0,0,0,1,0,0,0,0,0,0,0,0,0,1,0,0,0,0,0
110784.0,144.0,3.0,0.0,65535.0,4096.0,4096.0,106496.0,110592.0,4194304.0,4096.0,512.0,118784.0,4096.0,0.0,4096.0,1048576.0,87632.0,4096.0,88064.0,1024.0,42174.0,94208.0,42496.0,89088.0,2.0,0.0,0.0,0.0,0.0,0.0,1.0,4.0,0,0,1,0,0,0,1,0,1,0,0,0,1,1,0,0,0,0,0,0,0,0,0,0,0,0,1,0,0,0,0,0,0,0,0,0,1,0,0,0,0,0
1912094.0,144.0,3.0,0.0,65535.0,1904128.0,88576.0,0.0,8192.0,4194304.0,8192.0,512.0,2023424.0,1024.0,0.0,4096.0,1048576.0,1903908.0,8192.0,1904128.0,1024.0,71250.0,159744.0,71680.0,154112.0,53.0,0.0,0.0,0.0,0.0,1.0,1.0,1.0,0,0,1,0,0,0,1,0,1,0,0,1,1,1,0,0,0,0,0,0,0,0,0,0,0,0,1,0,0,0,0,0,0,0,0,0,1,0,0,0,0,0
142734.0,144.0,3.0,0.0,65535.0,134656.0,40448.0,0.0,8192.0,4194304.0,8192.0,512.0,204800.0,1024.0,216414.0,4096.0,1048576.0,134548.0,8192.0,134656.0,1024.0,2514.0,16384.0,2560.0,10240.0,4898.0,123.0,3.0,18.0,0.0,23.0,1.0,1.0,0,0,1,0,0,0,1,0,1,0,0,1,1,1,0,0,0,0,0,0,0,0,0,0,0,0,1,0,0,0,0,0,0,0,0,0,1,0,0,0,0,0
11330.0,144.0,3.0,0.0,65535.0,3584.0,2048.0,0.0,8192.0,4194304.0,8192.0,512.0,32768.0,512.0,0.0,4096.0,1048576.0,3256.0,8192.0,3584.0,512.0,15090.0,77824.0,15360.0,71168.0,31.0,0.0,0.0,0.0,0.0,0.0,1.0,1.0,0,0,0,0,0,0,1,0,1,0,0,1,1,1,0,0,0,0,0,0,0,0,0,0,0,0,1,0,0,0,0,0,0,0,0,0,1,0,0,0,0,0
5376.0,144.0,3.0,0.0,65535.0,223744.0,328704.0,6144.0,4096.0,4194304.0,4096.0,512.0,356352.0,1024.0,358868.0,4096.0,1048576.0,223412.0,4096.0,223744.0,1024.0,76540.0,233472.0,76800.0,226816.0,0.0,0.0,0.0,3.0,1.0,5.0,0.0,0.0,1,0,0,1,0,0,0,0,0,0,0,0,0,1,0,0,0,0,1,0,0,0,0,0,0,0,1,0,0,0,0,0,0,0,0,0,1,0,0,0,0,0
7891783.0,144.0,3.0,0.0,65535.0,239104.0,119808.0,0.0,4096.0,4194304.0,4096.0,512.0,81920.0,1024.0,0.0,4096.0,1048576.0,1503576.0,4096.0,1344000.0,4096.0,82566.0,552960.0,512.0,10752.0,901.0,3.0,0.0,0.0,0.0,9.0,1.0,21.0,0,0,1,0,0,0,1,0,0,0,0,0,1,1,0,0,0,0,0,0,0,0,0,0,0,0,1,0,0,0,0,0,0,0,0,0,1,0,0,0,0,0
233550.0,80.0,3.0,0.0,65535.0,28672.0,12288.0,0.0,4096.0,4194304.0,4096.0,512.0,577536.0,512.0,0.0,4096.0,1048576.0,323028.0,4096.0,185344.0,1024.0,1639346.0,172032.0,12288.0,37888.0,0.0,0.0,16.0,0.0,0.0,5.0,0.0,4.0,0,0,1,0,0,0,1,0,0,0,0,1,1,1,0,0,0,0,0,0,0,0,0,0,0,0,1,0,0,0,0,0,0,0,0,0,1,0,0,0,0,0
4929174.0,144.0,3.0,0.0,65535.0,3584.0,5120.0,0.0,8192.0,4194304.0,8192.0,512.0,32768.0,512.0,0.0,4096.0,1048576.0,3448.0,8192.0,3584.0,512.0,28084.0,110592.0,28160.0,105472.0,0.0,0.0,0.0,0.0,0.0,0.0,0.0,0.0,0,0,0,0,0,0,1,0,1,0,0,1,1,1,0,0,0,0,0,0,0,0,0,0,0,0,1,0,0,0,0,0,0,0,0,0,1,0,0,0,0,0
1510590.0,144.0,3.0,0.0,65535.0,1502720.0,2048.0,0.0,8192.0,4194304.0,8192.0,512.0,1531904.0,512.0,1585522.0,4096.0,1048576.0,1502404.0,8192.0,1502720.0,512.0,96824.0,135168.0,97280.0,130560.0,44.0,0.0,0.0,0.0,0.0,4.0,1.0,1.0,0,0,1,0,0,0,1,0,0,0,0,1,1,1,0,0,0,0,0,0,0,0,0,0,0,0,1,0,0,0,0,0,0,0,0,0,1,0,0,0,0,0
48206.0,144.0,3.0,0.0,65535.0,40448.0,2048.0,0.0,8192.0,4194304.0,8192.0,512.0,65536.0,512.0,0.0,4096.0,1048576.0,40020.0,8192.0,40448.0,512.0,604346.0,2363392.0,604672.0,2358272.0,27.0,0.0,0.0,0.0,0.0,0.0,1.0,1.0,0,0,0,0,0,0,1,0,0,0,0,1,1,1,0,0,0,0,0,0,0,0,0,0,0,0,1,0,0,0,0,0,0,0,0,0,1,0,0,0,0,0
34859.0,144.0,3.0,0.0,65535.0,35840.0,449024.0,0.0,4096.0,4194304.0,4096.0,512.0,4141056.0,1024.0,0.0,4096.0,1048576.0,1265.0,8192.0,535040.0,1024.0,231692.0,7106560.0,99328.0,238080.0,0.0,3.0,2.0,0.0,0.0,12.0,29.0,110.0,0,0,1,0,0,0,1,0,0,0,0,0,1,1,0,0,0,0,0,0,0,0,0,0,0,0,1,0,0,0,0,0,0,0,0,0,1,0,0,0,0,0
21918.0,144.0,3.0,0.0,65535.0,13824.0,29696.0,0.0,8192.0,4194304.0,8192.0,512.0,65536.0,512.0,0.0,4096.0,1048576.0,13732.0,8192.0,13824.0,512.0,35196.0,114688.0,35328.0,108032.0,12.0,0.0,0.0,0.0,0.0,0.0,0.0,0.0,0,0,1,0,0,0,1,0,0,0,0,1,1,1,0,0,0,0,0,0,0,0,0,0,0,0,1,0,0,0,0,0,0,0,0,0,1,0,0,0,0,0
246914.0,144.0,3.0,0.0,65535.0,239104.0,22528.0,0.0,8192.0,4194304.0,8192.0,512.0,286720.0,512.0,0.0,4096.0,1048576.0,238728.0,8192.0,239104.0,512.0,195458.0,638976.0,0.0,0.0,172.0,0.0,0.0,0.0,0.0,5.0,1.0,1.0,0,0,1,0,0,0,1,0,1,0,0,1,1,1,0,0,0,0,0,0,0,0,0,0,0,0,1,0,0,0,0,0,0,0,0,0,1,0,0,0,0,0
286702.0,144.0,3.0,0.0,65535.0,278528.0,2560.0,0.0,8192.0,4194304.0,8192.0,512.0,303104.0,512.0,0.0,4096.0,1048576.0,278516.0,8192.0,278528.0,512.0,1810.0,8192.0,2048.0,4096.0,10.0,0.0,0.0,0.0,0.0,4.0,0.0,0.0,0,0,1,0,0,0,1,0,1,0,0,1,1,1,0,0,0,0,0,0,0,0,0,0,0,0,1,0,0,0,0,0,0,0,0,0,1,0,0,0,0,0
6356.0,144.0,3.0,0.0,65535.0,40960.0,8192.0,0.0,4096.0,4194304.0,4096.0,4096.0,53248.0,4096.0,107241.0,4096.0,1048576.0,40704.0,4096.0,40960.0,4096.0,13221.0,77824.0,13312.0,71680.0,13.0,0.0,0.0,0.0,0.0,3.0,1.0,78.0,0,0,1,0,0,0,1,0,1,0,0,1,1,1,0,0,0,0,0,0,0,0,0,0,0,0,1,0,0,0,0,0,0,0,0,0,1,0,0,0,0,0
163850.0,144.0,3.0,0.0,65535.0,581632.0,283648.0,0.0,4096.0,4194304.0,4096.0,512.0,892928.0,1024.0,931262.0,4096.0,4194304.0,581597.0,4096.0,581632.0,1024.0,195982.0,585728.0,196096.0,582656.0,17.0,0.0,0.0,1.0,0.0,1.0,18.0,527.0,0,0,1,0,0,0,1,0,0,0,0,0,0,1,0,0,0,0,0,0,0,0,0,0,0,0,1,0,0,0,0,0,0,0,0,0,1,0,0,0,0,0
16053.0,144.0,3.0,0.0,65535.0,13312.0,31232.0,0.0,4096.0,4194304.0,4096.0,512.0,61440.0,1024.0,94762.0,4096.0,1048576.0,13260.0,4096.0,13312.0,1024.0,7746.0,20480.0,8192.0,14336.0,0.0,0.0,0.0,0.0,0.0,0.0,11.0,105.0,0,0,0,0,0,0,1,0,0,0,0,0,1,1,0,0,0,0,0,0,0,0,0,0,0,0,1,0,0,0,0,0,0,0,0,0,1,0,0,0,0,0
1106126.0,144.0,3.0,0.0,65535.0,285696.0,1669632.0,0.0,4096.0,4194304.0,4096.0,512.0,9814016.0,1024.0,100097.0,4096.0,1048576.0,652338.0,4096.0,613376.0,1024.0,52900.0,8192.0,617984.0,209408.0,593.0,2.0,0.0,0.0,0.0,11.0,0.0,25.0,1,0,0,1,0,0,1,0,1,0,0,0,1,1,0,0,0,0,0,0,0,0,0,0,0,0,1,0,0,0,0,0,0,0,0,0,1,0,0,0,0,0
672592.0,144.0,3.0,0.0,65535.0,201216.0,304640.0,0.0,8192.0,4194304.0,8192.0,512.0,966656.0,512.0,0.0,4096.0,1048576.0,296149.0,4096.0,3348992.0,1024.0,535744.0,36864.0,12288.0,59392.0,811.0,0.0,0.0,0.0,0.0,0.0,2.0,21.0,0,0,1,0,0,0,1,0,1,0,0,1,1,1,0,0,0,0,0,0,0,0,0,0,0,0,1,0,0,0,0,0,0,0,0,0,1,0,0,0,0,0
18048.0,144.0,3.0,0.0,65535.0,14336.0,23040.0,0.0,4096.0,4194304.0,4096.0,512.0,45056.0,512.0,58576.0,4096.0,1048576.0,14212.0,4096.0,14336.0,512.0,3016.0,20480.0,3072.0,14848.0,52.0,0.0,5.0,0.0,0.0,4.0,5.0,105.0,0,0,1,0,0,0,1,0,1,0,0,1,1,1,0,0,0,0,0,0,0,0,0,0,0,0,1,0,0,0,0,0,0,0,0,0,1,0,0,0,0,0
42632.0,144.0,3.0,0.0,65535.0,162816.0,89600.0,0.0,4096.0,5368709120.0,4096.0,512.0,335872.0,1024.0,8669793.0,4096.0,1048576.0,162544.0,4096.0,162816.0,1024.0,72662.0,167936.0,72704.0,163840.0,0.0,0.0,0.0,2.0,1.0,6.0,5.0,126.0,1,0,1,1,0,0,1,0,1,0,0,0,1,1,0,0,0,0,0,0,0,0,0,0,0,0,1,0,0,0,0,0,0,0,0,0,1,0,0,0,0,0
4752.0,80.0,2.0,15.0,65535.0,45056.0,189440.0,0.0,4096.0,4194304.0,4096.0,512.0,274432.0,1024.0,263584.0,16384.0,1048576.0,43216.0,4096.0,43520.0,1024.0,24.0,86016.0,512.0,51712.0,408.0,1.0,0.0,0.0,0.0,3.0,0.0,0.0,0,0,1,0,0,0,1,0,0,0,0,1,1,1,0,0,0,0,0,0,0,0,0,0,0,0,1,0,0,0,0,0,0,0,0,0,1,0,0,0,0,0
5248.0,144.0,3.0,0.0,65535.0,958464.0,1135616.0,11264.0,4096.0,4194304.0,4096.0,512.0,1318912.0,1024.0,2388204.0,4096.0,1048576.0,958232.0,4096.0,958464.0,1024.0,77312.0,970752.0,77312.0,966656.0,15.0,0.0,0.0,0.0,0.0,3.0,8.0,183.0,0,0,1,0,0,0,1,0,0,0,0,0,1,1,0,0,0,0,1,0,0,0,0,0,0,0,1,0,0,0,0,0,0,0,0,0,1,0,0,0,0,0
238804.0,144.0,3.0,0.0,65535.0,238080.0,1258496.0,0.0,4096.0,5368709120.0,4096.0,512.0,1519616.0,1024.0,0.0,4096.0,1048576.0,238072.0,4096.0,238080.0,1024.0,308094.0,245760.0,308224.0,239104.0,0.0,0.0,0.0,0.0,0.0,0.0,19.0,204.0,1,0,1,1,0,0,1,0,1,0,0,0,1,1,0,0,0,0,0,0,0,0,0,0,0,0,1,0,0,0,0,0,0,0,0,0,1,0,0,0,0,0
21968.0,144.0,3.0,0.0,65535.0,133120.0,96768.0,0.0,4096.0,5368709120.0,4096.0,512.0,253952.0,1024.0,211441.0,65536.0,1048576.0,132808.0,4096.0,133120.0,1024.0,25976.0,139264.0,26112.0,134144.0,0.0,0.0,0.0,0.0,0.0,0.0,38.0,215.0,1,0,0,1,0,0,1,0,1,0,0,0,1,1,0,0,0,0,0,0,0,0,0,0,0,0,1,0,0,0,0,0,0,0,0,0,1,0,0,0,0,0
9614.0,144.0,3.0,0.0,65535.0,1536.0,1536.0,0.0,8192.0,4194304.0,8192.0,512.0,32768.0,512.0,0.0,4096.0,1048576.0,1428.0,8192.0,1536.0,512.0,5016.0,32768.0,5120.0,27136.0,25.0,0.0,0.0,0.0,0.0,0.0,1.0,1.0,0,0,1,0,0,0,1,0,1,0,0,1,1,1,0,0,0,0,0,0,0,0,0,0,0,0,1,0,0,0,0,0,0,0,0,0,1,0,0,0,0,0
21744.0,144.0,2.0,0.0,65535.0,74752.0,0.0,0.0,4096.0,4194304.0,4096.0,512.0,421888.0,1024.0,0.0,4096.0,1048576.0,496.0,4096.0,185344.0,1024.0,1639346.0,172032.0,512.0,10752.0,661.0,0.0,0.0,0.0,0.0,11.0,0.0,285.0,0,0,1,0,0,0,1,0,0,0,0,0,1,1,0,0,0,0,0,0,0,0,0,0,0,0,1,0,0,0,0,0,0,0,0,0,1,0,0,0,0,0
604576.0,80.0,2.0,15.0,65535.0,212992.0,40960.0,393216.0,397312.0,4194304.0,4096.0,512.0,651264.0,4096.0,291303.0,16384.0,1048576.0,212992.0,397312.0,210432.0,1024.0,1296.0,20480.0,1536.0,10752.0,15.0,0.0,0.0,0.0,0.0,0.0,8.0,11.0,0,0,1,0,0,0,1,0,0,0,0,0,1,1,0,0,0,0,1,0,0,0,0,0,0,0,1,1,0,0,0,0,0,0,0,0,1,0,0,0,0,0
9049062.0,144.0,3.0,0.0,65535.0,2405376.0,261632.0,0.0,4096.0,4194304.0,4096.0,512.0,16224256.0,1536.0,0.0,4096.0,1048576.0,2405098.0,4096.0,0.0,0.0,2047704.0,2412544.0,0.0,0.0,0.0,0.0,0.0,0.0,0.0,0.0,3.0,3.0,1,0,1,1,0,0,1,0,1,0,0,0,1,1,0,0,0,0,1,0,0,0,0,0,0,0,1,0,0,0,0,0,0,0,0,0,1,0,0,0,0,0
32996.0,80.0,2.0,15.0,65535.0,29696.0,10752.0,0.0,4096.0,4194304.0,4096.0,512.0,110592.0,1024.0,0.0,16384.0,1048576.0,1076791.0,4096.0,1077248.0,1024.0,24.0,94208.0,512.0,34304.0,762.0,8.0,0.0,0.0,0.0,0.0,6.0,42.0,0,0,1,0,0,0,1,0,0,0,0,0,1,1,0,0,0,0,0,0,0,0,0,0,0,0,1,0,0,0,0,0,0,0,0,0,1,0,0,0,0,0
32960.0,144.0,3.0,0.0,65535.0,33280.0,1850880.0,0.0,4096.0,5368709120.0,4096.0,512.0,1908736.0,1024.0,1896467.0,8192.0,1048576.0,33152.0,4096.0,33280.0,1024.0,1449776.0,6266880.0,1449984.0,6264320.0,0.0,0.0,0.0,0.0,0.0,0.0,8.0,157.0,1,0,1,1,0,0,1,0,1,0,0,0,1,1,0,0,0,0,0,0,0,0,0,0,0,0,1,0,0,0,0,0,0,0,0,0,1,0,0,0,0,0
2446046.0,144.0,3.0,0.0,65535.0,2438144.0,177664.0,0.0,8192.0,4194304.0,8192.0,512.0,2637824.0,512.0,2651606.0,4096.0,1048576.0,2437860.0,8192.0,2438144.0,512.0,13221.0,77824.0,13312.0,71680.0,58.0,0.0,0.0,0.0,0.0,5.0,1.0,1.0,0,0,1,0,0,0,1,0,1,0,0,1,1,1,0,0,0,0,0,0,0,0,0,0,0,0,1,0,0,0,0,0,0,0,0,0,1,0,0,0,0,0
4671.0,144.0,3.0,0.0,65535.0,40960.0,35328.0,0.0,4096.0,4194304.0,4096.0,512.0,86016.0,1024.0,143634.0,4096.0,1048576.0,40806.0,4096.0,40960.0,1024.0,18140.0,45056.0,18432.0,41984.0,2.0,0.0,0.0,0.0,0.0,2.0,2.0,66.0,0,0,0,0,0,0,1,0,0,0,0,0,1,1,0,0,0,0,0,0,0,0,0,0,0,0,1,0,0,0,0,0,0,0,0,0,1,0,0,0,0,0
414912.0,144.0,3.0,0.0,65535.0,7749632.0,270336.0,0.0,4096.0,4194304.0,4096.0,512.0,15015936.0,1536.0,0.0,4096.0,1048576.0,7749626.0,4096.0,7749632.0,1536.0,6266880.0,7753728.0,6266880.0,7751168.0,18.0,0.0,0.0,0.0,0.0,0.0,1.0,40.0,1,0,1,1,0,0,1,0,1,0,0,0,1,1,0,0,0,0,0,0,0,0,0,0,0,0,1,0,0,0,0,0,0,0,0,0,1,0,0,0,0,0
876238.0,144.0,3.0,0.0,65535.0,154112.0,557056.0,0.0,4096.0,4194304.0,4096.0,512.0,6836224.0,4096.0,0.0,8192.0,1048576.0,1792.0,4096.0,4149248.0,1024.0,2096.0,53248.0,2560000.0,0.0,900.0,0.0,0.0,2.0,0.0,5.0,9.0,102.0,0,0,1,0,0,0,1,0,0,0,0,1,1,1,0,0,0,0,0,0,0,0,0,0,0,0,1,0,0,0,0,0,0,0,0,0,1,0,0,0,0,0
369776.0,144.0,1.0,0.0,65535.0,513024.0,7755264.0,0.0,4096.0,4194304.0,4096.0,512.0,132908.0,1024.0,3110390.0,4096.0,1048576.0,26962.0,4096.0,0.0,1024.0,78364.0,3416064.0,2144256.0,0.0,709.0,1.0,1.0,0.0,0.0,0.0,1.0,238.0,1,0,0,1,0,0,1,0,0,0,0,0,1,1,0,0,0,0,0,0,0,0,0,0,0,0,1,0,0,0,0,0,0,0,0,0,1,0,0,1,0,0
6341488.0,144.0,3.0,0.0,65535.0,86016.0,83968.0,0.0,4096.0,5368709120.0,4096.0,512.0,9826304.0,1024.0,530709536.0,4096.0,1048576.0,5299972.0,8192.0,5300224.0,512.0,140028.0,405504.0,0.0,0.0,0.0,0.0,0.0,0.0,0.0,0.0,5.0,5.0,1,0,1,1,0,0,1,0,1,0,0,0,0,1,0,0,0,0,0,0,0,0,0,0,0,0,1,0,0,0,0,0,0,0,0,0,1,0,0,0,0,0
4395486.0,144.0,3.0,0.0,65535.0,4387328.0,51200.0,0.0,8192.0,4194304.0,8192.0,512.0,4472832.0,1024.0,0.0,4096.0,1048576.0,4387300.0,8192.0,4387328.0,1024.0,10898.0,32768.0,11264.0,29696.0,223.0,0.0,0.0,0.0,0.0,0.0,1.0,1.0,0,0,1,0,0,0,1,0,0,0,0,1,1,1,0,0,0,0,0,0,0,0,0,0,0,0,1,0,0,0,0,0,0,0,0,0,1,0,0,0,0,0
314736.0,144.0,3.0,0.0,65535.0,4250624.0,296448.0,0.0,4096.0,4194304.0,4096.0,512.0,4653056.0,1024.0,0.0,4096.0,1048576.0,4250205.0,4096.0,4250624.0,1024.0,18128.0,90112.0,0.0,0.0,172.0,0.0,0.0,0.0,0.0,0.0,3.0,32.0,0,0,1,0,0,0,1,0,0,0,0,1,1,1,0,0,0,0,1,0,0,0,0,0,0,0,1,0,0,0,0,0,0,0,0,0,1,0,0,0,0,0
395872.0,144.0,3.0,0.0,65535.0,2941952.0,118784.0,0.0,4096.0,4194304.0,4096.0,512.0,4833280.0,1536.0,0.0,4096.0,1048576.0,2941584.0,4096.0,2941952.0,1536.0,1324008.0,2949120.0,1324032.0,2943488.0,0.0,0.0,0.0,0.0,0.0,0.0,1.0,40.0,1,0,0,1,0,0,1,0,1,0,0,0,1,1,0,0,0,0,0,0,0,0,0,0,0,0,1,0,0,0,0,0,0,0,0,0,1,0,0,0,0,0
409242.0,144.0,3.0,0.0,65535.0,680960.0,654848.0,0.0,4096.0,4194304.0,4096.0,512.0,1351680.0,1024.0,0.0,4096.0,1048576.0,680501.0,4096.0,680960.0,1024.0,152720.0,688128.0,153088.0,681984.0,426.0,0.0,0.0,2.0,0.0,5.0,15.0,397.0,0,0,1,0,0,0,1,0,0,0,0,0,1,1,0,0,0,0,0,0,0,0,0,0,0,0,1,0,0,0,0,0,0,0,0,0,1,0,0,0,0,0
5520.0,144.0,3.0,0.0,65535.0,41984.0,72192.0,0.0,4096.0,4194304.0,4096.0,512.0,126976.0,1024.0,0.0,4096.0,1048576.0,41523.0,4096.0,41984.0,1024.0,9336.0,16384.0,9728.0,10752.0,4.0,0.0,0.0,1.0,0.0,1.0,1.0,10.0,0,0,1,0,0,0,1,0,0,0,0,0,0,1,0,0,0,0,0,0,0,0,0,0,0,0,1,0,0,0,0,0,0,0,0,0,1,0,0,0,0,0
163850.0,144.0,3.0,0.0,65535.0,581632.0,6308352.0,0.0,4096.0,4194304.0,4096.0,512.0,6914048.0,1024.0,6907331.0,4096.0,4194304.0,581597.0,4096.0,581632.0,1024.0,195982.0,585728.0,196096.0,582656.0,28.0,0.0,0.0,0.0,0.0,0.0,18.0,527.0,0,0,1,0,0,0,1,0,0,0,0,0,0,1,0,0,0,0,0,0,0,0,0,0,0,0,1,0,0,0,0,0,0,0,0,0,1,0,0,0,0,0
17106.0,144.0,3.0,0.0,65535.0,9216.0,2560.0,0.0,8192.0,4194304.0,8192.0,512.0,40960.0,512.0,0.0,4096.0,1048576.0,8920.0,8192.0,9216.0,512.0,34786.0,110592.0,34816.0,106496.0,28.0,0.0,0.0,1.0,0.0,1.0,1.0,1.0,0,0,0,0,0,0,1,0,1,0,0,1,1,1,0,0,0,0,0,0,0,0,0,0,0,0,1,0,0,0,0,0,0,0,0,0,1,0,0,0,0,0
323908.0,144.0,34.0,0.0,65535.0,3172352.0,465920.0,0.0,1167360.0,16777216.0,4096.0,512.0,12488704.0,1024.0,1418036647.0,53248.0,1048576.0,159220.0,4096.0,0.0,4096.0,39376.0,430080.0,64512.0,3721728.0,2511.0,0.0,0.0,0.0,0.0,8.0,0.0,633.0,1,0,1,0,0,0,1,0,0,0,0,0,0,0,0,0,0,0,0,0,0,0,0,0,0,0,1,0,0,0,0,0,0,0,0,0,1,0,0,0,0,0
689088.0,144.0,3.0,0.0,65535.0,106496.0,8192.0,581632.0,585728.0,4194304.0,4096.0,512.0,700416.0,4096.0,0.0,4096.0,1048576.0,15444.0,4096.0,15872.0,1024.0,838078.0,3579904.0,838144.0,3573760.0,120.0,0.0,0.0,0.0,0.0,4.0,4.0,9.0,0,0,1,0,0,0,0,0,0,0,1,0,1,1,0,0,0,0,0,0,0,0,0,0,0,0,1,0,0,0,0,0,0,0,0,0,1,0,0,0,0,0
35660.0,144.0,3.0,0.0,65535.0,72704.0,4510208.0,0.0,4096.0,4194304.0,4096.0,512.0,4608000.0,1024.0,4600110.0,4096.0,1048576.0,72590.0,4096.0,72704.0,1024.0,17717.0,77824.0,17920.0,73728.0,15.0,0.0,0.0,0.0,0.0,4.0,6.0,186.0,0,0,1,0,0,0,1,0,0,0,0,0,1,1,0,0,0,0,0,0,0,0,0,0,0,0,1,0,0,0,0,0,0,0,0,0,1,0,0,0,0,0
117129.0,144.0,3.0,0.0,65535.0,157696.0,40960.0,0.0,4096.0,4194304.0,4096.0,512.0,212992.0,1024.0,0.0,4096.0,1048576.0,157533.0,4096.0,157696.0,1024.0,23686.0,163840.0,24064.0,158720.0,4.0,0.0,0.0,0.0,0.0,0.0,3.0,67.0,0,0,1,0,0,0,1,0,0,0,0,0,1,1,0,0,0,0,0,0,0,0,0,0,0,0,1,0,0,0,0,0,0,0,0,0,1,0,0,0,0,0
5280.0,144.0,3.0,0.0,65535.0,6656.0,11264.0,1024.0,4096.0,4194304.0,4096.0,512.0,335872.0,1024.0,355219.0,4096.0,1048576.0,6308.0,4096.0,6656.0,1024.0,1492.0,16384.0,1536.0,8192.0,2.0,0.0,0.0,0.0,0.0,0.0,2.0,48.0,0,0,0,0,0,0,1,0,0,0,0,0,1,0,0,0,0,0,1,0,0,0,0,0,0,0,1,0,0,0,0,0,0,0,0,0,1,0,0,0,0,0
4096.0,144.0,3.0,0.0,65535.0,70656.0,20992.0,0.0,4096.0,4194304.0,4096.0,512.0,106496.0,1024.0,0.0,4096.0,1048576.0,55650.0,20480.0,55808.0,15872.0,13221.0,77824.0,13312.0,71680.0,68.0,0.0,0.0,0.0,0.0,0.0,9.0,134.0,0,0,0,0,0,0,1,0,1,0,0,1,1,1,0,0,0,0,0,0,0,0,0,0,0,0,1,0,0,0,0,0,0,0,0,0,1,0,0,0,0,0
35144.0,144.0,3.0,0.0,65535.0,132608.0,201216.0,0.0,4096.0,5368709120.0,4096.0,512.0,397312.0,1024.0,0.0,4096.0,1048576.0,132192.0,4096.0,132608.0,1024.0,63382.0,139264.0,63488.0,133632.0,0.0,0.0,0.0,0.0,0.0,0.0,4.0,101.0,1,0,1,1,0,0,1,0,1,0,0,0,1,1,0,0,0,0,0,0,0,0,0,0,0,0,1,0,0,0,0,0,0,0,0,0,1,0,0,0,0,0
18510.0,144.0,3.0,0.0,45007.0,9216.0,65536.0,0.0,4096.0,4194304.0,4096.0,512.0,4169728.0,1536.0,0.0,4096.0,1048576.0,356180.0,4096.0,94720.0,1024.0,14300.0,3833856.0,4096.0,113664.0,381.0,0.0,2.0,0.0,0.0,0.0,0.0,20.0,0,0,1,0,0,0,1,0,0,0,0,1,1,1,0,0,0,0,0,0,0,0,0,0,0,0,1,0,0,0,0,0,0,0,0,0,1,0,0,0,0,0
647478.0,120.0,1.0,0.0,0.0,29696.0,2048.0,0.0,8192.0,4194304.0,8192.0,512.0,57344.0,512.0,0.0,4096.0,1048576.0,29204.0,8192.0,29696.0,512.0,231692.0,815104.0,231936.0,808448.0,60.0,0.0,0.0,0.0,0.0,0.0,1.0,1.0,0,0,0,0,0,0,1,0,0,0,0,1,1,1,0,0,0,0,0,0,0,0,0,0,0,0,1,0,0,0,0,0,0,0,0,0,1,0,0,0,0,0
79854.0,144.0,3.0,0.0,65535.0,71680.0,2048.0,0.0,8192.0,4194304.0,8192.0,512.0,98304.0,512.0,0.0,4096.0,1048576.0,71668.0,8192.0,71680.0,512.0,10660.0,102400.0,0.0,0.0,183.0,0.0,0.0,0.0,0.0,3.0,1.0,1.0,0,0,1,0,0,0,1,0,0,0,0,1,1,0,0,0,0,0,0,0,0,0,0,0,0,0,1,0,0,0,0,0,0,0,0,0,1,0,0,0,0,0
379218.0,144.0,3.0,0.0,65535.0,371200.0,372736.0,0.0,8192.0,4194304.0,8192.0,512.0,770048.0,512.0,0.0,4096.0,1048576.0,371032.0,8192.0,371200.0,512.0,608.0,8192.0,1024.0,2048.0,106.0,8.0,0.0,0.0,0.0,0.0,1.0,1.0,0,0,1,0,0,0,1,0,1,0,0,1,1,1,0,0,0,0,0,0,0,0,0,0,0,0,1,0,0,0,0,0,0,0,0,0,1,0,0,0,0,0
295896.0,144.0,3.0,0.0,65535.0,41472.0,615936.0,0.0,4096.0,5368709120.0,4096.0,512.0,675840.0,1024.0,0.0,4096.0,1048576.0,41248.0,4096.0,41472.0,1024.0,35934.0,49152.0,36352.0,42496.0,19.0,0.0,0.0,0.0,0.0,3.0,0.0,0.0,0,0,1,0,0,0,1,0,1,0,0,0,1,1,0,0,0,0,0,0,0,0,0,0,0,0,1,0,0,0,0,0,0,0,0,0,1,0,0,0,0,0
40332.0,144.0,3.0,0.0,65535.0,5171200.0,26331136.0,0.0,4096.0,5368709120.0,4096.0,512.0,2768896.0,1024.0,100097.0,4096.0,1048576.0,60392.0,4096.0,721408.0,1024.0,8126.0,2396160.0,76800.0,57344.0,898.0,0.0,1.0,0.0,0.0,4.0,0.0,79.0,1,0,1,1,0,0,1,0,1,0,0,1,1,1,0,0,0,0,0,0,0,0,0,0,0,0,1,0,0,0,0,0,0,0,0,0,1,0,0,0,0,0
233550.0,144.0,3.0,0.0,65535.0,70656.0,375296.0,0.0,4096.0,4194304.0,8192.0,512.0,696320.0,1536.0,0.0,4096.0,1048576.0,29962.0,4096.0,730624.0,4096.0,5996.0,2785280.0,10752.0,37888.0,0.0,0.0,12.0,0.0,0.0,11.0,5.0,7.0,0,0,0,0,0,0,1,0,0,0,0,0,1,1,0,0,0,0,0,0,0,0,0,0,0,0,1,0,0,0,0,0,0,0,0,0,1,0,0,0,0,0
4440.0,144.0,3.0,0.0,65535.0,1344000.0,43520.0,0.0,8192.0,4194304.0,8192.0,512.0,1417216.0,512.0,1437408.0,4096.0,1048576.0,1343572.0,8192.0,1344000.0,512.0,5694.0,45056.0,6144.0,41472.0,408.0,2.0,0.0,0.0,0.0,4.0,0.0,0.0,0,0,1,0,0,0,1,0,1,0,0,1,1,1,0,0,0,0,0,0,0,0,0,0,0,0,1,0,0,0,0,0,0,0,0,0,1,0,0,0,0,0
70928.0,144.0,3.0,0.0,65535.0,28672.0,20480.0,40960.0,45056.0,4194304.0,4096.0,512.0,94208.0,4096.0,0.0,4096.0,1048576.0,108784.0,4096.0,109056.0,1024.0,93.0,167936.0,512.0,122368.0,26.0,0.0,0.0,0.0,0.0,0.0,7.0,12.0,0,0,1,0,0,0,1,0,0,0,0,0,1,1,0,0,0,0,0,0,0,0,0,0,0,0,1,0,0,0,0,0,0,0,0,0,1,0,0,0,0,0
65536.0,144.0,3.0,0.0,65535.0,40448.0,11776.0,0.0,4096.0,5368709120.0,4096.0,512.0,73728.0,1024.0,117894.0,4096.0,1048576.0,36960.0,4096.0,37376.0,1024.0,4100.0,45056.0,4608.0,38400.0,0.0,0.0,0.0,0.0,0.0,0.0,3.0,91.0,1,1,0,1,0,0,1,0,1,0,0,0,1,0,0,0,0,0,0,0,0,0,0,1,0,0,1,0,0,0,0,0,0,0,0,0,1,0,0,1,0,0
117129.0,144.0,3.0,0.0,65535.0,157696.0,40960.0,0.0,4096.0,4194304.0,4096.0,512.0,212992.0,1024.0,0.0,4096.0,1048576.0,157533.0,4096.0,157696.0,1024.0,23686.0,163840.0,24064.0,158720.0,12.0,0.0,0.0,0.0,0.0,0.0,0.0,0.0,0,0,1,0,0,0,1,0,0,0,0,0,1,1,0,0,0,0,0,0,0,0,0,0,0,0,1,0,0,0,0,0,0,0,0,0,1,0,0,0,0,0
4101.0,120.0,3.0,26723.0,65535.0,140288.0,562176.0,0.0,4096.0,4194304.0,4096.0,512.0,229376.0,1024.0,1296063.0,8192.0,1048576.0,597829.0,4096.0,3348992.0,512.0,93.0,73728.0,512.0,78848.0,6624.0,0.0,0.0,0.0,0.0,0.0,0.0,249.0,1,1,0,1,0,0,0,0,0,0,0,0,0,1,0,0,0,0,0,0,0,0,0,0,0,0,1,0,0,0,0,0,0,0,0,0,1,0,0,0,0,0
1593838.0,144.0,3.0,0.0,65535.0,1585664.0,4608.0,0.0,8192.0,4194304.0,8192.0,512.0,1613824.0,512.0,0.0,4096.0,1048576.0,1585652.0,8192.0,1585664.0,512.0,18288.0,102400.0,18432.0,96768.0,28.0,12.0,0.0,1.0,0.0,1.0,1.0,1.0,0,0,0,0,0,0,1,0,1,0,0,1,1,1,0,0,0,0,0,0,0,0,0,0,0,0,1,0,0,0,0,0,0,0,0,0,1,0,0,0,0,0
486152.0,80.0,2.0,15.0,65535.0,480256.0,2459136.0,0.0,4096.0,4194304.0,4096.0,512.0,2998272.0,1024.0,2959984.0,16384.0,1048576.0,476280.0,4096.0,476672.0,1024.0,24.0,557056.0,512.0,507392.0,24.0,0.0,0.0,0.0,0.0,0.0,9.0,125.0,0,0,1,0,0,0,0,0,0,0,0,0,1,0,0,0,0,0,0,0,0,0,0,0,0,0,1,0,0,0,0,0,0,0,0,0,1,0,0,0,0,0
5114496.0,144.0,3.0,0.0,65535.0,154112.0,211456.0,0.0,4096.0,4194304.0,4096.0,512.0,86016.0,1024.0,0.0,16384.0,1048576.0,32676.0,4096.0,8192.0,1024.0,60720.0,53248.0,4096.0,2782208.0,858.0,1.0,2.0,0.0,0.0,8.0,2.0,110.0,0,0,0,1,0,0,1,0,0,0,0,1,1,1,0,0,0,0,0,0,0,0,0,0,0,0,1,0,0,0,0,0,0,0,0,0,1,0,0,0,0,0
195372.0,144.0,3.0,0.0,65535.0,689152.0,418816.0,0.0,4096.0,5368709120.0,4096.0,512.0,1146880.0,1024.0,1148355.0,4096.0,4194304.0,688773.0,4096.0,689152.0,1024.0,202760.0,696320.0,203264.0,690176.0,0.0,0.0,0.0,0.0,0.0,0.0,18.0,530.0,1,0,1,1,0,0,1,0,1,0,0,0,1,1,0,0,0,0,0,0,0,0,0,0,0,0,1,0,0,0,0,0,0,0,0,0,1,0,0,0,0,0
15501838.0,144.0,3.0,0.0,65535.0,15494144.0,113664.0,0.0,8192.0,4194304.0,8192.0,512.0,15630336.0,512.0,15661942.0,4096.0,1048576.0,15493652.0,8192.0,15494144.0,512.0,3978944.0,6754304.0,3979264.0,6745600.0,178.0,0.0,0.0,0.0,0.0,0.0,1.0,1.0,0,0,1,0,0,0,1,0,1,0,0,1,1,1,0,0,0,0,0,0,0,0,0,0,0,0,1,0,0,0,0,0,0,0,0,0,1,0,0,0,0,0
20739.0,144.0,3.0,0.0,65535.0,24576.0,12288.0,0.0,4096.0,4194304.0,4096.0,4096.0,40960.0,4096.0,0.0,4096.0,1048576.0,24412.0,4096.0,24576.0,4096.0,3978.0,8192.0,4096.0,5120.0,8.0,0.0,0.0,0.0,0.0,0.0,1.0,79.0,0,0,1,0,0,0,1,0,0,0,0,1,1,1,0,0,0,0,0,0,0,0,0,0,0,0,1,0,0,0,0,0,0,0,0,0,1,0,0,0,0,0
65748.0,144.0,3.0,0.0,65535.0,6144.0,47104.0,0.0,4096.0,4194304.0,4096.0,512.0,104208.0,1024.0,0.0,4096.0,1048576.0,64779.0,4096.0,65024.0,1024.0,26302.0,69632.0,26624.0,66048.0,15.0,0.0,0.0,0.0,0.0,2.0,3.0,4.0,0,0,1,0,0,0,1,0,0,0,0,0,1,1,0,0,0,0,0,0,0,0,0,0,0,0,1,0,0,0,0,0,0,0,0,0,1,0,0,0,0,0
11098.0,144.0,3.0,0.0,65535.0,3072.0,2048.0,0.0,8192.0,4194304.0,8192.0,512.0,32768.0,512.0,0.0,4096.0,1048576.0,2912.0,8192.0,3072.0,512.0,1296.0,36864.0,1536.0,26624.0,7292.0,95.0,1.0,40.0,1.0,48.0,1.0,1.0,0,0,1,0,0,0,1,0,1,0,0,1,1,1,0,0,0,0,0,0,0,0,0,0,0,0,1,0,0,0,0,0,0,0,0,0,1,0,0,0,0,0
637076.0,144.0,3.0,0.0,65535.0,668672.0,150016.0,0.0,4096.0,4194304.0,4096.0,512.0,847872.0,1024.0,828802.0,4096.0,1048576.0,668421.0,4096.0,668672.0,1024.0,88510.0,675840.0,88576.0,669696.0,72.0,0.0,0.0,0.0,0.0,0.0,5.0,141.0,0,0,0,0,0,0,0,0,0,0,0,0,1,0,0,0,0,0,0,0,0,0,0,0,0,0,1,0,0,0,0,0,0,0,0,0,1,0,0,0,0,0
148197.0,144.0,3.0,0.0,65535.0,9216.0,12288.0,0.0,8192.0,4194304.0,8192.0,512.0,724992.0,1024.0,0.0,4096.0,1048576.0,917140.0,4096.0,1532928.0,1024.0,77858.0,61440.0,4096.0,2782208.0,761.0,2.0,0.0,0.0,0.0,9.0,4.0,20.0,0,0,1,1,0,0,1,0,1,0,0,1,1,1,0,0,0,0,0,0,0,0,0,0,0,0,1,0,0,0,0,0,0,0,0,0,1,0,0,0,0,0
148197.0,80.0,3.0,15.0,65535.0,66560.0,675840.0,0.0,4096.0,4194304.0,4096.0,512.0,237568.0,512.0,0.0,4096.0,1048576.0,3708.0,4096.0,372224.0,4096.0,188686.0,53248.0,12288.0,26112.0,78.0,0.0,0.0,0.0,0.0,12.0,2.0,0.0,0,0,0,0,0,0,1,0,0,0,0,1,1,1,0,0,0,0,0,0,0,0,0,0,0,0,1,0,0,0,0,0,0,0,0,0,1,0,0,0,0,0
38233.0,144.0,3.0,0.0,65535.0,658432.0,248832.0,0.0,4096.0,4194304.0,4096.0,512.0,929792.0,1024.0,0.0,4096.0,1048576.0,589843.0,73728.0,590336.0,69120.0,79336.0,667648.0,79360.0,659456.0,1532.0,0.0,0.0,0.0,0.0,0.0,11.0,365.0,0,0,1,0,0,0,0,0,0,0,0,0,1,1,0,0,0,0,0,0,0,0,0,0,0,0,1,0,0,0,0,0,0,0,0,0,1,0,0,0,0,0
29654.0,144.0,3.0,0.0,65535.0,21504.0,2048.0,0.0,8192.0,4194304.0,8192.0,512.0,49152.0,512.0,0.0,4096.0,1048576.0,21468.0,8192.0,21504.0,512.0,13224.0,77824.0,13312.0,71168.0,26.0,0.0,0.0,0.0,0.0,4.0,1.0,1.0,0,0,0,0,0,0,1,0,1,0,0,1,1,1,0,0,0,0,0,0,0,0,0,0,0,0,1,0,0,0,0,0,0,0,0,0,1,0,0,0,0,0
5307.0,144.0,3.0,0.0,65535.0,73728.0,38912.0,0.0,4096.0,4194304.0,4096.0,512.0,118784.0,1024.0,0.0,4096.0,1048576.0,73603.0,4096.0,73728.0,1024.0,28064.0,77824.0,28160.0,74752.0,1.0,0.0,0.0,0.0,0.0,3.0,1.0,76.0,0,0,0,0,0,0,1,0,0,0,0,0,1,1,0,0,0,0,0,0,0,0,0,0,0,0,1,0,0,0,0,0,0,0,0,0,1,0,0,0,0,0
672592.0,80.0,3.0,0.0,65535.0,28672.0,65536.0,0.0,4096.0,4194304.0,8192.0,512.0,32768.0,512.0,0.0,4096.0,1048576.0,41139.0,4096.0,3072.0,1024.0,207676.0,172032.0,512.0,37888.0,4715.0,0.0,0.0,0.0,0.0,0.0,2.0,21.0,0,0,1,0,0,0,1,0,0,0,0,0,0,1,0,0,0,0,0,0,0,0,0,0,0,0,1,0,0,0,0,0,0,0,0,0,1,0,0,0,0,0
672592.0,0.0,3.0,0.0,65535.0,69120.0,177664.0,0.0,4096.0,4194304.0,4096.0,512.0,290816.0,1024.0,0.0,16384.0,1048576.0,5134.0,4096.0,4594688.0,1024.0,228092.0,172032.0,4096.0,653824.0,1144.0,2.0,2.0,0.0,0.0,11.0,7.0,385.0,0,0,1,1,0,0,1,0,0,0,0,1,1,1,0,0,0,0,1,0,0,0,0,0,0,0,1,0,0,0,0,0,0,0,0,0,1,0,0,0,0,0
410992.0,144.0,3.0,0.0,65535.0,2461696.0,219136.0,0.0,4096.0,4194304.0,4096.0,512.0,7536640.0,1024.0,0.0,4096.0,1048576.0,2461481.0,4096.0,2461696.0,1024.0,2191196.0,2465792.0,2191360.0,2462720.0,464.0,0.0,0.0,0.0,0.0,4.0,1.0,39.0,0,0,0,0,0,0,1,0,0,0,0,0,1,1,0,0,0,0,0,0,0,0,0,0,0,0,1,0,0,0,0,0,0,0,0,0,1,0,0,0,0,0
4096.0,144.0,3.0,0.0,65535.0,4240384.0,4114432.0,0.0,4096.0,4194304.0,4096.0,512.0,4005888.0,512.0,100097.0,4096.0,1048576.0,318468.0,4096.0,4840960.0,4096.0,60720.0,196608.0,244736.0,69632.0,0.0,0.0,0.0,0.0,0.0,3.0,1.0,15.0,0,0,1,1,0,0,1,0,0,0,0,1,1,1,0,0,0,0,0,0,0,0,0,0,0,0,1,0,0,0,0,0,0,0,0,0,1,0,0,0,0,0
10780.0,80.0,2.0,15.0,65535.0,7151616.0,1421312.0,0.0,4096.0,4194304.0,4096.0,512.0,9285632.0,1536.0,0.0,8192.0,1048576.0,7151616.0,4096.0,7148032.0,1536.0,4096.0,8581120.0,512.0,8026112.0,131.0,0.0,0.0,0.0,0.0,3.0,22.0,621.0,0,0,1,0,0,0,0,0,1,0,0,0,1,1,0,0,0,0,0,0,0,0,0,0,0,0,1,0,0,0,0,0,0,0,0,0,1,0,0,0,0,0
4894.0,144.0,3.0,0.0,65535.0,2560.0,3584.0,0.0,4096.0,4194304.0,4096.0,512.0,24576.0,1024.0,9857.0,4096.0,1048576.0,2158.0,4096.0,2560.0,1024.0,1480.0,8192.0,1536.0,3584.0,1.0,0.0,0.0,1.0,0.0,1.0,2.0,40.0,0,0,1,0,0,0,1,0,0,0,0,0,1,1,0,0,0,0,0,0,0,0,0,0,0,0,1,0,0,0,0,0,0,0,0,0,1,0,0,0,0,0
1264776.0,144.0,3.0,0.0,65535.0,2191872.0,2088448.0,0.0,4096.0,5368709120.0,4096.0,512.0,4308992.0,1024.0,4342107.0,4096.0,1048576.0,2191416.0,4096.0,2191872.0,1024.0,1111652.0,2199552.0,1112064.0,2192896.0,12.0,0.0,0.0,0.0,0.0,0.0,0.0,0.0,1,0,1,1,0,0,1,0,1,0,0,0,1,1,0,0,0,0,0,0,0,0,0,0,0,0,1,0,0,0,0,0,0,0,0,0,1,0,0,0,0,0
1351140.0,144.0,3.0,0.0,65535.0,1369600.0,391680.0,0.0,4096.0,4194304.0,4096.0,512.0,1785856.0,1024.0,1802521.0,4096.0,1048576.0,1369128.0,4096.0,1369600.0,1024.0,234016.0,1376256.0,234496.0,1370624.0,47.0,0.0,0.0,0.0,0.0,3.0,12.0,321.0,0,0,1,0,0,0,1,0,0,0,0,0,1,0,0,0,0,0,0,0,0,0,0,0,0,0,1,0,0,0,0,0,0,0,0,0,1,0,0,0,0,0
4387.0,80.0,2.0,0.0,65535.0,8192.0,0.0,0.0,4096.0,4194304.0,4096.0,4096.0,155648.0,4096.0,0.0,0.0,1048576.0,6778.0,4096.0,8192.0,4096.0,6234.0,90112.0,8192.0,90112.0,4.0,0.0,0.0,0.0,0.0,0.0,4.0,54.0,0,0,1,0,0,0,1,0,0,0,0,0,1,1,0,0,0,0,0,0,0,0,0,0,0,0,1,0,0,0,0,0,0,0,0,0,1,0,0,0,0,0
8063153.0,144.0,3.0,0.0,0.0,122880.0,166400.0,0.0,4096.0,4194304.0,4096.0,512.0,577536.0,1024.0,0.0,4096.0,1048576.0,48176.0,4096.0,94720.0,0.0,990.0,172032.0,5618688.0,467456.0,0.0,0.0,0.0,0.0,0.0,8.0,2.0,240.0,0,0,0,0,0,0,1,0,0,0,0,0,1,1,0,0,0,0,0,0,0,0,0,0,0,0,1,1,0,0,0,0,0,0,0,0,1,0,0,0,0,0
304822.0,144.0,3.0,0.0,65535.0,600064.0,2048.0,0.0,8192.0,4194304.0,8192.0,512.0,2875392.0,1024.0,0.0,4096.0,1048576.0,599712.0,8192.0,0.0,0.0,195490.0,643072.0,195584.0,637440.0,268.0,0.0,0.0,0.0,0.0,11.0,0.0,0.0,1,0,1,1,0,0,1,0,1,0,0,1,1,1,0,0,0,0,0,0,0,0,0,0,0,0,1,0,0,0,0,0,0,0,0,0,1,0,0,0,0,0
2289696.0,144.0,3.0,0.0,65535.0,561152.0,12288.0,1728512.0,1732608.0,4194304.0,4096.0,512.0,2306048.0,4096.0,0.0,4096.0,1048576.0,11549.0,4096.0,11776.0,1024.0,7048.0,16384.0,7168.0,12800.0,120.0,0.0,0.0,0.0,0.0,0.0,6.0,9.0,0,0,1,0,0,0,0,0,0,0,0,0,1,1,0,0,0,0,0,0,0,0,0,0,0,0,1,0,0,0,0,0,0,0,0,0,1,0,0,0,0,0
129424.0,96.0,1.0,0.0,65535.0,127488.0,54272.0,0.0,4096.0,5368709120.0,4096.0,512.0,204800.0,1024.0,2442227.0,4096.0,1048576.0,127024.0,4096.0,127488.0,1024.0,23218.0,135168.0,23552.0,128512.0,0.0,0.0,0.0,0.0,0.0,0.0,9.0,217.0,1,0,1,1,0,0,0,0,0,0,0,0,0,1,0,0,0,0,0,0,0,0,0,0,0,0,1,0,0,0,0,0,0,0,0,0,1,0,0,0,0,0
180309.0,144.0,3.0,0.0,65535.0,395776.0,85504.0,0.0,4096.0,4194304.0,4096.0,512.0,679936.0,1024.0,0.0,4096.0,1048576.0,395762.0,180224.0,395776.0,1024.0,50691.0,577536.0,51200.0,396800.0,60.0,0.0,0.0,0.0,0.0,0.0,8.0,246.0,0,0,1,0,0,0,1,0,0,0,0,0,1,1,0,0,0,0,0,0,0,0,0,0,0,0,1,0,0,0,0,0,0,0,0,0,1,0,0,0,0,0
4096.0,144.0,3.0,0.0,65535.0,70656.0,22528.0,0.0,4096.0,4194304.0,4096.0,512.0,110592.0,1024.0,0.0,4096.0,1048576.0,55650.0,20480.0,55808.0,15872.0,13221.0,77824.0,13312.0,71680.0,11952.0,0.0,0.0,11.0,5.0,21.0,9.0,134.0,0,0,0,0,0,0,1,0,0,0,0,0,0,1,0,0,0,0,0,0,0,0,0,0,0,0,1,0,0,0,0,0,0,0,0,0,1,0,0,0,0,0
603370.0,144.0,3.0,0.0,65535.0,595456.0,6656.0,0.0,8192.0,4194304.0,8192.0,512.0,622592.0,512.0,0.0,4096.0,1048576.0,595184.0,8192.0,595456.0,512.0,93.0,6651904.0,0.0,0.0,28.0,0.0,0.0,2.0,0.0,5.0,1.0,1.0,0,0,1,0,0,0,1,0,1,0,0,1,1,1,0,0,0,0,0,0,0,0,0,0,0,0,1,0,0,0,0,0,0,0,0,0,1,0,0,0,0,0
29643.0,144.0,3.0,0.0,65535.0,73728.0,919552.0,0.0,4096.0,4194304.0,4096.0,512.0,1007616.0,1024.0,1015053.0,4096.0,1048576.0,73507.0,4096.0,73728.0,1024.0,28538.0,77824.0,28672.0,74752.0,14.0,0.0,0.0,0.0,0.0,0.0,8.0,102.0,0,0,1,0,0,0,1,0,0,0,0,0,1,1,0,0,0,0,0,0,0,0,0,0,0,0,1,0,0,0,0,0,0,0,0,0,1,0,0,0,0,0
13829470.0,144.0,3.0,0.0,65535.0,13821440.0,251904.0,0.0,8192.0,4194304.0,8192.0,512.0,14098432.0,512.0,0.0,4096.0,1048576.0,13821284.0,8192.0,13821440.0,512.0,187456.0,774144.0,187904.0,765440.0,68.0,0.0,0.0,0.0,0.0,0.0,1.0,1.0,0,0,1,0,0,0,1,0,1,0,0,1,1,1,0,0,0,0,0,0,0,0,0,0,0,0,1,0,0,0,0,0,0,0,0,0,1,0,0,0,0,0
5716.0,144.0,3.0,0.0,65535.0,184320.0,12288.0,0.0,4096.0,4194304.0,4096.0,4096.0,200704.0,4096.0,219801.0,4096.0,1048576.0,180320.0,4096.0,184320.0,4096.0,422370.0,2228224.0,0.0,0.0,0.0,0.0,0.0,0.0,0.0,0.0,1.0,118.0,0,0,1,0,0,0,1,0,0,0,0,1,1,1,0,0,0,0,0,0,0,0,0,0,0,0,1,0,0,0,0,0,0,0,0,0,1,0,0,0,0,0
4096.0,144.0,3.0,0.0,65535.0,512.0,1024.0,0.0,4096.0,4194304.0,4096.0,512.0,16384.0,1024.0,0.0,4096.0,1048576.0,206.0,4096.0,512.0,1024.0,128.0,8192.0,512.0,1536.0,2.0,0.0,0.0,0.0,0.0,0.0,1.0,3.0,0,0,0,0,0,0,1,0,0,0,0,0,1,1,0,0,0,0,0,0,0,0,0,0,0,0,1,0,0,0,0,0,0,0,0,0,1,0,0,0,0,0
312062.0,144.0,3.0,0.0,65535.0,30720.0,0.0,0.0,4096.0,4194304.0,4096.0,512.0,4734976.0,512.0,0.0,4096.0,1048576.0,56996.0,4096.0,25600.0,1024.0,145892.0,1224704.0,64000.0,2342912.0,791.0,0.0,0.0,0.0,0.0,7.0,8.0,0.0,0,0,0,0,0,0,1,0,0,0,0,0,1,1,0,0,0,0,0,0,0,0,0,0,0,0,1,0,0,0,0,0,0,0,0,0,1,0,0,0,0,0
4096.0,144.0,3.0,0.0,65535.0,70656.0,38912.0,0.0,4096.0,4194304.0,4096.0,512.0,126976.0,1024.0,0.0,4096.0,1048576.0,55650.0,20480.0,55808.0,15872.0,13221.0,77824.0,13312.0,71680.0,112.0,0.0,0.0,0.0,0.0,0.0,9.0,134.0,0,0,0,0,0,0,1,0,0,0,0,0,1,1,0,0,0,0,0,0,0,0,0,0,0,0,1,0,0,0,0,0,0,0,0,0,1,0,0,0,0,0
67760.0,144.0,3.0,0.0,65535.0,69632.0,233472.0,8192.0,4096.0,4194304.0,4096.0,4096.0,610304.0,4096.0,658869.0,4096.0,1048576.0,66596.0,4096.0,69632.0,4096.0,5584.0,77824.0,8192.0,77824.0,94.0,0.0,3.0,0.0,0.0,3.0,6.0,165.0,0,0,1,0,0,0,1,0,0,0,0,0,1,0,0,0,0,0,1,0,0,0,0,0,0,0,1,0,0,0,0,0,0,0,0,0,1,0,0,0,0,0
4791.0,144.0,3.0,0.0,65535.0,1798144.0,224256.0,0.0,4096.0,4194304.0,8192.0,512.0,1495040.0,1024.0,0.0,4096.0,1048576.0,3920.0,4096.0,1532928.0,15872.0,29232.0,376832.0,512.0,427520.0,0.0,0.0,1.0,1.0,0.0,11.0,7.0,245.0,1,0,1,1,0,0,1,0,0,0,0,1,1,1,0,0,0,0,0,0,0,0,0,0,0,0,1,0,0,0,0,0,0,0,0,0,1,0,0,0,0,0
71327.0,144.0,3.0,0.0,65535.0,512.0,2560.0,0.0,4096.0,4194304.0,4096.0,512.0,20480.0,1024.0,0.0,4096.0,1048576.0,264.0,4096.0,512.0,1024.0,1008.0,8192.0,1024.0,1536.0,0.0,0.0,0.0,0.0,0.0,0.0,2.0,8.0,0,0,0,0,0,0,1,0,0,0,0,1,1,1,0,0,0,0,0,0,0,0,0,0,0,0,1,0,0,0,0,0,0,0,0,0,1,0,0,0,0,0
22734.0,144.0,3.0,0.0,65535.0,14848.0,194560.0,0.0,8192.0,4194304.0,8192.0,512.0,229376.0,512.0,0.0,4096.0,1048576.0,14548.0,8192.0,14848.0,512.0,2438.0,69632.0,2560.0,60416.0,516.0,28.0,0.0,0.0,0.0,2.0,1.0,1.0,0,0,1,0,0,0,1,0,0,0,0,1,1,1,0,0,0,0,0,0,0,0,0,0,0,0,1,0,0,0,0,0,0,0,0,0,1,0,0,0,0,0
1277688.0,144.0,3.0,0.0,65535.0,12288.0,36864.0,0.0,4096.0,4194304.0,4096.0,4096.0,53248.0,4096.0,0.0,4096.0,1048576.0,11926.0,4096.0,12288.0,4096.0,2290.0,16384.0,4096.0,16384.0,15.0,0.0,0.0,0.0,0.0,3.0,0.0,0.0,0,0,0,0,0,0,1,0,0,0,0,0,1,1,0,0,0,0,0,0,0,0,0,0,0,0,1,0,0,0,0,0,0,0,0,0,1,0,0,0,0,0
13594.0,144.0,3.0,0.0,65535.0,2438144.0,313856.0,0.0,8192.0,4194304.0,4096.0,512.0,106496.0,4096.0,0.0,4096.0,1048576.0,125748.0,4096.0,58880.0,1024.0,191016.0,53248.0,207872.0,26112.0,410.0,2.0,0.0,0.0,0.0,0.0,2.0,14.0,0,0,0,1,0,0,1,0,0,0,0,1,1,1,0,0,0,0,0,0,0,0,0,0,0,0,1,0,0,0,0,0,0,0,0,0,1,0,0,0,0,0
107871.0,144.0,3.0,0.0,65535.0,1798144.0,1669632.0,0.0,4096.0,4194304.0,4096.0,512.0,786432.0,4096.0,0.0,4096.0,1048576.0,4335804.0,4096.0,240640.0,512.0,221704.0,299008.0,207872.0,935424.0,902.0,2.0,0.0,0.0,0.0,11.0,32.0,600.0,0,0,0,0,0,0,1,0,1,0,0,1,1,1,0,0,0,0,0,0,0,0,0,0,0,0,1,0,0,0,0,0,0,0,0,0,1,0,0,0,0,0
112030.0,144.0,3.0,0.0,65535.0,103936.0,1536.0,0.0,8192.0,4194304.0,8192.0,512.0,131072.0,512.0,0.0,4096.0,1048576.0,103844.0,8192.0,103936.0,512.0,1913.0,16384.0,2048.0,9728.0,130.0,0.0,0.0,0.0,0.0,0.0,1.0,1.0,0,0,1,0,0,0,1,0,0,0,0,1,1,1,0,0,0,0,0,0,0,0,0,0,0,0,1,0,0,0,0,0,0,0,0,0,1,0,0,0,0,0
51664.0,144.0,3.0,0.0,65535.0,48128.0,274.0,0.0,16.0,4194304.0,4096.0,512.0,167936.0,512.0,0.0,4096.0,1048576.0,91404.0,4096.0,91648.0,1024.0,32890.0,114688.0,33280.0,108032.0,3.0,0.0,0.0,0.0,0.0,0.0,2.0,9.0,0,0,1,0,0,0,0,0,0,0,0,0,1,1,0,0,0,0,0,0,0,0,0,0,0,0,1,0,0,0,0,0,0,0,0,0,1,0,0,0,0,0
11972.0,144.0,3.0,0.0,65535.0,11776.0,9728.0,0.0,4096.0,4194304.0,4096.0,512.0,36864.0,1024.0,0.0,4096.0,1048576.0,11645.0,4096.0,11776.0,1024.0,6280.0,16384.0,6656.0,12800.0,2284.0,0.0,0.0,0.0,0.0,3.0,10.0,83.0,0,0,0,0,0,0,1,0,0,0,0,0,1,1,0,0,0,0,0,0,0,0,0,0,0,0,1,0,0,0,0,0,0,0,0,0,1,0,0,0,0,0
8396.0,80.0,2.0,15.0,65535.0,5120.0,514048.0,0.0,4096.0,4194304.0,4096.0,512.0,548864.0,1024.0,0.0,16384.0,1048576.0,47518.0,4096.0,47616.0,1024.0,24.0,28672.0,512.0,7680.0,5.0,0.0,0.0,0.0,0.0,3.0,3.0,17.0,0,0,1,0,0,0,0,0,0,0,0,0,0,1,0,0,0,0,0,0,0,0,0,0,0,0,1,0,0,0,0,0,0,0,0,0,1,0,0,0,0,0
2164286.0,144.0,3.0,0.0,65535.0,2156544.0,307200.0,0.0,8192.0,4194304.0,8192.0,512.0,2490368.0,512.0,2510650.0,4096.0,1048576.0,2156100.0,8192.0,2156544.0,512.0,6528.0,28672.0,8192.0,28672.0,4326.0,58.0,288.0,1.0,0.0,2.0,1.0,1.0,0,0,1,0,0,0,1,0,1,0,0,1,1,1,0,0,0,0,0,0,0,0,0,0,0,0,1,0,0,0,0,0,0,0,0,0,1,0,0,0,0,0
644730.0,144.0,3.0,0.0,65535.0,737792.0,2048.0,0.0,8192.0,4194304.0,8192.0,512.0,770048.0,512.0,0.0,4096.0,1048576.0,737756.0,8192.0,737792.0,512.0,6030.0,24576.0,6144.0,19456.0,46.0,0.0,0.0,0.0,0.0,5.0,0.0,0.0,0,0,1,0,0,0,1,0,0,0,0,1,1,1,0,0,0,0,0,0,0,0,0,0,0,0,1,0,0,0,0,0,0,0,0,0,1,0,0,0,0,0
437358.0,144.0,3.0,0.0,65535.0,429568.0,19968.0,0.0,8192.0,4194304.0,8192.0,512.0,475136.0,512.0,0.0,4096.0,1048576.0,429172.0,8192.0,429568.0,512.0,5548.0,118784.0,0.0,0.0,28.0,0.0,0.0,0.0,0.0,0.0,1.0,1.0,0,0,1,0,0,0,1,0,1,0,0,1,1,1,0,0,0,0,0,0,0,0,0,0,0,0,1,0,0,0,0,0,0,0,0,0,1,0,0,1,0,0
417022.0,144.0,3.0,0.0,65535.0,409088.0,372736.0,0.0,8192.0,4194304.0,8192.0,512.0,802816.0,512.0,0.0,4096.0,1048576.0,408836.0,8192.0,409088.0,512.0,3556.0,12288.0,3584.0,9216.0,33.0,0.0,0.0,0.0,0.0,0.0,1.0,1.0,0,0,1,0,0,0,1,0,1,0,0,1,1,1,0,0,0,0,0,0,0,0,0,0,0,0,1,0,0,0,0,0,0,0,0,0,1,0,0,0,0,0
538379.0,144.0,3.0,0.0,65535.0,1925632.0,331264.0,0.0,4096.0,4063232.0,4096.0,4096.0,9494528.0,1024.0,100097.0,4096.0,1048576.0,60392.0,4096.0,94720.0,1024.0,2822.0,8548352.0,4096.0,137216.0,358.0,0.0,0.0,0.0,0.0,0.0,1.0,44.0,1,0,0,1,0,0,1,0,0,0,0,0,1,1,0,0,0,0,0,0,0,0,0,0,0,0,1,0,0,0,0,0,0,0,0,0,1,0,0,0,0,0
72622.0,144.0,3.0,0.0,65535.0,64512.0,65536.0,0.0,8192.0,4194304.0,8192.0,512.0,147456.0,512.0,0.0,4096.0,1048576.0,64436.0,8192.0,64512.0,512.0,45470.0,135168.0,45568.0,129536.0,56.0,0.0,0.0,0.0,0.0,4.0,1.0,1.0,0,0,1,0,0,0,1,0,1,0,0,1,1,1,0,0,0,0,0,0,0,0,0,0,0,0,1,0,0,0,0,0,0,0,0,0,1,0,0,0,0,0
217491.0,144.0,3.0,0.0,65535.0,375808.0,361984.0,0.0,4096.0,4194304.0,4096.0,512.0,757760.0,1024.0,767383.0,4096.0,1048576.0,375772.0,4096.0,375808.0,1024.0,114982.0,380928.0,115200.0,376832.0,256.0,19.0,0.0,0.0,0.0,0.0,11.0,286.0,0,0,1,0,0,0,1,0,0,0,0,0,1,1,0,0,0,0,0,0,0,0,0,0,0,0,1,0,0,0,0,0,0,0,0,0,1,0,0,0,0,0
34286.0,144.0,3.0,0.0,65535.0,26112.0,1536.0,0.0,8192.0,4194304.0,8192.0,512.0,57344.0,512.0,0.0,4096.0,1048576.0,26100.0,8192.0,26112.0,512.0,12894.0,20480.0,13312.0,15872.0,182.0,0.0,0.0,0.0,0.0,0.0,1.0,1.0,0,0,1,0,0,0,1,0,0,0,0,1,1,1,0,0,0,0,0,0,0,0,0,0,0,0,1,0,0,0,0,0,0,0,0,0,1,0,0,0,0,0
12130.0,144.0,3.0,0.0,65535.0,4096.0,2048.0,0.0,8192.0,4194304.0,8192.0,512.0,32768.0,512.0,0.0,4096.0,1048576.0,3944.0,8192.0,4096.0,512.0,41778.0,204800.0,41984.0,199168.0,327.0,0.0,0.0,2.0,0.0,6.0,1.0,1.0,0,0,1,0,0,0,1,0,1,0,0,1,1,1,0,0,0,0,0,0,0,0,0,0,0,0,1,0,0,0,0,0,0,0,0,0,1,0,0,0,0,0
727058.0,144.0,3.0,0.0,65535.0,839168.0,1104896.0,0.0,4096.0,4194304.0,4096.0,512.0,2457600.0,1024.0,1973371.0,4096.0,1048576.0,838832.0,4096.0,839168.0,1024.0,264106.0,843776.0,264192.0,840192.0,151.0,0.0,0.0,0.0,0.0,4.0,11.0,435.0,0,0,1,0,0,0,1,0,0,0,0,0,1,1,0,0,0,0,0,0,0,0,0,0,0,0,1,0,0,0,0,0,0,0,0,0,1,0,0,0,0,0
67552.0,80.0,2.0,15.0,65535.0,16384.0,8192.0,49152.0,53248.0,4194304.0,4096.0,512.0,77824.0,4096.0,0.0,16384.0,1048576.0,10107.0,4096.0,10240.0,1024.0,8738.0,16384.0,9216.0,11264.0,90.0,0.0,0.0,0.0,0.0,0.0,4.0,6.0,0,0,1,0,0,0,1,0,0,0,0,0,1,1,0,0,0,0,0,0,0,0,0,0,0,0,1,0,0,0,0,0,0,0,0,0,1,0,0,0,0,0
8938.0,21061.0,3.0,0.0,65535.0,696320.0,3584.0,0.0,4096.0,4194304.0,8192.0,512.0,630784.0,1024.0,0.0,4096.0,1048576.0,118004.0,4096.0,62464.0,1024.0,89176.0,3833856.0,512.0,106496.0,894.0,0.0,1.0,0.0,0.0,11.0,0.0,18.0,0,0,0,0,0,0,1,0,0,0,0,1,1,1,0,0,0,0,1,0,0,0,0,0,0,0,1,0,0,0,0,0,0,0,0,0,1,0,0,0,0,0
163850.0,144.0,3.0,0.0,65535.0,70656.0,105984.0,0.0,4096.0,4194304.0,4096.0,512.0,57344.0,512.0,0.0,4096.0,1048576.0,256352.0,4096.0,247808.0,4096.0,56636.0,36864.0,12288.0,521216.0,0.0,0.0,1.0,0.0,0.0,11.0,7.0,3.0,0,0,0,0,0,0,1,0,0,0,0,0,1,1,0,0,0,0,0,0,0,0,0,0,0,0,1,0,0,0,0,0,0,0,0,0,1,0,0,0,0,0
40332.0,21061.0,3.0,0.0,65535.0,1483264.0,375296.0,0.0,4096.0,4194304.0,4096.0,512.0,86016.0,1024.0,0.0,4096.0,1048576.0,32676.0,4096.0,94720.0,1024.0,316526.0,172032.0,207872.0,252416.0,0.0,0.0,1.0,0.0,0.0,0.0,1.0,0.0,0,0,0,0,0,0,1,0,0,0,0,1,1,1,0,0,0,0,0,0,0,0,0,0,0,0,1,0,0,0,0,0,0,0,0,0,1,0,0,0,0,0
7428.0,144.0,3.0,0.0,65535.0,48640.0,125952.0,0.0,4096.0,4194304.0,4096.0,512.0,180224.0,1024.0,0.0,4096.0,1048576.0,48231.0,4096.0,48640.0,1024.0,23174.0,53248.0,23552.0,49664.0,4.0,0.0,0.0,0.0,0.0,0.0,1.0,72.0,0,0,1,0,0,0,1,0,0,0,0,0,1,1,0,0,0,0,0,0,0,0,0,0,0,0,1,0,0,0,0,0,0,0,0,0,1,0,0,0,0,0
79696.0,144.0,3.0,0.0,65535.0,97792.0,49152.0,0.0,4096.0,5368709120.0,4096.0,512.0,172032.0,1024.0,0.0,4096.0,1048576.0,97516.0,4096.0,97792.0,1024.0,37578.0,102400.0,37888.0,98816.0,32.0,0.0,0.0,0.0,0.0,0.0,12.0,117.0,1,0,0,1,0,0,1,0,1,0,0,0,1,1,0,0,0,0,0,0,0,0,0,0,0,0,1,0,0,0,0,0,0,0,0,0,1,0,0,0,0,0
4791.0,144.0,3.0,0.0,65535.0,140288.0,3584.0,0.0,8192.0,4194304.0,8192.0,512.0,630784.0,4096.0,0.0,4096.0,1048576.0,1060278.0,4096.0,58880.0,1024.0,60720.0,970752.0,207872.0,432128.0,558.0,0.0,1.0,0.0,0.0,0.0,0.0,0.0,1,0,1,0,0,0,1,0,0,0,0,1,1,1,0,0,0,0,0,0,0,0,0,0,0,0,1,0,0,0,0,0,0,0,0,0,1,0,0,0,0,0
147780.0,144.0,3.0,0.0,65535.0,151552.0,154112.0,0.0,4096.0,5368709120.0,4096.0,512.0,315392.0,1024.0,0.0,4096.0,1048576.0,151259.0,4096.0,151552.0,1024.0,78890.0,155648.0,79360.0,152576.0,0.0,0.0,0.0,0.0,0.0,0.0,14.0,354.0,1,0,1,1,0,0,1,0,1,0,0,0,1,1,0,0,0,0,0,0,0,0,0,0,0,0,1,0,0,0,0,0,0,0,0,0,1,0,0,0,0,0
872576.0,144.0,3.0,0.0,65535.0,1094656.0,521728.0,0.0,4096.0,4194304.0,4096.0,512.0,1634304.0,1024.0,1665171.0,4096.0,1048576.0,1026575.0,4096.0,1027072.0,1024.0,310038.0,1101824.0,310272.0,1095680.0,0.0,0.0,0.0,0.0,0.0,0.0,11.0,300.0,0,0,1,0,0,0,1,0,0,0,0,0,1,1,0,0,0,0,0,0,0,0,0,0,0,0,1,0,0,0,0,0,0,0,0,0,1,0,0,0,0,0
107871.0,144.0,3.0,0.0,65535.0,201216.0,313856.0,0.0,4096.0,4194304.0,8192.0,512.0,155648.0,1024.0,0.0,4096.0,1048576.0,264776.0,8192.0,45056.0,4096.0,608.0,36864.0,99328.0,37888.0,897.0,2.0,1.0,0.0,0.0,97.0,1.0,218.0,0,0,0,1,0,0,0,0,0,0,0,0,1,0,0,0,0,0,0,0,0,0,0,0,0,0,1,0,0,0,0,0,0,0,0,0,1,0,0,0,0,0
1427589.0,144.0,3.0,0.0,65535.0,1649664.0,1106432.0,0.0,4096.0,4194304.0,4096.0,512.0,2805760.0,1024.0,2774998.0,4096.0,1048576.0,1649417.0,4096.0,1649664.0,1024.0,384596.0,1654784.0,385024.0,1650688.0,30.0,0.0,0.0,0.0,0.0,0.0,17.0,604.0,0,0,1,0,0,0,1,0,0,0,0,0,1,1,0,0,0,0,0,0,0,0,0,0,0,0,1,0,0,0,0,0,0,0,0,0,1,0,0,0,0,0
163850.0,80.0,3.0,0.0,65535.0,28672.0,12861440.0,0.0,4096.0,4194304.0,4096.0,512.0,925696.0,1024.0,0.0,4096.0,1048576.0,1060278.0,4096.0,94720.0,1024.0,137962.0,36864.0,4096.0,113664.0,0.0,0.0,2.0,0.0,0.0,0.0,0.0,0.0,0,0,0,0,0,0,1,0,1,0,0,1,1,1,0,0,0,0,0,0,0,0,0,0,0,0,1,0,0,0,0,0,0,0,0,0,1,0,0,0,0,0
5551.0,144.0,3.0,0.0,65535.0,36864.0,20480.0,0.0,4096.0,4194304.0,4096.0,4096.0,69632.0,4096.0,123477.0,4096.0,1048576.0,35252.0,4096.0,36864.0,4096.0,10010.0,40960.0,12288.0,40960.0,684.0,0.0,0.0,0.0,0.0,3.0,3.0,77.0,0,0,1,0,0,0,1,0,1,0,0,1,1,1,0,0,0,0,0,0,0,0,0,0,0,0,1,0,0,0,0,0,0,0,0,0,1,0,0,0,0,0
163850.0,144.0,3.0,0.0,65535.0,37376.0,2048.0,0.0,4096.0,4194304.0,4096.0,512.0,40960.0,1024.0,0.0,4096.0,1048576.0,51972.0,8192.0,8791552.0,1024.0,24.0,163840.0,12288.0,166912.0,886.0,3.0,2.0,0.0,0.0,11.0,1.0,18.0,0,0,1,1,0,0,1,0,0,0,0,0,1,1,0,0,0,0,0,0,0,0,0,0,0,0,1,0,0,0,0,0,0,0,0,0,1,0,0,0,0,0
90896.0,144.0,3.0,0.0,65535.0,491008.0,766464.0,287744.0,4096.0,4194304.0,4096.0,512.0,1105920.0,1536.0,889255.0,4096.0,1048576.0,490756.0,4096.0,491008.0,1536.0,39312.0,499712.0,39424.0,493056.0,58.0,0.0,0.0,1.0,0.0,1.0,0.0,0.0,0,0,1,0,0,0,1,0,0,0,0,0,1,0,0,0,0,0,1,0,0,0,0,0,0,0,1,0,0,0,0,0,0,0,0,0,1,0,0,0,0,0
5332480.0,144.0,3.0,0.0,65535.0,1703424.0,1669632.0,0.0,4096.0,5368709120.0,4096.0,512.0,15675392.0,1024.0,100097.0,4096.0,1048576.0,652338.0,4096.0,3118080.0,1024.0,15314.0,253952.0,59904.0,4019200.0,0.0,3.0,0.0,0.0,0.0,0.0,1.0,0.0,1,1,0,1,0,0,1,0,0,0,0,1,1,1,0,0,0,0,1,0,0,0,0,0,0,0,1,1,0,0,0,0,0,0,0,0,1,0,0,0,0,0
305920.0,144.0,3.0,0.0,65535.0,3171840.0,166912.0,0.0,4096.0,4194304.0,4096.0,512.0,3497984.0,1024.0,3427896.0,4096.0,1048576.0,3171588.0,4096.0,3171840.0,1024.0,35158.0,114688.0,35328.0,110080.0,163.0,0.0,0.0,0.0,0.0,0.0,3.0,36.0,0,0,1,0,0,0,1,0,0,0,0,1,1,1,0,0,0,0,1,0,0,0,0,0,0,0,1,0,0,0,0,0,0,0,0,0,1,0,0,0,0,0
5423.0,144.0,3.0,0.0,65535.0,4096.0,42496.0,0.0,4096.0,4194304.0,4096.0,512.0,61440.0,1024.0,0.0,4096.0,1048576.0,4000.0,4096.0,4096.0,1024.0,3184.0,8192.0,3584.0,5120.0,2.0,0.0,0.0,0.0,0.0,0.0,8.0,51.0,0,0,1,0,0,0,1,0,0,0,0,0,1,1,0,0,0,0,0,0,0,0,0,0,0,0,1,0,0,0,0,0,0,0,0,0,1,0,0,0,0,0
9278.0,144.0,3.0,0.0,65535.0,1536.0,2048.0,0.0,8192.0,4194304.0,8192.0,512.0,32768.0,512.0,0.0,4096.0,1048576.0,1092.0,8192.0,1536.0,512.0,24.0,2314240.0,0.0,0.0,467.0,0.0,0.0,1.0,0.0,5.0,1.0,1.0,0,0,0,0,0,0,1,0,0,0,0,1,1,1,0,0,0,0,0,0,0,0,0,0,0,0,1,0,0,0,0,0,0,0,0,0,1,0,0,0,0,0
52527.0,144.0,3.0,0.0,65535.0,104448.0,2637312.0,0.0,4096.0,4194304.0,4096.0,512.0,2760704.0,1024.0,146427.0,4096.0,1048576.0,104216.0,4096.0,104448.0,1024.0,28084.0,110592.0,28160.0,105472.0,94.0,0.0,0.0,0.0,0.0,0.0,3.0,94.0,0,0,1,0,0,0,0,0,0,0,0,0,0,1,0,0,0,0,0,0,0,0,0,0,0,0,1,0,0,0,0,0,0,0,0,0,1,0,0,0,0,0
380739.0,144.0,3.0,0.0,65535.0,359424.0,6144.0,0.0,8192.0,4194304.0,8192.0,512.0,950272.0,1024.0,0.0,4096.0,1048576.0,358988.0,8192.0,0.0,0.0,75342.0,217088.0,75776.0,211968.0,28.0,0.0,0.0,1.0,0.0,2.0,1.0,1.0,0,0,1,0,0,0,1,0,1,0,0,1,1,1,0,0,0,0,0,0,0,0,0,0,0,0,1,0,0,0,0,0,0,0,0,0,1,0,0,0,0,0
35012.0,144.0,3.0,0.0,65535.0,136192.0,247808.0,0.0,4096.0,5368709120.0,4096.0,512.0,462848.0,1024.0,0.0,4096.0,1048576.0,135824.0,4096.0,136192.0,1024.0,62408.0,143360.0,62464.0,137216.0,0.0,0.0,0.0,0.0,0.0,0.0,2.0,96.0,1,0,0,1,0,0,1,0,1,0,0,0,1,1,0,0,0,0,0,0,0,0,0,0,0,0,1,0,0,0,0,0,0,0,0,0,1,0,0,0,0,0
741662.0,144.0,3.0,0.0,65535.0,733696.0,34816.0,0.0,8192.0,4194304.0,8192.0,512.0,794624.0,512.0,826983.0,4096.0,1048576.0,733476.0,8192.0,733696.0,512.0,567556.0,4857856.0,567808.0,3298816.0,93.0,0.0,2.0,0.0,0.0,0.0,1.0,1.0,0,0,1,0,0,0,1,0,1,0,0,1,1,1,0,0,0,0,0,0,0,0,0,0,0,0,1,0,0,0,0,0,0,0,0,0,1,0,0,0,0,0
4832.0,144.0,3.0,0.0,65535.0,12800.0,21504.0,512.0,4096.0,4194304.0,4096.0,512.0,73728.0,1024.0,98212.0,4096.0,1048576.0,12652.0,4096.0,12800.0,1024.0,812.0,24576.0,1024.0,14336.0,1.0,0.0,0.0,0.0,0.0,0.0,7.0,48.0,0,0,0,0,0,0,1,0,0,0,0,1,1,1,0,0,0,0,1,0,0,0,0,0,0,0,1,0,0,0,0,0,0,0,0,0,1,0,0,0,0,0
75130.0,144.0,3.0,0.0,65535.0,118784.0,602112.0,0.0,4096.0,4194304.0,4096.0,4096.0,724992.0,4096.0,232373.0,4096.0,1048576.0,116820.0,4096.0,118784.0,4096.0,19448.0,122880.0,20480.0,122880.0,38.0,0.0,0.0,0.0,0.0,0.0,8.0,127.0,0,0,1,0,0,0,1,0,1,0,0,0,0,1,0,0,0,0,0,0,0,0,0,0,0,0,1,0,0,0,0,0,0,0,0,0,1,0,0,0,0,0
29680.0,144.0,3.0,0.0,65535.0,8192.0,4096.0,20480.0,24576.0,268435456.0,4096.0,512.0,36864.0,4096.0,0.0,4096.0,1048576.0,457564.0,4096.0,457728.0,1024.0,140922.0,462848.0,141312.0,458752.0,0.0,0.0,0.0,0.0,0.0,0.0,0.0,0.0,0,0,1,0,0,0,1,0,1,0,0,1,1,1,0,0,0,0,0,0,0,0,0,0,0,0,1,0,0,0,0,0,0,0,0,0,1,0,0,0,0,0
12513391.0,144.0,3.0,0.0,65535.0,2483712.0,1008128.0,0.0,4096.0,5368709120.0,4096.0,512.0,14270464.0,1024.0,0.0,4096.0,1048576.0,2483212.0,4096.0,0.0,0.0,807720.0,2490368.0,0.0,0.0,0.0,0.0,0.0,0.0,0.0,0.0,12.0,12.0,1,0,0,1,0,0,1,0,1,0,0,0,1,1,0,0,0,0,0,0,0,0,0,0,0,0,1,0,0,0,0,0,0,0,0,0,1,0,0,0,0,0
2107353.0,144.0,3.0,0.0,65535.0,2228224.0,5038080.0,0.0,4096.0,4194304.0,4096.0,4096.0,7270400.0,4096.0,6328014.0,4096.0,1048576.0,2226320.0,4096.0,2228224.0,4096.0,149284.0,2232320.0,151552.0,2232320.0,12.0,0.0,0.0,0.0,0.0,0.0,0.0,0.0,0,0,1,0,0,0,0,0,0,0,0,0,0,1,0,0,0,0,0,0,0,0,0,0,0,0,1,0,0,0,0,0,0,0,0,0,1,0,0,0,0,0
887854.0,144.0,3.0,0.0,65535.0,880128.0,6656.0,0.0,8192.0,4194304.0,8192.0,512.0,917504.0,1024.0,0.0,4096.0,1048576.0,879668.0,8192.0,880128.0,1024.0,5686.0,12288.0,6144.0,5632.0,0.0,0.0,0.0,0.0,0.0,0.0,0.0,0.0,0,0,1,0,0,0,1,0,0,0,0,1,1,1,0,0,0,0,0,0,0,0,0,0,0,0,1,0,0,0,0,0,0,0,0,0,1,0,0,0,0,0
83084.0,144.0,3.0,0.0,65535.0,221696.0,21504.0,0.0,32768.0,4194304.0,8192.0,512.0,270336.0,512.0,307739.0,4096.0,1048576.0,221332.0,32768.0,221696.0,21504.0,358776.0,69632.0,358912.0,63488.0,268.0,0.0,0.0,0.0,0.0,0.0,1.0,1.0,0,0,1,0,0,0,1,0,0,0,0,1,1,1,0,0,0,0,0,0,0,0,0,0,0,0,1,0,0,0,0,0,0,0,0,0,1,0,0,0,0,0
40240.0,144.0,3.0,0.0,65535.0,144896.0,146944.0,0.0,4096.0,5368709120.0,4096.0,512.0,376832.0,1024.0,17418731.0,4096.0,1048576.0,144864.0,4096.0,144896.0,1024.0,70908.0,151552.0,71168.0,145920.0,0.0,0.0,0.0,0.0,0.0,0.0,2.0,98.0,1,0,0,1,0,0,1,0,1,0,0,0,1,1,0,0,0,0,0,0,0,0,0,0,0,0,1,0,0,0,0,0,0,0,0,0,1,0,0,0,0,0
929486.0,144.0,3.0,0.0,65535.0,921600.0,3584.0,0.0,8192.0,4194304.0,8192.0,512.0,950272.0,512.0,0.0,4096.0,1048576.0,921300.0,8192.0,921600.0,512.0,643214.0,1085440.0,643584.0,1081344.0,37.0,0.0,0.0,0.0,0.0,0.0,1.0,1.0,0,0,1,0,0,0,1,0,1,0,0,1,1,1,0,0,0,0,0,0,0,0,0,0,0,0,1,0,0,0,0,0,0,0,0,0,1,0,0,0,0,0
6959732.0,144.0,3.0,0.0,65535.0,690688.0,260096.0,0.0,4096.0,5368709120.0,4096.0,512.0,14467072.0,1024.0,0.0,4096.0,1048576.0,690328.0,4096.0,0.0,0.0,108946.0,696320.0,0.0,0.0,0.0,0.0,0.0,0.0,0.0,0.0,9.0,9.0,1,0,1,1,0,0,1,0,1,0,0,0,1,1,0,0,0,0,0,0,0,0,0,0,0,0,1,0,0,0,0,0,0,0,0,0,1,0,0,0,0,0
14086.0,144.0,3.0,0.0,65535.0,6144.0,9728.0,0.0,8192.0,4194304.0,8192.0,512.0,40960.0,512.0,0.0,4096.0,1048576.0,5900.0,8192.0,6144.0,512.0,195490.0,643072.0,195584.0,637440.0,37.0,0.0,0.0,0.0,0.0,4.0,1.0,1.0,0,0,1,0,0,0,1,0,1,0,0,1,1,1,0,0,0,0,0,0,0,0,0,0,0,0,1,0,0,0,0,0,0,0,0,0,1,0,0,0,0,0
1081886.0,144.0,3.0,0.0,65535.0,1074176.0,70144.0,0.0,8192.0,7143424.0,8192.0,512.0,1171456.0,512.0,1204825.0,4096.0,1048576.0,1073700.0,8192.0,1074176.0,512.0,10898.0,32768.0,11264.0,29696.0,45.0,0.0,0.0,0.0,0.0,4.0,1.0,1.0,0,0,1,0,0,0,1,0,1,0,0,0,0,1,0,0,0,0,0,0,0,0,0,0,0,0,1,0,0,0,0,0,0,0,0,0,1,0,0,0,0,0
407360.0,144.0,3.0,0.0,65535.0,1276416.0,183808.0,0.0,4096.0,5368709120.0,4096.0,512.0,15675392.0,1024.0,100097.0,4096.0,1048576.0,4180.0,4096.0,541184.0,1024.0,5788.0,2396160.0,2144256.0,1644032.0,0.0,0.0,1.0,0.0,0.0,0.0,0.0,0.0,1,0,0,1,0,0,1,0,1,0,0,0,1,1,0,0,0,0,0,0,0,0,0,0,0,0,1,1,0,0,0,0,0,0,0,0,1,0,0,0,0,0
107871.0,0.0,3.0,0.0,65535.0,239616.0,0.0,0.0,4096.0,4194304.0,4096.0,512.0,696320.0,1024.0,0.0,4096.0,1048576.0,682086.0,4096.0,28160.0,1024.0,4933254.0,36864.0,4096.0,37888.0,0.0,1.0,0.0,0.0,0.0,0.0,0.0,49.0,1,0,1,1,0,0,1,0,0,0,0,1,1,1,0,0,0,0,1,0,0,0,0,0,0,0,1,0,0,0,0,0,0,0,0,0,1,0,0,0,0,0
950446.0,144.0,3.0,0.0,65535.0,942592.0,1536.0,0.0,8192.0,4194304.0,8192.0,512.0,974848.0,512.0,966047.0,4096.0,1048576.0,942260.0,8192.0,942592.0,512.0,3596276.0,8798208.0,3596288.0,8792576.0,90.0,0.0,0.0,0.0,0.0,5.0,1.0,1.0,0,0,1,0,0,0,1,0,0,0,0,1,1,1,0,0,0,0,0,0,0,0,0,0,0,0,1,0,0,0,0,0,0,0,0,0,1,0,0,0,0,0
13218.0,144.0,3.0,0.0,65535.0,5120.0,2048.0,0.0,8192.0,4194304.0,8192.0,512.0,32768.0,512.0,0.0,4096.0,1048576.0,5032.0,8192.0,5120.0,512.0,23366.0,49152.0,23552.0,44032.0,28.0,0.0,0.0,0.0,0.0,3.0,1.0,1.0,0,0,1,0,0,0,1,0,1,0,0,1,1,1,0,0,0,0,0,0,0,0,0,0,0,0,1,0,0,0,0,0,0,0,0,0,1,0,0,0,0,0
2859009.0,144.0,3.0,0.0,65535.0,151552.0,192512.0,0.0,4096.0,4194304.0,4096.0,4096.0,348160.0,4096.0,415440.0,4096.0,1048576.0,148952.0,4096.0,151552.0,4096.0,12390.0,61440.0,12800.0,54784.0,4321.0,32.0,4.0,25.0,18.0,21.0,0.0,0.0,0,0,1,0,0,0,1,0,0,0,0,0,1,1,0,0,0,0,0,0,0,0,0,0,0,0,1,0,0,0,0,0,0,0,0,0,1,0,0,0,0,0
15261784.0,144.0,3.0,0.0,65535.0,190464.0,6372864.0,0.0,4096.0,4194304.0,4096.0,512.0,20365312.0,1536.0,11421790.0,4096.0,1048576.0,10836.0,8192.0,11264.0,512.0,24648.0,61440.0,25088.0,56832.0,0.0,0.0,0.0,0.0,0.0,0.0,20.0,20.0,0,0,1,0,0,0,1,0,0,0,0,0,1,1,0,0,0,0,0,0,0,0,0,0,0,0,1,0,0,0,0,0,0,0,0,0,1,0,0,0,0,0
163850.0,144.0,3.0,0.0,65535.0,2438144.0,449024.0,0.0,4096.0,4194304.0,4096.0,512.0,126976.0,4096.0,0.0,4096.0,1048576.0,353315.0,4096.0,23040.0,1024.0,31434.0,1273856.0,99328.0,9183232.0,6621.0,273.0,0.0,0.0,0.0,12.0,0.0,20.0,0,0,0,0,0,0,1,0,0,0,0,0,1,1,0,0,0,0,0,0,0,0,0,0,0,0,1,0,0,0,0,0,0,0,0,0,1,0,0,0,0,0
755776.0,13368.0,13618.0,0.0,65535.0,253952.0,8192.0,499712.0,503808.0,4194304.0,4096.0,512.0,765952.0,4096.0,0.0,4096.0,1048576.0,691274.0,4096.0,692224.0,4096.0,135166.0,696320.0,135168.0,696320.0,0.0,0.0,0.0,0.0,0.0,0.0,12.0,17.0,0,0,1,0,0,0,0,0,0,0,0,0,0,1,0,0,0,0,0,0,0,0,0,0,0,0,1,0,0,0,0,0,0,0,0,0,1,0,0,0,0,0
15204912.0,144.0,3.0,0.0,65535.0,249856.0,110592.0,0.0,4096.0,5368709120.0,4096.0,512.0,15212544.0,1024.0,0.0,8192.0,2097152.0,153348.0,4096.0,153600.0,1024.0,65498.0,159744.0,65536.0,154624.0,0.0,0.0,0.0,0.0,0.0,0.0,9.0,12.0,1,0,0,1,0,0,1,0,1,0,0,0,0,1,0,0,0,0,0,0,0,0,0,0,0,0,1,0,0,0,0,0,0,0,0,0,1,0,0,0,0,0
8302064.0,144.0,3.0,0.0,65535.0,512.0,1024.0,0.0,4096.0,4194304.0,4096.0,512.0,16384.0,1024.0,22055.0,4096.0,1048576.0,38.0,4096.0,512.0,1024.0,146.0,8192.0,512.0,1536.0,110.0,0.0,0.0,0.0,0.0,3.0,0.0,0.0,0,0,1,0,0,0,1,0,0,0,0,0,1,1,0,0,0,0,0,0,0,0,0,0,0,0,1,0,0,0,0,0,0,0,0,0,1,0,0,0,0,0
15370.0,144.0,3.0,0.0,65535.0,7680.0,2048.0,0.0,8192.0,4194304.0,8192.0,512.0,32768.0,512.0,0.0,4096.0,1048576.0,7184.0,8192.0,7680.0,512.0,2572.0,315392.0,3072.0,309760.0,327.0,0.0,0.0,2.0,0.0,2.0,1.0,1.0,0,0,1,0,0,0,1,0,1,0,0,1,1,1,0,0,0,0,0,0,0,0,0,0,0,0,1,0,0,0,0,0,0,0,0,0,1,0,0,0,0,0
4711.0,144.0,3.0,0.0,65535.0,2580480.0,131072.0,6836224.0,6840320.0,4194304.0,4096.0,512.0,9551872.0,4096.0,2776299.0,4096.0,1048576.0,239553.0,4096.0,239616.0,1024.0,56636.0,245760.0,56832.0,240640.0,0.0,0.0,0.0,0.0,0.0,0.0,33.0,38.0,0,0,1,0,0,0,0,0,0,0,0,0,1,1,0,0,0,0,0,0,0,0,0,0,0,0,1,0,0,0,0,0,0,0,0,0,1,0,0,0,0,0
7231.0,144.0,3.0,0.0,65535.0,3584.0,4096.0,0.0,4096.0,4194304.0,4096.0,512.0,20480.0,1024.0,0.0,4096.0,1048576.0,3474.0,4096.0,3584.0,1024.0,1380.0,8192.0,1536.0,4608.0,306.0,0.0,0.0,0.0,0.0,1.0,3.0,53.0,0,0,1,0,0,0,0,0,0,0,0,0,1,1,0,0,0,0,0,0,0,0,0,0,0,0,1,0,0,0,0,0,0,0,0,0,1,0,0,0,0,0
5360.0,144.0,2.0,0.0,65535.0,259584.0,233472.0,0.0,4096.0,4194304.0,4096.0,512.0,577536.0,1024.0,0.0,16384.0,1048576.0,56383.0,4096.0,601600.0,1024.0,2766992.0,253952.0,207872.0,69632.0,21.0,0.0,0.0,0.0,0.0,0.0,1.0,0.0,0,0,0,0,0,0,1,0,0,0,0,1,1,1,0,0,0,0,0,0,0,0,0,0,0,0,1,0,0,0,0,0,0,0,0,0,1,0,0,0,0,0
0.0,144.0,3.0,0.0,65535.0,7680.0,1536.0,0.0,8192.0,5368709120.0,8192.0,512.0,24576.0,512.0,0.0,16384.0,1048576.0,7300.0,8192.0,7680.0,512.0,37870.0,114688.0,40960.0,114688.0,0.0,0.0,0.0,0.0,0.0,0.0,0.0,0.0,1,0,1,1,0,0,1,0,1,0,0,1,1,1,0,0,0,0,0,0,0,0,0,0,0,0,1,0,0,0,0,0,0,0,0,0,1,0,0,0,0,0
1849456.0,80.0,2.0,15.0,65535.0,647168.0,57344.0,1204224.0,1208320.0,4194304.0,4096.0,512.0,1912832.0,4096.0,750037.0,16384.0,1048576.0,647168.0,1208320.0,644608.0,1024.0,93.0,4722688.0,0.0,0.0,1171.0,12.0,0.0,0.0,0.0,5.0,10.0,13.0,0,0,1,0,0,0,1,0,1,0,0,1,1,1,0,0,0,0,1,0,0,0,0,0,0,0,1,1,0,0,0,0,0,0,0,0,1,0,0,0,0,0
4317272.0,144.0,3.0,0.0,65535.0,174080.0,7680.0,0.0,8192.0,4194304.0,8192.0,512.0,6840320.0,1024.0,2622074.0,4096.0,1048576.0,7322.0,4096.0,7680.0,1024.0,5216.0,12288.0,5632.0,8704.0,142.0,0.0,0.0,0.0,0.0,0.0,2.0,2.0,0,0,1,0,0,0,1,0,0,0,0,0,0,1,0,0,0,0,0,0,0,0,0,0,0,0,1,0,0,0,0,0,0,0,0,0,1,0,0,0,0,0
745196.0,80.0,2.0,15.0,65535.0,741888.0,121856.0,0.0,4096.0,4194304.0,4096.0,512.0,917504.0,1024.0,11524047.0,16384.0,1048576.0,735716.0,4096.0,735744.0,1024.0,93.0,811008.0,512.0,762368.0,30.0,0.0,0.0,0.0,0.0,5.0,8.0,242.0,0,0,1,0,0,0,1,0,0,0,0,0,1,1,0,0,0,0,0,0,0,0,0,0,0,0,1,0,0,0,0,0,0,0,0,0,1,0,0,0,0,0
9848.0,144.0,3.0,0.0,65535.0,8192.0,10240.0,0.0,4096.0,5368709120.0,4096.0,512.0,36864.0,1024.0,0.0,4096.0,1048576.0,7772.0,4096.0,8192.0,1024.0,6980.0,12288.0,7168.0,9216.0,0.0,0.0,0.0,0.0,0.0,0.0,10.0,65.0,1,0,0,1,0,0,1,0,1,0,0,0,1,1,0,0,0,0,0,0,0,0,0,0,0,0,1,0,0,0,0,0,0,0,0,0,1,0,0,0,0,0
4717.0,144.0,3.0,0.0,65535.0,17920.0,17920.0,0.0,4096.0,4194304.0,4096.0,512.0,45056.0,1024.0,0.0,4096.0,1048576.0,17490.0,4096.0,17920.0,1024.0,8078.0,24576.0,8192.0,18944.0,4.0,0.0,0.0,0.0,0.0,0.0,2.0,61.0,0,0,0,0,0,0,1,0,0,0,0,0,1,1,0,0,0,0,0,0,0,0,0,0,0,0,1,0,0,0,0,0,0,0,0,0,1,0,0,0,0,0
4616.0,144.0,3.0,0.0,65535.0,59392.0,13312.0,0.0,8192.0,4194304.0,8192.0,512.0,106496.0,1024.0,0.0,4096.0,1048576.0,59188.0,8192.0,59392.0,1024.0,7806.0,45056.0,8192.0,41472.0,93.0,0.0,3.0,0.0,0.0,4.0,0.0,0.0,0,0,1,0,0,0,1,0,0,0,0,1,1,1,0,0,0,0,0,0,0,0,0,0,0,0,1,0,0,0,0,0,0,0,0,0,1,0,0,0,0,0
48455.0,144.0,3.0,0.0,65535.0,52736.0,142336.0,0.0,4096.0,4194304.0,4096.0,512.0,208896.0,1024.0,244260.0,4096.0,1048576.0,52363.0,4096.0,52736.0,1024.0,62574.0,57344.0,62976.0,53760.0,0.0,0.0,0.0,0.0,0.0,3.0,5.0,495.0,0,0,1,0,0,0,1,0,0,0,0,0,1,1,0,0,0,0,0,0,0,0,0,0,0,0,1,0,0,0,0,0,0,0,0,0,1,0,0,0,0,0
3117720.0,144.0,3.0,0.0,65535.0,66560.0,93184.0,0.0,4096.0,5368709120.0,4096.0,512.0,245760.0,1536.0,0.0,16384.0,1048576.0,118004.0,4096.0,4552704.0,1024.0,1778.0,163840.0,99328.0,15872.0,705.0,3.0,2.0,0.0,0.0,12.0,1.0,121.0,1,0,0,1,0,0,1,0,1,0,0,1,1,1,0,0,0,0,1,0,0,0,0,0,0,0,1,1,0,0,0,0,0,0,0,0,1,0,0,0,0,0
3029904.0,144.0,3.0,0.0,65535.0,1634304.0,73728.0,1392640.0,1396736.0,4194304.0,4096.0,512.0,3104768.0,4096.0,1781857.0,4096.0,1048576.0,37002.0,4096.0,37376.0,1024.0,7002.0,45056.0,7168.0,38400.0,16.0,0.0,0.0,0.0,0.0,4.0,22.0,25.0,0,0,1,0,0,0,1,0,0,0,0,0,1,1,0,0,0,0,0,0,0,0,0,0,0,0,1,0,0,0,0,0,0,0,0,0,1,0,0,0,0,0
4812.0,144.0,3.0,0.0,65535.0,61440.0,53248.0,0.0,4096.0,4194304.0,4096.0,4096.0,118784.0,4096.0,165800.0,4096.0,1048576.0,58680.0,4096.0,61440.0,4096.0,26954.0,118784.0,27136.0,113664.0,160.0,1.0,0.0,0.0,0.0,3.0,1.0,58.0,0,0,1,0,0,0,1,0,0,0,0,0,1,1,0,0,0,0,0,0,0,0,0,0,0,0,1,0,0,0,0,0,0,0,0,0,1,0,0,0,0,0
16384.0,144.0,3.0,0.0,65535.0,12288.0,4096.0,0.0,4096.0,5368709120.0,4096.0,512.0,17016.0,584.0,66994.0,4096.0,1048576.0,4174.0,4096.0,4608.0,1024.0,132.0,12288.0,512.0,5632.0,0.0,0.0,0.0,35.0,39.0,53.0,1.0,2.0,1,0,1,1,0,0,0,0,0,0,0,0,0,1,0,0,0,0,0,0,0,0,0,0,0,0,1,0,0,0,0,0,0,0,0,0,1,0,0,0,0,0
11166.0,144.0,3.0,0.0,65535.0,3072.0,2560.0,0.0,8192.0,4194304.0,8192.0,512.0,32768.0,512.0,59624.0,4096.0,1048576.0,2980.0,8192.0,3072.0,512.0,5600.0,12288.0,5632.0,8704.0,43.0,0.0,0.0,0.0,0.0,0.0,1.0,1.0,0,0,0,0,0,0,1,0,1,0,0,1,1,1,0,0,0,0,0,0,0,0,0,0,0,0,1,0,0,0,0,0,0,0,0,0,1,0,0,0,0,0
4096.0,144.0,3.0,0.0,65535.0,67584.0,19456.0,0.0,4096.0,4194304.0,4096.0,512.0,102400.0,1024.0,0.0,4096.0,1048576.0,53154.0,20480.0,53248.0,15360.0,13216.0,73728.0,13312.0,68608.0,128.0,8.0,0.0,0.0,0.0,0.0,9.0,130.0,0,0,1,0,0,0,1,0,0,0,0,1,1,1,0,0,0,0,0,0,0,0,0,0,0,0,1,0,0,0,0,0,0,0,0,0,1,0,0,0,0,0
81232.0,144.0,3.0,0.0,65535.0,99328.0,159232.0,0.0,4096.0,5368709120.0,4096.0,512.0,286720.0,1024.0,0.0,4096.0,1048576.0,99084.0,4096.0,99328.0,1024.0,37378.0,106496.0,37888.0,100352.0,0.0,0.0,0.0,0.0,0.0,0.0,12.0,117.0,1,0,1,1,0,0,1,0,1,0,0,0,1,1,0,0,0,0,0,0,0,0,0,0,0,0,1,0,0,0,0,0,0,0,0,0,1,0,0,0,0,0
371556.0,144.0,3.0,0.0,65535.0,49664.0,21504.0,0.0,8192.0,4194304.0,8192.0,512.0,589824.0,1024.0,0.0,4096.0,1048576.0,49476.0,8192.0,0.0,0.0,5694.0,45056.0,6144.0,41472.0,29.0,0.0,0.0,0.0,0.0,4.0,1.0,1.0,0,0,0,0,0,0,1,0,1,0,0,1,1,1,0,0,0,0,0,0,0,0,0,0,0,0,1,0,0,0,0,0,0,0,0,0,1,0,0,0,0,0
946165.0,144.0,3.0,0.0,65535.0,923136.0,562176.0,0.0,4096.0,4194304.0,4096.0,512.0,1323008.0,512.0,0.0,8192.0,1048576.0,4531901.0,4096.0,94720.0,512.0,15314.0,94208.0,8192.0,2930688.0,0.0,0.0,2.0,0.0,0.0,0.0,1.0,0.0,1,0,0,1,0,0,1,0,0,0,0,1,1,1,0,0,0,0,0,0,0,0,0,0,0,0,1,0,0,0,0,0,0,0,0,0,1,0,0,0,0,0
36478.0,144.0,3.0,0.0,65535.0,64512.0,665600.0,0.0,4096.0,4194304.0,4096.0,512.0,741376.0,1024.0,0.0,4096.0,1048576.0,64212.0,4096.0,64512.0,1024.0,7808.0,69632.0,8192.0,65536.0,2.0,0.0,0.0,0.0,0.0,3.0,3.0,81.0,0,0,1,0,0,0,0,0,0,0,0,0,0,1,0,0,0,0,0,0,0,0,0,0,0,0,1,0,0,0,0,0,0,0,0,0,1,0,0,0,0,0
59614.0,144.0,3.0,0.0,65535.0,51712.0,2048.0,0.0,8192.0,4194304.0,8192.0,512.0,81920.0,512.0,0.0,4096.0,1048576.0,51428.0,8192.0,51712.0,512.0,1230350.0,983040.0,1230848.0,976896.0,90.0,0.0,0.0,0.0,0.0,0.0,1.0,1.0,0,0,1,0,0,0,1,0,1,0,0,1,1,1,0,0,0,0,0,0,0,0,0,0,0,0,1,0,0,0,0,0,0,0,0,0,1,0,0,0,0,0
6064.0,144.0,3.0,0.0,65535.0,5120.0,8192.0,0.0,4096.0,5368709120.0,4096.0,512.0,36864.0,1024.0,0.0,4096.0,1048576.0,4636.0,4096.0,5120.0,1024.0,4992.0,12288.0,5120.0,6144.0,0.0,0.0,0.0,0.0,0.0,0.0,8.0,67.0,1,0,0,1,0,0,1,0,1,0,0,0,1,1,0,0,0,0,0,0,0,0,0,0,0,0,1,0,0,0,0,0,0,0,0,0,1,0,0,0,0,0
565818.0,144.0,3.0,0.0,65535.0,1560576.0,39936.0,0.0,1167360.0,4194304.0,4096.0,512.0,1708032.0,1024.0,0.0,4096.0,1048576.0,3133440.0,8192.0,372224.0,1024.0,708.0,1683456.0,10752.0,463360.0,880.0,2.0,10.0,0.0,0.0,11.0,2.0,0.0,0,0,0,0,0,0,1,0,0,0,0,0,1,1,0,0,0,0,0,0,0,0,0,0,0,0,1,0,0,0,0,0,0,0,0,0,1,0,0,0,0,0
1903678.0,144.0,3.0,0.0,65535.0,829440.0,182272.0,0.0,8192.0,4194304.0,8192.0,512.0,40960.0,1024.0,0.0,4096.0,1048576.0,121948.0,4096.0,1344000.0,512.0,56636.0,3833856.0,99328.0,467456.0,869.0,0.0,1.0,0.0,0.0,9.0,1.0,0.0,0,0,0,0,0,0,1,0,1,0,0,1,1,1,0,0,0,0,0,0,0,0,0,0,0,0,1,0,0,0,0,0,0,0,0,0,1,0,0,0,0,0
16904.0,144.0,3.0,0.0,65535.0,25088.0,172544.0,91136.0,4096.0,4194304.0,4096.0,512.0,512000.0,1024.0,226462.0,4096.0,1048576.0,4096.0,290816.0,3389.0,1024.0,6038.0,12288.0,6144.0,9216.0,2287.0,58.0,1.0,0.0,0.0,2.0,0.0,0.0,0,0,1,0,0,0,1,0,0,0,0,0,1,1,0,0,0,0,0,0,0,0,0,0,0,0,1,0,0,0,0,0,0,0,0,0,1,0,0,0,0,0
10574.0,144.0,3.0,0.0,65535.0,18944.0,180756.0,0.0,4096.0,4194304.0,8192.0,512.0,2060288.0,1024.0,0.0,4096.0,2097152.0,40084.0,4096.0,51712.0,4096.0,4496.0,327680.0,56832.0,3220992.0,294.0,0.0,0.0,0.0,0.0,0.0,0.0,29.0,1,0,0,1,0,0,1,0,1,0,0,1,1,1,0,0,0,0,0,0,0,0,0,0,0,0,1,0,0,0,0,0,0,0,0,0,1,0,0,0,0,0
37630.0,144.0,3.0,0.0,65535.0,106496.0,659456.0,0.0,4096.0,4194304.0,4096.0,4096.0,770048.0,4096.0,0.0,4096.0,1048576.0,103162.0,4096.0,106496.0,4096.0,22392.0,110592.0,24576.0,110592.0,21.0,0.0,0.0,2.0,0.0,0.0,9.0,271.0,0,0,1,0,0,0,1,0,0,0,0,0,1,1,0,0,0,0,0,0,0,0,0,0,0,0,1,0,0,0,0,0,0,0,0,0,1,0,0,0,0,0
835396.0,80.0,2.0,15.0,65535.0,93696.0,148992.0,0.0,4096.0,4194304.0,4096.0,512.0,282624.0,1024.0,9457490.0,16384.0,1048576.0,89524.0,4096.0,89600.0,1024.0,24.0,135168.0,512.0,102912.0,189.0,0.0,0.0,1.0,0.0,4.0,0.0,0.0,0,0,1,0,0,0,1,0,0,0,0,0,1,1,0,0,0,0,0,0,0,0,0,0,0,0,1,0,0,0,0,0,0,0,0,0,1,0,0,0,0,0
4096.0,144.0,3.0,0.0,65535.0,726016.0,86016.0,0.0,4096.0,4194304.0,4096.0,512.0,1204224.0,1024.0,873926.0,4096.0,1048576.0,20824.0,4096.0,24576.0,4096.0,143031.0,229376.0,143360.0,222720.0,0.0,0.0,0.0,0.0,0.0,0.0,22.0,24.0,0,0,1,0,0,0,0,0,0,0,0,0,1,1,0,0,0,0,0,0,0,0,0,0,0,0,1,0,0,0,0,0,0,0,0,0,1,0,0,0,0,0
760390.0,144.0,3.0,0.0,65535.0,752640.0,2048.0,0.0,8192.0,4194304.0,8192.0,512.0,778240.0,512.0,0.0,4096.0,1048576.0,752204.0,8192.0,752640.0,512.0,1956.0,28672.0,2048.0,18432.0,30.0,0.0,0.0,0.0,0.0,3.0,1.0,1.0,0,0,1,0,0,0,1,0,0,0,0,1,1,1,0,0,0,0,0,0,0,0,0,0,0,0,1,0,0,0,0,0,0,0,0,0,1,0,0,0,0,0
216644.0,144.0,3.0,0.0,65535.0,1802240.0,281088.0,0.0,4096.0,4194304.0,8192.0,512.0,3313664.0,1024.0,0.0,16384.0,1048576.0,1933808.0,8192.0,2055680.0,1024.0,978.0,9281536.0,147456.0,1399808.0,0.0,3.0,0.0,0.0,0.0,6.0,4.0,13.0,0,0,0,0,0,0,1,0,0,0,0,1,1,1,0,0,0,0,0,0,0,0,0,0,0,0,1,0,0,0,0,0,0,0,0,0,1,0,0,0,0,0
1003536.0,144.0,3.0,0.0,65535.0,106496.0,8192.0,188416.0,192512.0,4194304.0,4096.0,512.0,307200.0,4096.0,0.0,4096.0,1048576.0,72788.0,4096.0,73216.0,1024.0,27546.0,77824.0,27648.0,71680.0,294.0,0.0,0.0,0.0,0.0,0.0,10.0,12.0,0,0,1,0,0,0,1,0,0,0,0,0,1,1,0,0,0,0,0,0,0,0,0,0,0,0,1,0,0,0,0,0,0,0,0,0,1,0,0,0,0,0
6475243.0,144.0,3.0,0.0,65535.0,104448.0,10706944.0,0.0,4096.0,4194304.0,4096.0,512.0,10829824.0,1024.0,146427.0,4096.0,1048576.0,104216.0,4096.0,104448.0,1024.0,28084.0,110592.0,28160.0,105472.0,15.0,0.0,0.0,0.0,0.0,4.0,0.0,0.0,0,0,1,0,0,0,0,0,0,0,0,0,0,1,0,0,0,0,0,0,0,0,0,0,0,0,1,0,0,0,0,0,0,0,0,0,1,0,0,0,0,0
12868.0,80.0,3.0,0.0,65535.0,140288.0,12288.0,0.0,4096.0,4194304.0,4096.0,512.0,3014656.0,1024.0,0.0,4096.0,1048576.0,1503576.0,4096.0,704512.0,1024.0,31434.0,1896448.0,99328.0,467456.0,627.0,0.0,1.0,0.0,0.0,0.0,1.0,17.0,0,0,1,0,0,0,1,0,0,0,0,1,1,1,0,0,0,0,0,0,0,0,0,0,0,0,1,0,0,0,0,0,0,0,0,0,1,0,0,0,0,0
745196.0,80.0,2.0,15.0,65535.0,741376.0,89088.0,0.0,4096.0,4194304.0,4096.0,512.0,884736.0,1024.0,1767711.0,16384.0,1048576.0,734748.0,4096.0,735232.0,1024.0,93.0,811008.0,512.0,761856.0,3617.0,14.0,0.0,1.0,0.0,5.0,8.0,237.0,0,0,1,0,0,0,1,0,0,0,0,0,1,1,0,0,0,0,0,0,0,0,0,0,0,0,1,0,0,0,0,0,0,0,0,0,1,0,0,0,0,0
5296.0,144.0,3.0,0.0,65535.0,8704.0,8192.0,3072.0,4096.0,4194304.0,4096.0,512.0,49152.0,1024.0,47930.0,4096.0,1048576.0,8432.0,4096.0,8704.0,1024.0,720.0,20480.0,1024.0,11264.0,0.0,0.0,0.0,0.0,0.0,0.0,2.0,63.0,1,0,1,1,0,0,0,0,0,0,0,0,1,0,0,0,0,0,0,0,0,0,0,0,0,0,1,0,0,0,0,0,0,0,0,0,1,0,0,0,0,0
1614382.0,144.0,3.0,0.0,65535.0,1606656.0,20992.0,0.0,8192.0,4194304.0,8192.0,512.0,1654784.0,512.0,0.0,4096.0,1048576.0,1606196.0,8192.0,1606656.0,512.0,921920.0,3067904.0,922112.0,3063296.0,120.0,0.0,0.0,0.0,0.0,0.0,1.0,1.0,0,0,1,0,0,0,1,0,1,0,0,1,1,1,0,0,0,0,0,0,0,0,0,0,0,0,1,0,0,0,0,0,0,0,0,0,1,0,0,0,0,0
11374.0,144.0,3.0,0.0,65535.0,248320.0,164864.0,0.0,4096.0,4194304.0,4096.0,512.0,425984.0,1024.0,479845.0,4096.0,1048576.0,248203.0,4096.0,248320.0,1024.0,40068.0,253952.0,40448.0,249344.0,58.0,0.0,3.0,0.0,0.0,3.0,0.0,0.0,0,0,1,0,0,0,1,0,0,0,0,0,1,1,0,0,0,0,0,0,0,0,0,0,0,0,1,0,0,0,0,0,0,0,0,0,1,0,0,0,0,0
848314.0,144.0,3.0,0.0,65535.0,840192.0,109568.0,0.0,8192.0,4194304.0,8192.0,512.0,974848.0,512.0,0.0,4096.0,1048576.0,840128.0,8192.0,840192.0,512.0,24.0,430080.0,512.0,410112.0,73.0,0.0,0.0,0.0,0.0,4.0,1.0,1.0,0,0,1,0,0,0,1,0,1,0,0,1,1,1,0,0,0,0,0,0,0,0,0,0,0,0,1,0,0,0,0,0,0,0,0,0,1,0,0,0,0,0
33280.0,144.0,3.0,0.0,65535.0,112640.0,89088.0,0.0,4096.0,4194304.0,4096.0,512.0,217088.0,1024.0,0.0,4096.0,1048576.0,112426.0,4096.0,112640.0,1024.0,56096.0,118784.0,56320.0,113664.0,8.0,0.0,0.0,0.0,0.0,0.0,2.0,74.0,0,0,1,0,0,0,1,0,0,0,0,0,1,1,0,0,0,0,0,0,0,0,0,0,0,0,1,0,0,0,0,0,0,0,0,0,1,0,0,0,0,0
8710942.0,144.0,3.0,0.0,65535.0,0.0,0.0,0.0,0.0,4194304.0,4096.0,512.0,8740864.0,4096.0,5073730.0,4096.0,1048576.0,7622656.0,4096.0,3904512.0,1024.0,25848.0,176128.0,26112.0,169984.0,0.0,0.0,0.0,0.0,0.0,0.0,21.0,21.0,0,0,1,0,0,0,0,0,0,0,0,0,1,1,0,0,0,0,1,0,0,0,0,1,0,0,1,1,0,0,0,0,0,0,0,0,1,0,0,0,0,0
1443566.0,58059.0,27551.0,16082.0,49222.0,295424.0,773120.0,0.0,4096.0,4194304.0,4096.0,512.0,1359872.0,1024.0,0.0,4096.0,1048576.0,2248704.0,4096.0,2245120.0,1536.0,4096.0,2560000.0,512.0,2531328.0,14.0,0.0,0.0,0.0,0.0,3.0,0.0,0.0,0,0,1,0,0,0,1,0,1,0,0,1,1,1,0,0,0,0,0,0,0,0,0,0,0,0,1,0,0,0,0,0,0,0,0,0,1,0,0,0,0,0
1310721.0,80.0,2.0,15.0,65535.0,1053696.0,209408.0,0.0,4096.0,4194304.0,4096.0,512.0,1323008.0,1024.0,0.0,16384.0,1048576.0,1052672.0,4096.0,372736.0,1024.0,4096.0,1122304.0,512.0,385536.0,72.0,0.0,0.0,0.0,0.0,0.0,0.0,0.0,0,0,1,0,0,0,1,0,1,0,0,0,1,1,0,0,0,0,1,0,0,0,0,0,0,0,1,1,0,0,0,0,0,0,0,0,1,0,0,0,1,0
4096.0,144.0,3.0,0.0,65535.0,512.0,41472.0,0.0,4096.0,4194304.0,4096.0,512.0,57344.0,1024.0,95233.0,4096.0,1048576.0,90.0,4096.0,512.0,1024.0,742.0,8192.0,1024.0,1536.0,7.0,0.0,0.0,0.0,0.0,5.0,1.0,6.0,0,0,1,0,0,0,1,1,0,0,0,1,1,1,0,0,0,0,0,0,0,0,0,0,0,0,1,0,0,0,0,0,0,0,0,0,1,0,0,0,0,0
99678.0,144.0,3.0,0.0,65535.0,730624.0,29184.0,0.0,1167360.0,4194304.0,4096.0,512.0,888832.0,1024.0,0.0,16384.0,2097152.0,26962.0,4096.0,94720.0,1024.0,188022.0,167936.0,2048.0,98816.0,668.0,0.0,1.0,0.0,0.0,0.0,15.0,21.0,0,0,0,1,0,0,1,0,0,0,0,0,1,1,0,0,0,0,0,0,0,0,0,0,0,0,1,0,0,0,0,0,0,0,0,0,1,0,0,0,0,0
764470.0,144.0,3.0,0.0,65535.0,756736.0,6656.0,0.0,8192.0,4194304.0,8192.0,512.0,786432.0,512.0,0.0,4096.0,1048576.0,756284.0,8192.0,756736.0,512.0,5556.0,45056.0,5632.0,38400.0,35.0,0.0,0.0,0.0,0.0,5.0,1.0,1.0,0,0,1,0,0,0,1,0,0,0,0,1,1,1,0,0,0,0,0,0,0,0,0,0,0,0,1,0,0,0,0,0,0,0,0,0,1,0,0,0,0,0
12760.0,144.0,3.0,0.0,65535.0,45568.0,915968.0,0.0,4096.0,5368709120.0,4096.0,512.0,987136.0,1024.0,1002997.0,4096.0,1048576.0,45342.0,4096.0,45568.0,1024.0,17418.0,53248.0,17920.0,46592.0,0.0,0.0,0.0,0.0,0.0,0.0,4.0,80.0,1,0,0,1,0,0,1,0,0,0,0,0,1,1,0,0,0,0,0,0,0,0,0,0,0,0,1,0,0,0,0,0,0,0,0,0,1,0,0,0,0,0
94857.0,144.0,3.0,0.0,65535.0,135680.0,40960.0,0.0,4096.0,43646976.0,4096.0,512.0,192512.0,1024.0,0.0,4096.0,1048576.0,43651072.0,4096.0,135680.0,1024.0,43790336.0,143360.0,24064.0,136704.0,0.0,0.0,0.0,0.0,0.0,0.0,1.0,0.0,0,0,1,0,0,0,1,0,0,0,0,0,1,1,0,0,0,0,0,0,0,0,0,0,0,0,1,0,0,0,0,0,0,0,0,0,1,0,0,0,0,0
53480.0,144.0,3.0,0.0,65535.0,89088.0,47104.0,0.0,4096.0,5368709120.0,4096.0,512.0,147456.0,1024.0,180829.0,4096.0,1048576.0,88608.0,4096.0,89088.0,1024.0,33722.0,94208.0,33792.0,90112.0,0.0,0.0,0.0,0.0,0.0,0.0,1.0,67.0,1,0,1,1,0,0,1,0,1,0,1,0,1,1,0,0,0,0,0,0,0,0,0,0,0,0,1,0,0,0,0,0,0,0,0,0,1,0,0,0,0,0
4360.0,144.0,3.0,0.0,65535.0,4096.0,8192.0,0.0,4096.0,4194304.0,4096.0,4096.0,16384.0,4096.0,78899.0,4096.0,1048576.0,1916.0,4096.0,4096.0,4096.0,16162.0,77824.0,16384.0,74752.0,17.0,0.0,0.0,0.0,0.0,0.0,1.0,25.0,0,0,1,0,0,0,1,0,1,0,0,1,1,1,0,0,0,0,0,0,0,0,0,0,0,0,1,0,0,0,0,0,0,0,0,0,1,0,0,0,0,0
12557.0,144.0,3.0,0.0,65535.0,1805312.0,2280448.0,0.0,4096.0,5368709120.0,4096.0,512.0,1388544.0,1024.0,100097.0,4096.0,1048576.0,3457068.0,4096.0,352256.0,1536.0,39650.0,970752.0,178176.0,664064.0,729.0,3.0,2.0,0.0,0.0,9.0,0.0,0.0,1,0,1,1,0,0,1,0,1,0,0,0,1,1,0,0,0,0,0,0,0,0,0,0,0,0,1,0,0,0,0,0,0,0,0,0,1,0,0,0,0,0
148197.0,144.0,3.0,0.0,65535.0,66560.0,12288.0,0.0,4096.0,4194304.0,8192.0,512.0,5701632.0,1024.0,0.0,4096.0,1048576.0,1065754.0,4096.0,10295808.0,1024.0,1639346.0,643072.0,3584.0,15872.0,855.0,0.0,0.0,0.0,0.0,11.0,1.0,0.0,0,0,1,0,0,0,0,0,0,0,0,0,1,1,0,0,0,0,0,0,0,0,0,0,0,0,1,1,0,0,0,0,0,0,0,0,1,0,0,0,0,0
163850.0,144.0,3.0,0.0,65535.0,52224.0,2048.0,0.0,4096.0,4194304.0,4096.0,512.0,421888.0,1024.0,0.0,4096.0,1048576.0,352594.0,4096.0,94720.0,1024.0,133456.0,36864.0,207872.0,59392.0,0.0,0.0,0.0,0.0,0.0,0.0,3.0,0.0,0,0,0,0,0,0,1,0,1,0,0,1,1,1,0,0,0,0,0,0,0,0,0,0,0,0,1,0,0,0,0,0,0,0,0,0,1,0,0,0,0,0
16559.0,144.0,3.0,0.0,65535.0,112640.0,89088.0,0.0,4096.0,4194304.0,4096.0,512.0,217088.0,1024.0,0.0,4096.0,1048576.0,112426.0,4096.0,112640.0,1024.0,56096.0,118784.0,56320.0,113664.0,8767.0,68.0,0.0,10.0,4.0,10.0,0.0,0.0,0,0,1,0,0,0,1,0,0,0,0,0,1,1,0,0,0,0,0,0,0,0,0,0,0,0,1,0,0,0,0,0,0,0,0,0,1,0,0,0,0,0
71077.0,144.0,3.0,0.0,65535.0,765952.0,13312.0,0.0,4096.0,4194304.0,4096.0,512.0,1740800.0,1024.0,1296063.0,8192.0,4194304.0,318468.0,4096.0,188416.0,1024.0,28384.0,3833856.0,5929472.0,39424.0,884.0,0.0,0.0,0.0,0.0,0.0,12.0,19.0,0,0,0,1,0,0,1,0,0,0,0,0,1,1,0,0,0,0,0,0,0,0,0,1,0,0,1,0,0,0,0,0,0,0,0,0,1,0,0,0,0,0
1391760.0,144.0,3.0,0.0,65535.0,28672.0,3341312.0,0.0,4096.0,4194304.0,4096.0,512.0,786432.0,4096.0,0.0,4096.0,1048576.0,383062.0,4096.0,25600.0,1024.0,7208.0,53248.0,12288.0,98304.0,879.0,1.0,0.0,0.0,0.0,6.0,2.0,160.0,0,0,1,0,0,0,1,0,1,0,0,1,1,1,0,0,0,0,0,0,0,0,0,1,0,0,1,0,0,0,0,0,0,0,0,0,1,0,0,0,0,0
267070.0,144.0,3.0,0.0,65535.0,233472.0,27136.0,0.0,1167360.0,4194304.0,4096.0,512.0,860160.0,1536.0,92886.0,4096.0,1048576.0,11084.0,8192.0,121856.0,1024.0,4732.0,327680.0,4096.0,729600.0,0.0,0.0,0.0,0.0,0.0,0.0,1.0,9.0,0,0,0,0,0,0,1,0,0,0,0,0,1,1,0,0,0,0,0,0,0,0,0,0,0,0,1,0,0,0,0,0,0,0,0,0,1,0,0,0,0,0
90896.0,144.0,3.0,0.0,65535.0,1561600.0,590336.0,0.0,4096.0,4194304.0,4096.0,512.0,2162688.0,1024.0,0.0,4096.0,1048576.0,1561231.0,4096.0,1561600.0,1024.0,288544.0,1568768.0,288768.0,1562624.0,58.0,0.0,0.0,0.0,0.0,0.0,0.0,0.0,0,0,1,0,0,0,1,0,0,0,0,0,1,1,0,0,0,0,0,0,0,0,0,0,0,0,1,0,0,0,0,0,0,0,0,0,1,0,0,0,0,0
5296.0,144.0,3.0,0.0,65535.0,6144.0,13824.0,512.0,4096.0,4194304.0,4096.0,512.0,118784.0,1536.0,108366.0,4096.0,1048576.0,5780.0,4096.0,6144.0,1536.0,1368.0,16384.0,1536.0,8192.0,170.0,0.0,0.0,0.0,0.0,0.0,2.0,39.0,0,0,0,0,0,0,1,0,0,0,0,0,1,0,0,0,0,0,1,0,0,0,0,0,0,0,1,0,0,0,0,0,0,0,0,0,1,0,0,0,0,0
1801979.0,144.0,3.0,0.0,65535.0,2268672.0,790528.0,0.0,4096.0,4194304.0,4096.0,512.0,3076096.0,1024.0,0.0,4096.0,1048576.0,2268441.0,4096.0,2268672.0,1024.0,517272.0,2273280.0,517632.0,2269696.0,123.0,0.0,0.0,0.0,0.0,4.0,18.0,793.0,0,0,1,0,0,0,1,0,0,0,0,0,1,1,0,0,0,0,0,0,0,0,0,0,0,0,1,0,0,0,0,0,0,0,0,0,1,0,0,0,0,0
755776.0,13624.0,13108.0,0.0,65535.0,253952.0,8192.0,499712.0,503808.0,4194304.0,4096.0,512.0,765952.0,4096.0,0.0,4096.0,1048576.0,352244.0,8192.0,352256.0,512.0,81082.0,258048.0,81408.0,252416.0,0.0,0.0,0.0,0.0,0.0,0.0,12.0,17.0,0,0,1,0,0,0,0,0,0,0,0,0,0,1,0,0,0,0,0,0,0,0,0,0,0,0,1,0,0,0,0,0,0,0,0,0,1,0,0,0,0,0
18488.0,144.0,3.0,0.0,65535.0,40960.0,36864.0,0.0,4096.0,4194304.0,4096.0,4096.0,81920.0,4096.0,0.0,4096.0,1048576.0,37618.0,4096.0,40960.0,4096.0,4770.0,45056.0,8192.0,45056.0,15.0,0.0,0.0,0.0,0.0,0.0,4.0,122.0,0,0,1,0,0,0,1,0,1,0,0,0,1,1,0,0,0,0,0,0,0,0,0,0,0,0,1,0,0,0,0,0,0,0,0,0,1,0,0,0,0,0
18622.0,144.0,3.0,0.0,65535.0,3219456.0,34816.0,0.0,8192.0,4194304.0,8192.0,512.0,3276800.0,512.0,0.0,4096.0,1048576.0,3218948.0,8192.0,3219456.0,512.0,10898.0,32768.0,11264.0,29696.0,64.0,0.0,0.0,0.0,0.0,0.0,1.0,1.0,0,0,1,0,0,0,1,0,0,0,0,1,1,1,0,0,0,0,0,0,0,0,0,0,0,0,1,0,0,0,0,0,0,0,0,0,1,0,0,0,0,0
54724.0,144.0,3.0,0.0,65535.0,407040.0,74752.0,0.0,4096.0,4194304.0,4096.0,512.0,499712.0,1024.0,12030506.0,4096.0,1048576.0,406689.0,4096.0,407040.0,1024.0,51092.0,413696.0,51200.0,408064.0,11.0,0.0,0.0,0.0,0.0,5.0,5.0,185.0,0,0,0,0,0,0,0,0,0,0,0,0,1,1,0,0,0,0,0,0,0,0,0,0,0,0,1,0,0,0,0,0,0,0,0,0,1,0,0,0,0,0
146260.0,144.0,3.0,0.0,65535.0,247808.0,313856.0,0.0,4096.0,4194304.0,4096.0,512.0,577536.0,1024.0,0.0,4096.0,1048576.0,247577.0,4096.0,247808.0,1024.0,67758.0,253952.0,68096.0,248832.0,26.0,0.0,0.0,0.0,0.0,0.0,9.0,103.0,0,0,1,0,0,0,1,0,0,0,0,0,1,1,0,0,0,0,0,0,0,0,0,0,0,0,1,0,0,0,0,0,0,0,0,0,1,0,0,0,0,0
4764.0,144.0,3.0,0.0,65535.0,8192.0,8192.0,0.0,4096.0,4194304.0,4096.0,4096.0,20480.0,4096.0,53376.0,4096.0,1048576.0,6304.0,4096.0,8192.0,4096.0,13221.0,77824.0,13312.0,71680.0,14.0,0.0,0.0,0.0,0.0,0.0,1.0,63.0,0,0,1,0,0,0,0,0,0,0,0,0,1,1,0,0,0,0,0,0,0,0,0,0,0,0,1,0,0,0,0,0,0,0,0,0,1,0,0,0,0,0
107400.0,144.0,3.0,0.0,65535.0,176640.0,281600.0,0.0,4096.0,4194304.0,4096.0,512.0,487424.0,1024.0,328486.0,4096.0,1048576.0,176283.0,4096.0,176640.0,1024.0,44148.0,184320.0,44544.0,177664.0,78.0,0.0,0.0,0.0,0.0,0.0,10.0,281.0,0,0,0,0,0,0,1,0,0,0,0,0,1,1,0,0,0,0,0,0,0,0,0,0,0,0,1,0,0,0,0,0,0,0,0,0,1,0,0,0,0,0
192142.0,144.0,3.0,0.0,65535.0,184320.0,4608.0,0.0,8192.0,4194304.0,8192.0,512.0,212992.0,512.0,0.0,4096.0,1048576.0,183956.0,8192.0,184320.0,512.0,39956.0,159744.0,40448.0,156672.0,24.0,0.0,0.0,0.0,0.0,0.0,1.0,1.0,0,0,1,0,0,0,1,0,0,0,0,1,1,1,0,0,0,0,0,0,0,0,0,0,0,0,1,0,0,0,0,0,0,0,0,0,1,0,0,0,0,0
384782.0,144.0,3.0,0.0,65535.0,376832.0,2048.0,0.0,8192.0,4194304.0,8192.0,512.0,401408.0,512.0,0.0,4096.0,1048576.0,376596.0,8192.0,376832.0,512.0,2952720.0,4390912.0,2953216.0,4385792.0,28.0,0.0,0.0,0.0,0.0,0.0,1.0,1.0,0,0,1,0,0,0,1,0,0,0,0,1,1,1,0,0,0,0,0,0,0,0,0,0,0,0,1,0,0,0,0,0,0,0,0,0,1,0,0,0,0,0
13262.0,144.0,2.0,0.0,65535.0,726016.0,332800.0,0.0,4096.0,4194304.0,4096.0,512.0,3760128.0,512.0,141635.0,4096.0,1048576.0,2938324.0,4096.0,0.0,1024.0,19448.0,14012416.0,8704.0,163840.0,4047.0,1.0,10.0,0.0,0.0,11.0,2.0,6.0,0,0,1,0,0,0,1,0,0,0,0,0,1,1,0,0,0,0,0,0,0,0,0,0,0,0,1,0,0,0,0,0,0,0,0,0,1,0,0,0,0,0
4532.0,144.0,3.0,0.0,65535.0,91648.0,512.0,0.0,4096.0,4194304.0,4096.0,512.0,106496.0,1024.0,94332.0,4096.0,1048576.0,91404.0,4096.0,91648.0,1024.0,32890.0,114688.0,33280.0,108032.0,14.0,0.0,0.0,0.0,0.0,0.0,1.0,43.0,0,0,1,0,0,0,1,0,0,0,0,0,1,1,0,0,0,0,0,0,0,0,0,0,0,0,1,0,0,0,0,0,0,0,0,0,1,0,0,0,0,0
15545214.0,144.0,3.0,0.0,65535.0,2529280.0,117248.0,0.0,8192.0,4194304.0,8192.0,512.0,2670592.0,512.0,0.0,4096.0,1048576.0,2528868.0,8192.0,2529280.0,512.0,183820.0,512000.0,184320.0,507392.0,2083.0,21.0,1.0,68.0,0.0,31.0,0.0,0.0,1,0,0,1,0,0,1,0,1,0,0,1,1,1,0,0,0,0,0,0,0,0,0,0,0,0,1,0,0,0,0,0,0,0,0,0,1,0,0,0,0,0
321540.0,144.0,3.0,0.0,65535.0,498688.0,195584.0,0.0,4096.0,4194304.0,4096.0,512.0,704512.0,1024.0,0.0,4096.0,1048576.0,498422.0,4096.0,498688.0,1024.0,130906.0,503808.0,131072.0,499712.0,15344.0,0.0,0.0,0.0,0.0,0.0,2.0,98.0,0,0,0,0,0,0,1,0,0,0,0,0,1,1,0,0,0,0,0,0,0,0,0,0,0,0,1,0,0,0,0,0,0,0,0,0,1,0,0,0,0,0
910586.0,144.0,3.0,0.0,65535.0,905216.0,12288.0,0.0,8192.0,4194304.0,8192.0,4096.0,933888.0,4096.0,0.0,4096.0,1048576.0,902400.0,8192.0,905216.0,4096.0,146558.0,663552.0,146944.0,656896.0,40.0,0.0,0.0,0.0,0.0,5.0,1.0,1.0,0,0,1,0,0,0,1,0,0,0,0,1,1,1,0,0,0,0,0,0,0,0,0,0,0,0,1,0,0,0,0,0,0,0,0,0,1,0,0,0,0,0
5724.0,144.0,3.0,0.0,65535.0,36864.0,32256.0,0.0,4096.0,5368709120.0,4096.0,512.0,81920.0,1024.0,0.0,4096.0,1048576.0,36577.0,4096.0,36864.0,1024.0,12096.0,40960.0,12288.0,37888.0,0.0,0.0,0.0,0.0,0.0,0.0,3.0,69.0,1,0,0,1,0,0,1,0,1,0,0,0,1,1,0,0,0,0,0,0,0,0,0,0,0,0,1,0,0,0,0,0,0,0,0,0,1,0,0,0,0,0
29762.0,144.0,3.0,0.0,65535.0,73216.0,70144.0,0.0,4096.0,4194304.0,4096.0,512.0,155648.0,1024.0,183424.0,4096.0,1048576.0,72788.0,4096.0,73216.0,1024.0,60128.0,192512.0,60416.0,188928.0,11.0,0.0,0.0,0.0,0.0,5.0,5.0,77.0,0,0,1,0,0,0,1,0,0,0,0,0,1,1,0,0,0,0,0,0,0,0,0,0,0,0,1,0,0,0,0,0,0,0,0,0,1,0,0,0,0,0
17245.0,144.0,3.0,0.0,65535.0,35840.0,38400.0,110080.0,4096.0,4194304.0,4096.0,512.0,380928.0,1024.0,130967.0,4096.0,1048576.0,35584.0,4096.0,35840.0,1024.0,27096.0,45056.0,27136.0,37376.0,0.0,0.0,0.0,0.0,0.0,0.0,7.0,153.0,0,0,1,0,0,0,0,0,0,0,0,0,0,1,0,0,0,0,0,0,0,0,0,0,0,0,1,0,0,0,0,0,0,0,0,0,1,0,0,0,0,0
21397505.0,144.0,43738.0,26531.0,65535.0,2580480.0,195072.0,0.0,4096.0,4194304.0,4096.0,512.0,11005952.0,1024.0,0.0,8192.0,1048576.0,1443816.0,4096.0,94720.0,1024.0,1262970.0,585728.0,59904.0,747520.0,614.0,0.0,15.0,0.0,0.0,11.0,1.0,367.0,0,0,1,0,0,0,1,0,0,0,0,0,0,1,0,0,0,0,0,0,0,0,0,0,0,0,1,0,0,0,0,0,0,0,0,0,1,0,0,0,0,0
77731.0,144.0,3.0,0.0,65535.0,77824.0,147456.0,0.0,4096.0,4194304.0,4096.0,4096.0,299008.0,4096.0,0.0,4096.0,1048576.0,77449.0,4096.0,77824.0,4096.0,20002.0,81920.0,20480.0,81920.0,1.0,0.0,0.0,0.0,0.0,0.0,12.0,350.0,0,0,1,0,0,0,1,0,1,0,0,0,1,1,0,0,0,0,0,0,0,0,0,0,0,0,1,1,0,0,0,0,0,0,0,0,1,0,0,0,1,0
899157.0,144.0,3.0,0.0,65535.0,1017344.0,951296.0,0.0,4096.0,4194304.0,4096.0,512.0,1986560.0,1024.0,1737114.0,4096.0,1048576.0,1017061.0,4096.0,1017344.0,1024.0,428386.0,1024000.0,428544.0,1018368.0,0.0,0.0,0.0,0.0,0.0,0.0,38.0,2675.0,0,0,1,0,0,0,1,0,0,0,0,0,1,1,0,0,0,0,0,0,0,0,0,0,0,0,1,0,0,0,0,0,0,0,0,0,1,0,0,0,0,0
5650.0,144.0,3.0,0.0,65535.0,102400.0,272896.0,0.0,4096.0,4194304.0,4096.0,512.0,45056.0,1024.0,0.0,4096.0,1048576.0,7998.0,4096.0,704512.0,1024.0,13268.0,2658304.0,3584.0,1399808.0,0.0,0.0,0.0,0.0,0.0,0.0,0.0,61.0,0,0,0,0,0,0,1,0,0,0,0,1,1,1,0,0,0,0,0,0,0,0,0,0,0,0,1,0,0,0,0,0,0,0,0,0,1,0,0,0,0,0
143872.0,144.0,3.0,0.0,65535.0,70656.0,147456.0,0.0,4096.0,4194304.0,4096.0,512.0,393216.0,512.0,0.0,4096.0,1048576.0,1060278.0,4096.0,775680.0,1024.0,11054.0,36864.0,12288.0,69632.0,755.0,0.0,1.0,0.0,0.0,0.0,3.0,80.0,0,0,1,0,0,0,1,0,0,0,0,0,1,0,0,0,0,0,0,0,0,0,0,0,0,0,1,0,0,0,0,0,0,0,0,0,1,0,0,0,0,0
1081886.0,144.0,3.0,0.0,65535.0,1074176.0,70144.0,0.0,8192.0,7143424.0,8192.0,512.0,1171456.0,512.0,1204825.0,4096.0,1048576.0,1073700.0,8192.0,1074176.0,512.0,7048.0,16384.0,7168.0,12800.0,45.0,0.0,0.0,0.0,0.0,0.0,1.0,1.0,0,0,1,0,0,0,1,0,1,0,0,0,0,1,0,0,0,0,0,0,0,0,0,0,0,0,1,0,0,0,0,0,0,0,0,0,1,0,0,0,0,0
155508.0,144.0,3.0,0.0,65535.0,570880.0,591872.0,0.0,4096.0,4194304.0,4096.0,512.0,1191936.0,1024.0,1202991.0,4096.0,4194304.0,570703.0,4096.0,570880.0,1024.0,183362.0,577536.0,183808.0,571904.0,25.0,0.0,0.0,0.0,0.0,5.0,18.0,518.0,0,0,1,0,0,0,1,0,0,0,0,0,0,1,0,0,0,0,0,0,0,0,0,0,0,0,1,0,0,0,0,0,0,0,0,0,1,0,0,0,0,0
4096.0,144.0,3.0,0.0,65535.0,1536.0,4096.0,0.0,4096.0,4194304.0,4096.0,512.0,20480.0,1024.0,59636.0,4096.0,1048576.0,1090.0,4096.0,1536.0,1024.0,2614.0,8192.0,3072.0,2560.0,3.0,0.0,0.0,0.0,0.0,0.0,10.0,76.0,0,0,0,0,0,0,0,0,0,0,0,0,1,1,0,0,0,0,0,0,0,0,0,0,0,0,1,0,0,0,0,0,0,0,0,0,1,0,0,0,0,0
11245926.0,144.0,3.0,0.0,65535.0,5577216.0,70144.0,0.0,4096.0,4194304.0,4096.0,512.0,11321344.0,1024.0,0.0,4096.0,1048576.0,34539.0,4096.0,0.0,0.0,738604.0,40960.0,0.0,0.0,36.0,0.0,0.0,0.0,0.0,0.0,11.0,11.0,0,0,1,0,0,0,1,0,0,0,0,0,1,1,0,0,0,0,0,0,0,0,0,0,0,0,1,0,0,0,0,0,0,0,0,0,1,0,0,0,0,0
4752.0,144.0,3.0,0.0,65535.0,15449088.0,374272.0,0.0,8192.0,4194304.0,8192.0,512.0,15843328.0,512.0,0.0,4096.0,1048576.0,15448964.0,8192.0,15449088.0,512.0,361212.0,2748416.0,361472.0,2744832.0,408.0,1.0,0.0,0.0,0.0,3.0,0.0,0.0,0,0,1,0,0,0,1,0,0,0,0,1,1,1,0,0,0,0,0,0,0,0,0,0,0,0,1,0,0,0,0,0,0,0,0,0,1,0,0,0,0,0
13594.0,144.0,3.0,0.0,65535.0,70656.0,2048.0,0.0,4096.0,4194304.0,4096.0,512.0,1495040.0,4096.0,0.0,4096.0,1048576.0,416996.0,8192.0,728064.0,512.0,6488.0,147456.0,207872.0,38400.0,755.0,0.0,0.0,0.0,0.0,12.0,0.0,0.0,0,0,1,0,0,0,1,0,1,0,0,1,1,1,0,0,0,0,0,0,0,0,0,0,0,0,1,0,0,0,0,0,0,0,0,0,1,0,0,0,0,0
5283166.0,144.0,3.0,0.0,65535.0,5275136.0,126464.0,0.0,8192.0,4194304.0,8192.0,512.0,5431296.0,1024.0,0.0,4096.0,1048576.0,5274980.0,8192.0,5275136.0,1024.0,1262.0,12288.0,1536.0,5120.0,34.0,0.0,0.0,0.0,0.0,0.0,1.0,1.0,0,0,1,0,0,0,1,0,0,0,0,1,1,1,0,0,0,0,0,0,0,0,0,0,0,0,1,0,0,0,0,0,0,0,0,0,1,0,0,0,0,0
196608.0,144.0,3.0,0.0,65535.0,24576.0,16384.0,0.0,4096.0,4194304.0,4096.0,4096.0,204800.0,4096.0,0.0,4096.0,1048576.0,20824.0,4096.0,24576.0,4096.0,2070894.0,4009984.0,0.0,0.0,1.0,0.0,0.0,1.0,0.0,1.0,1.0,26.0,0,0,1,0,0,0,0,0,0,0,0,1,1,1,0,0,0,0,0,0,0,0,0,0,0,0,1,1,0,0,0,0,0,0,0,0,1,0,0,0,0,0
4704.0,144.0,3.0,0.0,65535.0,41472.0,615936.0,0.0,4096.0,5368709120.0,4096.0,512.0,675840.0,1024.0,0.0,4096.0,1048576.0,41248.0,4096.0,41472.0,1024.0,35934.0,49152.0,36352.0,42496.0,0.0,0.0,0.0,0.0,0.0,3.0,2.0,66.0,1,0,1,1,0,0,1,0,1,0,0,0,1,1,0,0,0,0,0,0,0,0,0,0,0,0,1,0,0,0,0,0,0,0,0,0,1,0,0,0,0,0
4572.0,144.0,3.0,0.0,65535.0,32768.0,8192.0,0.0,4096.0,4194304.0,4096.0,4096.0,45056.0,4096.0,99915.0,4096.0,1048576.0,30548.0,4096.0,32768.0,4096.0,13126.0,90112.0,16384.0,90112.0,13.0,0.0,0.0,0.0,0.0,0.0,1.0,47.0,0,0,1,0,0,0,1,0,0,0,0,1,1,1,0,0,0,0,0,0,0,0,0,0,0,0,1,0,0,0,0,0,0,0,0,0,1,0,0,0,0,0
5524.0,144.0,3.0,0.0,65535.0,4608.0,8704.0,0.0,4096.0,5368709120.0,4096.0,512.0,36864.0,1024.0,0.0,4096.0,1048576.0,4204.0,4096.0,4608.0,1024.0,5100.0,12288.0,5120.0,5632.0,0.0,0.0,0.0,0.0,0.0,0.0,8.0,49.0,1,0,0,1,0,0,1,0,1,0,0,0,1,1,0,0,0,0,0,0,0,0,0,0,0,0,1,0,0,0,0,0,0,0,0,0,1,0,0,0,0,0
17092495.0,144.0,3.0,0.0,65535.0,2271744.0,4026368.0,0.0,4096.0,5368709120.0,4096.0,512.0,21573632.0,1024.0,9812467.0,4096.0,1048576.0,2271448.0,4096.0,0.0,0.0,720068.0,2277376.0,0.0,0.0,0.0,0.0,0.0,0.0,0.0,0.0,9.0,9.0,1,0,0,1,0,0,1,0,1,0,0,0,1,1,0,0,0,0,0,0,0,0,0,1,0,0,1,0,0,0,0,0,0,0,0,0,1,0,0,1,0,0
3645440.0,144.0,3.0,0.0,65535.0,1400320.0,243712.0,0.0,8192.0,4194304.0,8192.0,512.0,3653632.0,1024.0,2261705.0,4096.0,1048576.0,7772.0,4096.0,8192.0,1024.0,6980.0,12288.0,7168.0,9216.0,174.0,0.0,0.0,0.0,0.0,0.0,2.0,2.0,0,0,1,0,0,0,1,0,0,0,0,0,0,0,0,0,0,0,0,0,0,0,0,0,0,0,1,0,0,0,0,0,0,0,0,0,1,0,0,0,0,0
147456.0,144.0,3.0,0.0,65535.0,139264.0,183296.0,0.0,4096.0,4194304.0,4096.0,512.0,5648384.0,1024.0,3577736.0,4096.0,1048576.0,40004.0,8192.0,40448.0,512.0,434748.0,1916928.0,435200.0,1903616.0,0.0,0.0,0.0,0.0,0.0,0.0,0.0,0.0,0,0,1,0,0,0,0,0,0,0,0,0,1,1,0,0,0,0,0,0,0,0,0,0,0,0,1,0,0,0,0,0,0,0,0,0,1,0,0,0,0,0
9331.0,80.0,3.0,0.0,65535.0,180224.0,940544.0,0.0,4096.0,5368709120.0,4096.0,4096.0,6365184.0,1536.0,0.0,4096.0,1048576.0,842934.0,4096.0,363520.0,1024.0,258842.0,196608.0,0.0,77312.0,874.0,0.0,0.0,0.0,0.0,0.0,31.0,13.0,0,0,1,1,0,0,0,0,0,0,0,0,0,1,0,0,0,0,0,0,0,0,0,0,0,0,1,0,0,0,0,0,0,0,0,0,1,0,0,0,0,0
6176.0,144.0,3.0,0.0,65535.0,4096.0,8192.0,0.0,4096.0,4194304.0,4096.0,4096.0,16384.0,4096.0,0.0,4096.0,1048576.0,2416.0,4096.0,4096.0,4096.0,690.0,8192.0,4096.0,8192.0,2.0,0.0,0.0,0.0,0.0,0.0,2.0,25.0,0,0,0,0,0,0,1,0,0,0,0,1,1,1,0,0,0,0,0,0,0,0,0,0,0,0,1,0,0,0,0,0,0,0,0,0,1,0,0,0,0,0
8816.0,144.0,3.0,0.0,65535.0,119296.0,29184.0,0.0,8192.0,4194304.0,8192.0,512.0,172032.0,512.0,0.0,4096.0,1048576.0,118820.0,8192.0,119296.0,512.0,32880.0,167936.0,33280.0,161280.0,13.0,0.0,0.0,0.0,0.0,2.0,0.0,0.0,0,0,1,0,0,0,1,0,0,0,0,1,1,1,0,0,0,0,0,0,0,0,0,0,0,0,1,0,0,0,0,0,0,0,0,0,1,0,0,0,0,0
163850.0,0.0,3.0,0.0,17744.0,7711232.0,375296.0,0.0,4096.0,4194304.0,8192.0,512.0,229376.0,1024.0,0.0,4096.0,1048576.0,143860.0,4096.0,601600.0,512.0,6712.0,53248.0,512.0,37888.0,0.0,0.0,0.0,0.0,0.0,11.0,0.0,12.0,0,0,0,0,0,0,1,0,0,0,0,1,1,1,0,0,0,0,0,0,0,0,0,0,0,0,1,0,0,0,0,0,0,0,0,0,1,0,0,0,0,0
13613.0,144.0,3.0,0.0,65535.0,76800.0,4608.0,0.0,8192.0,4194304.0,8192.0,512.0,106496.0,512.0,0.0,4096.0,1048576.0,76592.0,8192.0,76800.0,512.0,5286.0,32768.0,5632.0,28160.0,4662.0,320.0,272.0,0.0,0.0,0.0,1.0,1.0,0,0,1,0,0,0,1,0,1,0,0,1,1,1,0,0,0,0,0,0,0,0,0,0,0,0,1,0,0,0,0,0,0,0,0,0,1,0,0,0,0,0
450592.0,144.0,3.0,0.0,65535.0,716800.0,623616.0,0.0,4096.0,4194304.0,4096.0,512.0,1359872.0,1024.0,1404498.0,4096.0,1048576.0,716603.0,4096.0,716800.0,1024.0,182318.0,720896.0,182784.0,717824.0,7.0,0.0,0.0,0.0,0.0,5.0,9.0,231.0,0,0,1,0,0,0,1,0,0,0,0,0,1,1,0,0,0,0,0,0,0,0,0,0,0,0,1,0,0,0,0,0,0,0,0,0,1,0,0,0,0,0
71312.0,144.0,3.0,0.0,65535.0,1405952.0,647680.0,0.0,4096.0,4194304.0,4096.0,512.0,12173312.0,1024.0,0.0,16384.0,1048576.0,204800.0,4096.0,202240.0,1024.0,24.0,1478656.0,0.0,0.0,152.0,0.0,0.0,0.0,0.0,0.0,22.0,22.0,0,0,1,0,0,0,1,0,0,0,0,0,1,1,0,0,0,0,0,0,0,0,0,0,0,0,1,0,0,0,0,0,0,0,0,0,1,0,0,0,0,0
2361332.0,80.0,2.0,15.0,65535.0,2355200.0,410112.0,0.0,4096.0,4194304.0,4096.0,512.0,2826240.0,1024.0,0.0,16384.0,1048576.0,2348216.0,4096.0,2348544.0,1024.0,93.0,2449408.0,512.0,2398720.0,474.0,0.0,0.0,0.0,0.0,0.0,12.0,595.0,0,0,1,0,0,0,1,0,1,0,0,1,1,1,0,0,0,0,0,0,0,0,0,0,0,0,1,0,0,0,0,0,0,0,0,0,1,0,0,0,0,0
8892.0,144.0,13369.0,0.0,65535.0,829440.0,182272.0,0.0,4096.0,4194304.0,4096.0,512.0,4395008.0,1024.0,0.0,4096.0,1048576.0,8101884.0,8192.0,730624.0,1024.0,82566.0,442368.0,4096.0,80384.0,501.0,1.0,0.0,0.0,0.0,12.0,10.0,185.0,0,0,1,0,0,0,1,0,0,0,0,0,1,1,0,0,0,0,1,0,0,0,0,0,0,0,1,0,0,0,0,0,0,0,0,0,1,0,0,0,0,0
163850.0,64.0,3.0,0.0,65535.0,45056.0,211456.0,0.0,8192.0,4194304.0,4096.0,512.0,1986560.0,512.0,0.0,4096.0,1048576.0,567796.0,4096.0,871936.0,512.0,207676.0,483328.0,12288.0,37888.0,888.0,2.0,1.0,0.0,0.0,12.0,19.0,108.0,0,0,0,0,0,0,1,0,1,0,0,0,0,1,0,0,0,0,0,0,0,0,0,0,0,0,1,1,0,0,0,0,0,0,0,0,1,0,0,0,0,0
1428160.0,144.0,3.0,0.0,65535.0,352256.0,544768.0,1073152.0,1077248.0,4194304.0,4096.0,512.0,1974272.0,4096.0,0.0,4096.0,4194304.0,778116.0,8192.0,778240.0,512.0,4746.0,12288.0,5120.0,8704.0,15.0,0.0,0.0,0.0,0.0,4.0,18.0,23.0,0,0,1,0,0,0,1,0,0,0,0,0,0,1,0,0,0,0,0,0,0,0,0,0,0,0,1,0,0,0,0,0,0,0,0,0,1,0,0,0,0,0
4096.0,144.0,3.0,0.0,65535.0,7680.0,1536.0,0.0,4096.0,4194304.0,4096.0,512.0,20480.0,512.0,0.0,4096.0,1048576.0,6228.0,8192.0,6656.0,1536.0,10898.0,32768.0,11264.0,29696.0,71.0,0.0,0.0,0.0,0.0,3.0,3.0,35.0,0,0,1,0,0,0,1,0,0,0,0,1,1,1,0,0,0,0,0,0,0,0,0,0,0,0,1,0,0,0,0,0,0,0,0,0,1,0,0,0,0,0
941683.0,144.0,3.0,0.0,65535.0,1145856.0,394240.0,0.0,4096.0,4194304.0,4096.0,512.0,1560576.0,1024.0,0.0,4096.0,1048576.0,1122497.0,4096.0,1122816.0,1024.0,177834.0,1155072.0,178176.0,1146880.0,0.0,0.0,0.0,0.0,0.0,0.0,0.0,0.0,0,0,1,0,0,0,1,0,0,0,0,0,1,1,0,0,0,0,0,0,0,0,0,0,0,0,1,0,0,0,0,0,0,0,0,0,1,0,0,0,0,0
70002.0,144.0,3.0,0.0,65535.0,24064.0,18944.0,0.0,4096.0,4194304.0,4096.0,512.0,131072.0,1024.0,0.0,4096.0,1048576.0,23847.0,69632.0,24064.0,1024.0,9217.0,94208.0,9728.0,25088.0,0.0,0.0,0.0,1.0,0.0,1.0,4.0,86.0,0,0,1,0,0,0,1,0,0,0,0,0,1,1,0,0,0,0,0,0,0,0,0,0,0,0,1,0,0,0,0,0,0,0,0,0,1,0,0,0,0,0
2105436.0,144.0,3.0,0.0,65535.0,330752.0,331264.0,0.0,4096.0,4194304.0,8192.0,512.0,6131712.0,1024.0,0.0,4096.0,1048576.0,26962.0,4096.0,893952.0,1024.0,5503.0,10301440.0,110080.0,131072.0,0.0,0.0,0.0,1.0,0.0,0.0,1.0,0.0,0,0,1,0,0,0,1,0,0,0,0,0,1,1,0,0,0,0,0,0,0,0,0,0,0,0,1,0,0,0,0,0,0,0,0,0,1,0,0,0,0,0
105054.0,80.0,3.0,0.0,65535.0,5120.0,211456.0,0.0,4096.0,4194304.0,4096.0,512.0,286720.0,1024.0,0.0,4096.0,1048576.0,73688.0,4096.0,185344.0,1024.0,48454.0,61440.0,2560000.0,408064.0,851.0,0.0,0.0,0.0,0.0,11.0,0.0,0.0,0,0,0,0,0,0,1,0,0,0,0,1,1,1,0,0,0,0,0,0,0,0,0,0,0,0,1,0,0,0,0,0,0,0,0,0,1,0,0,0,0,0
380864.0,144.0,3.0,0.0,65535.0,5120.0,2048.0,0.0,4096.0,5368709120.0,4096.0,512.0,32768.0,4096.0,0.0,4096.0,1048576.0,682086.0,4096.0,8192.0,1024.0,4933254.0,61440.0,207872.0,467456.0,885.0,0.0,0.0,0.0,0.0,7.0,3.0,4.0,0,0,1,0,0,0,1,0,0,0,0,1,1,1,0,0,0,0,0,0,0,0,0,0,0,0,1,0,0,0,0,0,0,0,0,0,1,0,0,0,0,0
379218.0,144.0,3.0,0.0,65535.0,371200.0,372736.0,0.0,8192.0,4194304.0,8192.0,512.0,770048.0,512.0,0.0,4096.0,1048576.0,371032.0,8192.0,371200.0,512.0,195982.0,585728.0,196096.0,582656.0,0.0,0.0,0.0,0.0,0.0,0.0,0.0,0.0,0,0,1,0,0,0,1,0,1,0,0,1,1,1,0,0,0,0,0,0,0,0,0,0,0,0,1,0,0,0,0,0,0,0,0,0,1,0,0,0,0,0
412832.0,144.0,3.0,0.0,65535.0,2301952.0,462336.0,0.0,4096.0,4194304.0,4096.0,512.0,7467008.0,1536.0,0.0,4096.0,1048576.0,2301796.0,4096.0,2301952.0,1536.0,2233048.0,2306048.0,2233344.0,2303488.0,0.0,0.0,0.0,0.0,0.0,0.0,1.0,40.0,1,0,0,1,0,0,1,0,1,0,0,0,1,1,0,0,0,0,0,0,0,0,0,0,0,0,1,0,0,0,0,0,0,0,0,0,1,0,0,0,0,0
698846.0,144.0,3.0,0.0,65535.0,690688.0,102400.0,0.0,8192.0,4194304.0,8192.0,512.0,819200.0,512.0,0.0,4096.0,1048576.0,690668.0,8192.0,690688.0,512.0,766.0,8192.0,4096.0,8192.0,251.0,0.0,0.0,0.0,0.0,0.0,1.0,1.0,0,0,1,0,0,0,1,0,1,0,0,1,1,1,0,0,0,0,0,0,0,0,0,0,0,0,1,0,0,0,0,0,0,0,0,0,1,0,0,0,0,0
262145.0,144.0,3.0,0.0,65535.0,49152.0,155648.0,0.0,4096.0,4194304.0,4096.0,512.0,274432.0,1536.0,0.0,4096.0,1048576.0,1328158.0,4096.0,1328640.0,1024.0,4096.0,53248.0,2048.0,29696.0,244.0,0.0,0.0,0.0,0.0,0.0,5.0,7.0,0,0,1,0,0,0,1,0,0,0,0,0,1,1,0,0,0,0,0,0,0,0,0,0,0,0,1,0,0,0,0,0,0,0,0,0,1,0,0,0,1,0
75130.0,144.0,3.0,0.0,65535.0,24576.0,12288.0,0.0,4096.0,4194304.0,4096.0,4096.0,40960.0,4096.0,48852.0,4096.0,1048576.0,22900.0,4096.0,24576.0,4096.0,102684.0,503808.0,106496.0,503808.0,19.0,0.0,0.0,0.0,0.0,3.0,0.0,0.0,0,0,1,0,0,0,1,0,0,0,0,0,1,1,0,0,0,0,0,0,0,0,0,0,0,0,1,0,0,0,0,0,0,0,0,0,1,0,0,0,0,0
137390.0,144.0,3.0,0.0,65535.0,129536.0,2048.0,0.0,8192.0,4194304.0,8192.0,512.0,155648.0,512.0,0.0,4096.0,1048576.0,129204.0,8192.0,129536.0,512.0,3110660.0,8458240.0,3110912.0,8453632.0,56.0,0.0,0.0,0.0,0.0,0.0,1.0,1.0,0,0,0,0,0,0,1,0,0,0,0,1,1,1,0,0,0,0,0,0,0,0,0,0,0,0,1,0,0,0,0,0,0,0,0,0,1,0,0,0,0,0
109313.0,144.0,3.0,0.0,65535.0,185856.0,167936.0,0.0,4096.0,4194304.0,4096.0,512.0,438272.0,1024.0,374528.0,4096.0,1048576.0,188416.0,4096.0,185856.0,1024.0,65536.0,192512.0,62976.0,186880.0,4192.0,29.0,1.0,0.0,0.0,4.0,3.0,118.0,0,0,0,0,0,0,0,0,0,0,0,0,0,1,0,0,0,0,0,0,0,0,0,0,0,0,1,0,0,0,0,0,0,0,0,0,1,0,0,0,0,0
233550.0,144.0,3.0,0.0,65535.0,829440.0,65536.0,0.0,4096.0,4194304.0,4096.0,512.0,221184.0,1024.0,0.0,4096.0,1048576.0,318468.0,20480.0,495616.0,1024.0,77858.0,1683456.0,4096.0,37888.0,899.0,0.0,0.0,0.0,0.0,8.0,3.0,0.0,0,0,0,1,0,0,1,0,0,0,0,1,1,1,0,0,0,0,0,0,0,0,0,0,0,0,1,0,0,0,0,0,0,0,0,0,1,0,0,0,0,0
48190.0,144.0,3.0,0.0,65535.0,40448.0,2048.0,0.0,8192.0,4194304.0,8192.0,512.0,65536.0,512.0,0.0,4096.0,1048576.0,40004.0,8192.0,40448.0,512.0,205449.0,684032.0,205824.0,678912.0,12.0,0.0,0.0,0.0,0.0,0.0,0.0,0.0,0,0,0,0,0,0,1,0,0,0,0,1,1,1,0,0,0,0,0,0,0,0,0,0,0,0,1,0,0,0,0,0,0,0,0,0,1,0,0,0,0,0
97458.0,144.0,3.0,0.0,65535.0,25600.0,331264.0,0.0,4096.0,5368709120.0,4096.0,512.0,512000.0,1024.0,0.0,4096.0,1048576.0,4086.0,4096.0,185344.0,1536.0,61398.0,36864.0,12288.0,50176.0,901.0,0.0,0.0,0.0,0.0,0.0,1.0,79.0,0,0,0,0,0,0,1,0,1,0,0,1,1,1,0,0,0,0,0,0,0,0,0,0,0,0,1,0,0,0,0,0,0,0,0,0,1,0,0,0,0,0
71644.0,80.0,2.0,15.0,65535.0,66560.0,409600.0,0.0,4096.0,4194304.0,4096.0,512.0,516096.0,1024.0,0.0,16384.0,1048576.0,62020.0,4096.0,62464.0,1024.0,24.0,110592.0,512.0,75264.0,698.0,0.0,0.0,0.0,0.0,3.0,5.0,43.0,0,0,1,0,0,0,1,0,0,0,0,0,1,1,0,0,0,0,0,0,0,0,0,0,0,0,1,0,0,0,0,0,0,0,0,0,1,0,0,0,0,0
310936.0,144.0,3.0,0.0,65535.0,357376.0,182272.0,0.0,4096.0,4194304.0,4096.0,512.0,626688.0,1024.0,0.0,4096.0,1048576.0,357287.0,4096.0,357376.0,1024.0,48538.0,364544.0,48640.0,358400.0,831.0,0.0,0.0,0.0,0.0,3.0,13.0,452.0,0,0,1,0,0,0,0,0,0,0,0,0,0,1,0,0,0,0,0,0,0,0,0,0,0,0,1,0,0,0,0,0,0,0,0,0,1,0,0,0,0,0
6144.0,144.0,3.0,0.0,65535.0,153088.0,11776.0,0.0,4096.0,353959936.0,4096.0,512.0,249856.0,1024.0,0.0,4096.0,1048576.0,152704.0,4096.0,153088.0,1024.0,6792.0,159744.0,7168.0,154112.0,6.0,0.0,0.0,0.0,0.0,0.0,6.0,52.0,0,0,1,0,0,0,1,0,0,0,0,0,0,1,0,0,0,0,0,0,0,0,0,0,0,0,1,0,0,0,0,0,0,0,0,0,1,0,0,0,0,0
82582.0,144.0,3.0,0.0,65535.0,74752.0,19968.0,0.0,8192.0,4194304.0,8192.0,512.0,122880.0,512.0,0.0,4096.0,1048576.0,74432.0,8192.0,74752.0,512.0,105594.0,610304.0,105984.0,605696.0,32.0,0.0,0.0,0.0,0.0,0.0,1.0,1.0,0,0,1,0,0,0,1,0,1,0,0,1,1,1,0,0,0,0,0,0,0,0,0,0,0,0,1,0,0,0,0,0,0,0,0,0,1,0,0,0,0,0
4825360.0,144.0,3.0,0.0,65535.0,495104.0,118784.0,0.0,4096.0,4194304.0,4096.0,512.0,630784.0,1024.0,0.0,4096.0,1048576.0,494993.0,4096.0,495104.0,1024.0,61956.0,499712.0,62464.0,496128.0,127.0,0.0,0.0,0.0,0.0,3.0,0.0,0.0,0,0,0,0,0,0,1,0,0,0,0,0,0,1,0,0,0,0,0,0,0,0,0,0,0,0,1,0,0,0,0,0,0,0,0,0,1,0,0,0,0,0
1276656.0,144.0,3.0,0.0,65535.0,389120.0,40960.0,888832.0,892928.0,4194304.0,4096.0,512.0,1323008.0,4096.0,0.0,4096.0,1048576.0,807322.0,4096.0,807424.0,1024.0,231692.0,815104.0,231936.0,808448.0,410.0,8.0,0.0,0.0,0.0,3.0,11.0,16.0,0,0,1,0,0,0,1,0,0,0,0,0,1,1,0,0,0,0,0,0,0,0,0,0,0,0,1,0,0,0,0,0,0,0,0,0,1,0,0,0,0,0
39196.0,80.0,2.0,15.0,65535.0,37376.0,297984.0,0.0,4096.0,4194304.0,4096.0,512.0,364544.0,1024.0,0.0,16384.0,1048576.0,44304.0,4096.0,44544.0,1024.0,24.0,61440.0,512.0,41984.0,0.0,0.0,0.0,0.0,0.0,0.0,5.0,40.0,0,0,1,0,0,0,0,0,0,0,0,0,0,1,0,0,0,0,0,0,0,0,0,0,0,0,1,0,0,0,0,0,0,0,0,0,1,0,0,0,0,0
107871.0,64.0,3.0,0.0,65535.0,30720.0,199168.0,0.0,4096.0,4194304.0,4096.0,512.0,5701632.0,1024.0,0.0,4096.0,1048576.0,3411651.0,4096.0,45056.0,1024.0,4732.0,2396160.0,3584.0,3350016.0,433.0,0.0,2.0,0.0,0.0,8.0,0.0,0.0,0,0,1,1,0,0,0,0,0,0,0,0,0,1,0,0,0,0,0,0,0,0,0,0,0,0,1,0,0,0,0,0,0,0,0,0,1,0,0,0,0,0
107871.0,144.0,3.0,0.0,65535.0,285696.0,106496.0,0.0,4096.0,4194304.0,8192.0,512.0,13807616.0,512.0,0.0,8192.0,1048576.0,1827876.0,4096.0,23040.0,1024.0,207676.0,172032.0,4096.0,37888.0,0.0,1.0,0.0,0.0,0.0,3.0,3.0,79.0,0,0,1,0,0,0,1,0,0,0,0,0,1,1,0,0,0,0,0,0,0,0,0,0,0,0,1,0,0,0,0,0,0,0,0,0,1,0,0,0,0,0
720906.0,144.0,3.0,0.0,65535.0,217088.0,480256.0,0.0,352256.0,4194304.0,8192.0,512.0,737280.0,1024.0,0.0,4096.0,1048576.0,216336.0,352256.0,216576.0,338944.0,4249920.0,4825088.0,4250112.0,4818944.0,53.0,0.0,0.0,0.0,0.0,4.0,1.0,1.0,0,0,1,0,0,0,1,0,1,0,0,1,1,1,0,0,0,0,0,0,0,0,0,0,0,0,1,0,0,0,0,0,0,0,0,0,1,0,0,0,0,0
1753192.0,144.0,3.0,0.0,65535.0,1110016.0,5067776.0,0.0,4096.0,4194304.0,4096.0,512.0,23912448.0,1024.0,0.0,4096.0,4194304.0,18212.0,4096.0,638976.0,1024.0,1778.0,20480.0,99328.0,360448.0,901.0,2.0,0.0,0.0,0.0,12.0,2.0,67.0,1,0,0,1,0,0,1,0,0,0,0,1,1,1,0,0,0,0,0,0,0,0,0,0,0,0,1,0,0,0,0,0,0,0,0,0,1,0,0,0,0,0
0.0,144.0,3.0,0.0,65535.0,3122176.0,116224.0,0.0,8192.0,4194304.0,8192.0,512.0,3260416.0,512.0,0.0,16384.0,1048576.0,3121936.0,8192.0,3122176.0,512.0,685432.0,3522560.0,685568.0,3512832.0,0.0,0.0,0.0,0.0,0.0,0.0,0.0,0.0,1,0,1,1,0,0,1,0,1,0,0,1,1,1,0,0,0,0,0,0,0,0,0,0,0,0,1,0,0,0,0,0,0,0,0,0,1,0,0,0,0,0
745196.0,58059.0,27551.0,16082.0,49222.0,295424.0,773120.0,0.0,4096.0,4194304.0,4096.0,512.0,1359872.0,1024.0,0.0,4096.0,1048576.0,142276.0,8192.0,142336.0,512.0,20435.0,172032.0,20480.0,166912.0,1217.0,0.0,6.0,0.0,0.0,4.0,0.0,0.0,0,0,1,0,0,0,1,0,1,0,0,1,1,1,0,0,0,0,0,0,0,0,0,0,0,0,1,0,0,0,0,0,0,0,0,0,1,0,0,0,0,0
4880.0,144.0,3.0,0.0,65535.0,125440.0,61440.0,0.0,4096.0,4194304.0,4096.0,512.0,196608.0,1024.0,227270.0,4096.0,1048576.0,125163.0,4096.0,125440.0,1024.0,36576.0,131072.0,36864.0,126464.0,2.0,0.0,0.0,0.0,0.0,0.0,2.0,83.0,0,0,1,0,0,0,1,0,0,0,0,0,1,1,0,0,0,0,0,0,0,0,0,0,0,0,1,0,0,0,0,0,0,0,0,0,1,0,0,0,0,0
163850.0,144.0,3.0,0.0,65535.0,5120.0,73728.0,0.0,8192.0,4194304.0,8192.0,512.0,163840.0,4096.0,0.0,4096.0,1048576.0,29962.0,4096.0,3348992.0,0.0,56404.0,651264.0,4096.0,37888.0,856.0,0.0,0.0,0.0,0.0,12.0,2.0,0.0,0,0,1,0,0,0,1,0,0,0,0,0,1,1,0,0,0,0,0,0,0,0,0,0,0,0,1,0,0,0,0,0,0,0,0,0,1,0,0,0,0,0
895872.0,144.0,3.0,0.0,65535.0,20480.0,16384.0,872448.0,876544.0,4194304.0,4096.0,512.0,913408.0,4096.0,761636.0,4096.0,1048576.0,64212.0,4096.0,64512.0,1024.0,7808.0,69632.0,8192.0,65536.0,62.0,0.0,0.0,1.0,0.0,0.0,8.0,13.0,0,0,1,0,0,0,0,0,0,0,0,1,0,1,0,0,0,0,0,0,0,0,0,0,0,0,1,0,0,0,0,0,0,0,0,0,1,0,0,0,0,0
660910.0,80.0,2.0,15.0,65535.0,65024.0,185856.0,0.0,4096.0,4194304.0,4096.0,512.0,294912.0,1024.0,0.0,16384.0,1048576.0,61740.0,4096.0,61952.0,1024.0,24.0,110592.0,512.0,73216.0,792.0,8.0,0.0,0.0,0.0,3.0,0.0,0.0,0,0,1,0,0,0,0,0,0,0,0,0,0,1,0,0,0,0,0,0,0,0,0,0,0,0,1,0,0,0,0,0,0,0,0,0,1,0,0,0,0,0
376252.0,144.0,3.0,0.0,65535.0,70656.0,29696.0,0.0,4096.0,4194304.0,4096.0,512.0,2322432.0,4096.0,0.0,4096.0,1048576.0,6082.0,4096.0,10295808.0,1024.0,14300.0,163840.0,9728.0,28160.0,446.0,3.0,0.0,0.0,0.0,2.0,4.0,22.0,0,0,1,0,0,0,1,0,0,0,0,0,1,1,0,0,0,0,0,0,0,0,0,0,0,0,1,0,0,0,0,0,0,0,0,0,1,0,0,0,0,0
71327.0,144.0,3.0,0.0,65535.0,108544.0,47104.0,0.0,4096.0,4194304.0,4096.0,512.0,233472.0,1024.0,0.0,4096.0,1048576.0,108058.0,69632.0,108544.0,1024.0,19114.0,180224.0,19456.0,109568.0,0.0,0.0,0.0,0.0,0.0,5.0,7.0,203.0,0,0,1,0,0,0,1,0,0,0,0,0,1,1,0,0,0,0,0,0,0,0,0,0,0,0,1,0,0,0,0,0,0,0,0,0,1,0,0,0,0,0
1149656.0,80.0,2.0,15.0,65535.0,1143296.0,1025536.0,0.0,4096.0,4194304.0,4096.0,512.0,2482176.0,1024.0,2254609.0,16384.0,1048576.0,1135220.0,4096.0,1135616.0,1024.0,24.0,1511424.0,512.0,1206272.0,14.0,0.0,0.0,0.0,0.0,4.0,10.0,179.0,0,0,1,0,0,0,1,0,0,0,0,1,1,0,0,0,0,0,0,0,0,0,0,0,0,0,1,0,0,0,0,0,0,0,0,0,1,0,0,0,0,0
48334.0,144.0,3.0,0.0,65535.0,40448.0,4608.0,0.0,8192.0,4194304.0,8192.0,512.0,65536.0,512.0,0.0,4096.0,1048576.0,40148.0,8192.0,40448.0,512.0,108946.0,696320.0,110592.0,696320.0,27.0,0.0,0.0,0.0,0.0,0.0,1.0,1.0,0,0,0,0,0,0,1,0,0,0,0,1,1,1,0,0,0,0,0,0,0,0,0,0,0,0,1,0,0,0,0,0,0,0,0,0,1,0,0,0,0,0
17860.0,144.0,3.0,0.0,65535.0,81920.0,32768.0,0.0,4096.0,4194304.0,4096.0,4096.0,126976.0,4096.0,172702.0,4096.0,1048576.0,81312.0,4096.0,81920.0,4096.0,19026.0,86016.0,20480.0,86016.0,6.0,0.0,0.0,0.0,0.0,0.0,4.0,100.0,0,0,0,0,0,0,1,0,0,0,0,0,1,1,0,0,0,0,0,0,0,0,0,0,0,0,1,0,0,0,0,0,0,0,0,0,1,0,0,0,0,0
561139.0,144.0,3.0,0.0,65535.0,14848.0,2560.0,0.0,8192.0,4194304.0,8192.0,512.0,40960.0,512.0,0.0,4096.0,1048576.0,14512.0,8192.0,14848.0,512.0,96824.0,135168.0,97280.0,130560.0,15.0,0.0,0.0,0.0,0.0,3.0,0.0,0.0,0,0,0,0,0,0,1,0,1,0,0,1,1,1,0,0,0,0,0,0,0,0,0,0,0,0,1,0,0,0,0,0,0,0,0,0,1,0,0,0,0,0
4096.0,144.0,3.0,0.0,65535.0,68608.0,19456.0,0.0,4096.0,4194304.0,4096.0,512.0,106496.0,1024.0,0.0,4096.0,1048576.0,53954.0,20480.0,54272.0,15360.0,13213.0,77824.0,13312.0,69632.0,0.0,0.0,0.0,0.0,0.0,0.0,9.0,130.0,0,0,1,0,0,0,1,0,0,0,0,1,1,1,0,0,0,0,0,0,0,0,0,0,0,0,1,0,0,0,0,0,0,0,0,0,1,0,0,0,0,0
4096.0,144.0,3.0,0.0,65535.0,1649664.0,1106432.0,0.0,4096.0,4194304.0,4096.0,512.0,2805760.0,1024.0,2774998.0,4096.0,1048576.0,1649417.0,4096.0,1649664.0,1024.0,384596.0,1654784.0,385024.0,1650688.0,1.0,0.0,0.0,0.0,0.0,3.0,0.0,0.0,0,0,1,0,0,0,1,0,0,0,0,0,1,1,0,0,0,0,0,0,0,0,0,0,0,0,1,0,0,0,0,0,0,0,0,0,1,0,0,0,0,0
107871.0,144.0,3.0,0.0,65535.0,285696.0,2048.0,0.0,8192.0,4194304.0,4096.0,512.0,13807616.0,512.0,0.0,4096.0,1048576.0,844284.0,8192.0,2055680.0,4096.0,56636.0,36864.0,512.0,521216.0,0.0,0.0,1.0,0.0,0.0,0.0,2.0,21.0,0,0,1,0,0,0,1,0,0,0,0,1,1,1,0,0,0,0,0,0,0,0,0,0,0,0,1,0,0,0,0,0,0,0,0,0,1,0,0,0,0,0
33255707.0,144.0,3.0,0.0,65535.0,9011712.0,12196864.0,0.0,4096.0,5368709120.0,4096.0,512.0,34021376.0,1024.0,13025013.0,4096.0,1048576.0,3118580.0,4096.0,3118592.0,1024.0,1189902.0,3125248.0,1190400.0,3119616.0,0.0,0.0,0.0,0.0,0.0,0.0,1.0,1.0,1,0,0,1,0,0,1,0,1,0,0,0,0,1,0,0,0,0,0,0,0,0,0,0,0,0,1,0,0,0,0,0,0,0,0,0,1,0,0,0,0,0
672592.0,144.0,3.0,0.0,65535.0,5120.0,310272.0,0.0,4096.0,4194304.0,8192.0,512.0,2322432.0,1024.0,0.0,4096.0,1048576.0,1443816.0,20480.0,3072.0,512.0,990.0,585728.0,5632.0,467456.0,0.0,0.0,0.0,0.0,6.0,11.0,31.0,111.0,0,0,0,1,0,0,1,0,1,0,0,1,1,1,0,0,0,0,1,0,0,0,0,0,0,0,1,1,0,0,0,0,0,0,0,0,1,0,0,0,0,0
21361456.0,144.0,2.0,0.0,65535.0,4594688.0,94208.0,0.0,4096.0,4194304.0,4096.0,512.0,1331200.0,4096.0,0.0,4096.0,1048576.0,42122.0,4096.0,25600.0,1536.0,258842.0,143360.0,12288.0,181248.0,20.0,0.0,0.0,0.0,0.0,4.0,3.0,0.0,1,0,0,0,0,0,1,0,1,0,0,0,1,1,0,0,0,0,0,0,0,0,0,0,0,0,1,0,0,0,0,0,0,0,0,0,1,0,0,0,0,0
13594.0,144.0,3.0,0.0,65535.0,28672.0,0.0,0.0,4096.0,4194304.0,4096.0,512.0,352256.0,4096.0,0.0,4096.0,1048576.0,688773.0,4096.0,728064.0,4096.0,4933254.0,143360.0,512.0,229888.0,0.0,3.0,0.0,0.0,0.0,12.0,0.0,112.0,0,0,0,1,0,0,1,0,0,0,0,1,1,1,0,0,0,0,0,0,0,0,0,0,0,0,1,0,0,0,0,0,0,0,0,0,1,0,0,0,0,0
233550.0,144.0,3.0,0.0,65535.0,28672.0,13312.0,0.0,4096.0,4194304.0,4096.0,512.0,20070400.0,512.0,1296063.0,4096.0,1048576.0,3781812.0,8192.0,8218112.0,1024.0,45902.0,483328.0,99328.0,15872.0,756.0,1.0,1.0,0.0,0.0,0.0,1.0,10.0,0,0,0,0,0,0,1,0,0,0,0,0,1,1,0,0,0,0,0,0,0,0,0,0,0,0,1,1,0,0,0,0,0,0,0,0,1,0,0,0,0,0
0.0,144.0,3.0,0.0,65535.0,173568.0,3814912.0,0.0,3776512.0,4194304.0,8192.0,512.0,4005888.0,1024.0,0.0,16384.0,1048576.0,173100.0,3776512.0,173568.0,3768832.0,137962.0,368640.0,0.0,0.0,0.0,0.0,0.0,0.0,0.0,0.0,0.0,0.0,1,0,1,1,0,0,1,0,1,0,0,1,1,1,0,0,0,0,0,0,0,0,0,0,0,0,1,0,0,0,0,0,0,0,0,0,1,0,0,0,0,0
71077.0,144.0,1.0,0.0,65535.0,5171200.0,940544.0,0.0,4096.0,4194304.0,4096.0,512.0,421888.0,1024.0,0.0,4096.0,1048576.0,119251.0,4096.0,365568.0,1024.0,5326.0,1802240.0,0.0,152576.0,692.0,0.0,0.0,0.0,0.0,6.0,1.0,992.0,0,1,0,0,0,0,0,0,0,0,0,0,0,1,0,0,0,0,0,0,0,0,0,0,0,0,1,0,0,0,0,0,0,0,0,0,1,0,0,0,0,0
163850.0,144.0,3.0,0.0,65535.0,1308672.0,699904.0,0.0,4096.0,4194304.0,4096.0,512.0,3760128.0,512.0,651309.0,4096.0,1048576.0,299693.0,4096.0,94720.0,1024.0,130966.0,5283840.0,8704.0,847872.0,890.0,3.0,0.0,0.0,0.0,11.0,1.0,0.0,0,0,0,0,0,0,1,0,0,0,0,0,1,1,0,0,0,0,0,0,0,0,0,0,0,0,1,0,0,0,0,0,0,0,0,0,1,0,0,0,1,0
27998.0,144.0,3.0,0.0,65535.0,19968.0,11776.0,0.0,8192.0,4194304.0,8192.0,512.0,57344.0,512.0,0.0,4096.0,1048576.0,19812.0,8192.0,19968.0,512.0,25848.0,176128.0,26112.0,169984.0,0.0,0.0,0.0,0.0,0.0,0.0,1.0,1.0,0,0,1,0,0,0,1,0,1,0,0,1,1,1,0,0,0,0,0,0,0,0,0,0,0,0,1,0,0,0,0,0,0,0,0,0,1,0,0,0,0,0
3850240.0,80.0,2.0,15.0,65535.0,1022976.0,1031680.0,0.0,4096.0,4194304.0,4096.0,512.0,3854336.0,1024.0,2222297.0,16384.0,1048576.0,404148.0,8192.0,404480.0,512.0,22952.0,65536.0,23040.0,59392.0,28.0,0.0,0.0,0.0,0.0,0.0,2.0,2.0,0,0,1,0,0,0,1,0,1,0,0,1,1,1,0,0,0,0,0,0,0,0,0,0,0,0,1,0,0,0,0,0,0,0,0,0,1,0,0,0,0,0
242205.0,64.0,1.0,0.0,65535.0,33280.0,194048.0,0.0,4096.0,4194304.0,4096.0,512.0,434176.0,512.0,0.0,28672.0,1048576.0,6564.0,8192.0,6656.0,512.0,11236.0,122880.0,0.0,0.0,836.0,8.0,0.0,0.0,0.0,0.0,9.0,10.0,0,0,1,0,0,0,1,0,1,0,0,1,1,1,0,0,0,0,0,0,0,0,0,0,0,0,1,0,0,0,0,0,0,0,0,0,1,0,0,0,0,0
107871.0,144.0,3.0,0.0,65535.0,5818368.0,723968.0,0.0,4096.0,4194304.0,4096.0,512.0,577536.0,1024.0,0.0,4096.0,1048576.0,469936.0,4096.0,40960.0,1024.0,1639346.0,106496.0,512.0,152576.0,783.0,0.0,0.0,0.0,0.0,8.0,1.0,235.0,0,0,0,0,0,0,1,0,0,0,0,0,1,1,0,0,0,0,1,0,0,0,0,0,0,0,1,1,0,0,0,0,0,0,0,0,1,0,0,0,0,0
13594.0,144.0,3.0,0.0,65535.0,2438144.0,384000.0,0.0,1167360.0,4194304.0,8192.0,512.0,57344.0,512.0,1296063.0,4096.0,1048576.0,749360.0,4096.0,4608.0,1024.0,31434.0,389120.0,10752.0,548352.0,901.0,3.0,0.0,0.0,0.0,12.0,18.0,0.0,0,0,1,0,0,0,1,0,0,0,0,1,1,1,0,0,0,0,1,0,0,0,0,0,0,0,1,1,0,0,0,0,0,0,0,0,1,0,0,0,0,0
205388.0,144.0,3.0,0.0,65535.0,216576.0,56832.0,0.0,4096.0,4194304.0,4096.0,512.0,286720.0,1024.0,0.0,4096.0,1048576.0,216354.0,4096.0,216576.0,1024.0,44254.0,221184.0,44544.0,217600.0,6.0,0.0,0.0,0.0,0.0,0.0,5.0,125.0,0,0,0,0,0,0,1,0,1,0,0,1,1,1,0,0,0,0,0,0,0,0,0,0,0,0,1,0,0,0,0,0,0,0,0,0,1,0,0,0,0,0
160796.0,144.0,3.0,0.0,65535.0,247808.0,209920.0,0.0,4096.0,4194304.0,4096.0,512.0,491520.0,1024.0,472735.0,4096.0,1048576.0,247395.0,4096.0,247808.0,1024.0,66012.0,253952.0,66048.0,248832.0,24.0,0.0,0.0,0.0,0.0,5.0,15.0,376.0,0,0,1,0,0,0,1,0,0,0,0,0,1,1,0,0,0,0,0,0,0,0,0,0,0,0,1,0,0,0,0,0,0,0,0,0,1,0,0,0,0,0
380864.0,144.0,3.0,0.0,65535.0,24576.0,65536.0,0.0,4096.0,4194304.0,4096.0,512.0,86016.0,4096.0,0.0,4096.0,1048576.0,19812.0,4096.0,1536.0,512.0,76688.0,10301440.0,207872.0,28160.0,0.0,2.0,0.0,0.0,0.0,10.0,11.0,0.0,0,0,1,1,0,0,1,0,0,0,0,0,0,1,0,0,0,0,0,0,0,0,0,0,0,0,1,0,0,0,0,0,0,0,0,0,1,0,0,0,0,0
5376.0,144.0,3.0,0.0,65535.0,5001216.0,6800384.0,3297280.0,4096.0,4194304.0,4096.0,512.0,10121216.0,4096.0,6829808.0,4096.0,1048576.0,5001168.0,4096.0,5001216.0,4096.0,776704.0,5283840.0,776704.0,5280768.0,0.0,0.0,0.0,0.0,0.0,0.0,10.0,466.0,1,0,0,1,0,0,1,0,0,0,0,1,1,1,0,0,0,0,1,0,0,0,0,0,0,0,1,0,0,0,0,0,0,0,0,0,1,0,0,0,0,0
380864.0,144.0,3.0,0.0,65535.0,28672.0,65536.0,0.0,4096.0,4194304.0,4096.0,512.0,1495040.0,1024.0,0.0,4096.0,1048576.0,4303044.0,4096.0,10295808.0,1024.0,24.0,1376256.0,512.0,1029120.0,844.0,0.0,2.0,0.0,0.0,10.0,1.0,21.0,0,0,1,0,0,0,1,0,1,0,0,0,1,1,0,0,0,0,0,0,0,0,0,0,0,0,1,0,0,0,0,0,0,0,0,0,1,0,0,0,0,0
8063153.0,144.0,3.0,0.0,65535.0,1805312.0,5623808.0,0.0,4096.0,5368709120.0,4096.0,512.0,5931008.0,1024.0,100097.0,4096.0,1048576.0,7749626.0,4096.0,252928.0,1024.0,6406.0,1048576.0,4942336.0,0.0,0.0,0.0,1.0,0.0,0.0,0.0,0.0,0.0,1,0,0,1,0,0,1,0,1,0,0,0,1,1,0,0,0,0,0,0,0,0,0,0,0,0,1,0,0,0,0,0,0,0,0,0,1,0,0,0,0,0
40332.0,144.0,3.0,0.0,35593.0,490496.0,1600000.0,0.0,4096.0,4194304.0,4096.0,512.0,1310720.0,1536.0,2270409.0,4096.0,1048576.0,36772.0,1152.0,352256.0,15872.0,35976.0,1802240.0,1066496.0,4399616.0,881.0,3.0,2.0,0.0,0.0,3.0,1.0,18.0,1,0,0,1,0,0,1,0,1,0,0,0,1,1,0,0,0,0,0,0,0,0,0,0,0,0,1,0,0,0,0,0,0,0,0,0,1,0,0,0,0,0
35472.0,144.0,3.0,0.0,65535.0,307712.0,152064.0,0.0,4096.0,4194304.0,4096.0,512.0,475136.0,1024.0,463504.0,4096.0,1048576.0,307535.0,4096.0,307712.0,1024.0,117562.0,315392.0,117760.0,308736.0,4.0,0.0,0.0,0.0,0.0,0.0,4.0,92.0,0,0,1,0,0,0,1,0,0,0,0,0,1,1,0,0,0,0,0,0,0,0,0,0,0,0,1,0,0,0,0,0,0,0,0,0,1,0,0,0,0,0
6930.0,144.0,3.0,0.0,65535.0,47616.0,214016.0,0.0,4096.0,4194304.0,4096.0,512.0,274432.0,1024.0,0.0,4096.0,1048576.0,47287.0,4096.0,47616.0,1024.0,203518.0,53248.0,203776.0,48640.0,39816.0,0.0,0.0,0.0,0.0,0.0,3.0,74.0,0,0,1,0,0,0,1,0,0,0,1,0,1,1,0,0,0,0,0,0,0,0,0,0,0,0,1,0,0,0,0,0,0,0,0,0,1,0,0,0,0,0
29588.0,144.0,3.0,0.0,65535.0,2048.0,28160.0,0.0,8192.0,2752512.0,8192.0,512.0,65536.0,1024.0,0.0,4096.0,1048576.0,8192.0,8192.0,8192.0,8192.0,9662.0,36864.0,9728.0,31232.0,15.0,0.0,0.0,0.0,0.0,3.0,0.0,0.0,0,0,0,0,0,0,1,0,0,0,0,1,1,1,0,0,0,0,0,0,0,0,0,0,0,0,1,0,0,0,0,0,0,0,0,0,1,0,0,0,0,0
4096.0,144.0,3.0,0.0,65535.0,70656.0,20480.0,0.0,4096.0,4194304.0,4096.0,512.0,106496.0,1024.0,0.0,4096.0,1048576.0,55650.0,20480.0,55808.0,15872.0,13221.0,77824.0,13312.0,71680.0,12.0,0.0,0.0,0.0,0.0,0.0,0.0,0.0,0,0,0,0,0,0,1,0,0,0,0,0,1,1,0,0,0,0,0,0,0,0,0,0,0,0,1,0,0,0,0,0,0,0,0,0,1,0,0,0,0,0
26967.0,144.0,3.0,0.0,65535.0,45056.0,339968.0,0.0,4096.0,4194304.0,4096.0,4096.0,389120.0,4096.0,0.0,4096.0,1048576.0,42466.0,4096.0,45056.0,4096.0,3968.0,49152.0,4096.0,49152.0,30.0,0.0,0.0,0.0,0.0,0.0,3.0,110.0,0,0,1,0,0,0,1,0,0,0,0,0,0,1,0,0,0,0,0,0,0,0,0,0,0,0,1,0,0,0,0,0,0,0,0,0,1,0,0,0,0,0
743662.0,144.0,3.0,0.0,65535.0,6656.0,2048.0,0.0,8192.0,4194304.0,8192.0,512.0,32768.0,512.0,0.0,4096.0,1048576.0,6232.0,8192.0,6656.0,512.0,24.0,417792.0,512.0,394752.0,29.0,0.0,0.0,0.0,0.0,5.0,0.0,0.0,0,0,1,0,0,0,1,0,0,0,0,1,1,1,0,0,0,0,0,0,0,0,0,0,0,0,1,0,0,0,0,0,0,0,0,0,1,0,0,0,0,0
163850.0,64.0,3.0,0.0,65535.0,1483264.0,299640.0,0.0,4096.0,4194304.0,8192.0,512.0,4395008.0,1024.0,0.0,4096.0,1048576.0,1080094.0,4096.0,94720.0,512.0,207676.0,811008.0,207872.0,229888.0,439.0,0.0,0.0,0.0,0.0,11.0,0.0,10.0,0,0,0,0,0,0,1,0,1,0,0,0,1,1,0,0,0,0,0,0,0,0,0,0,0,0,1,0,0,0,0,0,0,0,0,0,1,0,0,0,0,0
1024001.0,80.0,2.0,15.0,65535.0,821760.0,157184.0,0.0,4096.0,4194304.0,4096.0,512.0,1036288.0,1024.0,0.0,16384.0,1048576.0,806912.0,4096.0,282112.0,1024.0,4096.0,905216.0,512.0,310784.0,138.0,0.0,0.0,0.0,0.0,0.0,10.0,12.0,0,0,0,0,0,0,1,0,0,0,0,0,0,1,0,0,0,0,1,0,0,0,0,0,0,0,1,1,0,0,0,0,0,0,0,0,1,0,0,0,1,0
377680.0,21061.0,3.0,0.0,65535.0,1798144.0,3341312.0,0.0,4096.0,4194304.0,8192.0,512.0,352256.0,1024.0,0.0,4096.0,1048576.0,1539188.0,4096.0,62464.0,1024.0,5082.0,53248.0,512.0,0.0,899.0,1.0,0.0,0.0,0.0,11.0,0.0,88.0,1,0,0,1,0,0,1,0,0,0,0,0,1,1,0,0,0,0,1,0,0,0,0,0,0,0,1,1,0,0,0,0,0,0,0,0,1,0,0,0,0,0
383456.0,144.0,3.0,0.0,65535.0,661504.0,102912.0,0.0,4096.0,4194304.0,4096.0,512.0,1855488.0,1536.0,0.0,4096.0,1048576.0,661413.0,4096.0,661504.0,1536.0,690400.0,667648.0,690688.0,663040.0,16.0,0.0,0.0,0.0,0.0,5.0,1.0,39.0,1,0,0,1,0,0,1,0,1,0,0,0,1,1,0,0,0,0,0,0,0,0,0,0,0,0,1,0,0,0,0,0,0,0,0,0,1,0,0,0,0,0
7641678.0,144.0,3.0,0.0,65535.0,5120.0,299640.0,0.0,4096.0,4194304.0,8192.0,512.0,81920.0,512.0,0.0,4096.0,1048576.0,82052.0,8192.0,364544.0,4096.0,255498.0,638976.0,207872.0,33792.0,0.0,0.0,0.0,0.0,0.0,11.0,0.0,0.0,0,0,1,0,0,0,1,0,0,0,0,1,1,1,0,0,0,0,0,0,0,0,0,0,0,0,1,0,0,0,0,0,0,0,0,0,1,0,0,0,0,0
1191731.0,144.0,25218.0,50418.0,63231.0,1697280.0,201216.0,0.0,4096.0,4194304.0,4096.0,512.0,1912832.0,1024.0,1945505.0,4096.0,1048576.0,1697074.0,4096.0,1697280.0,1024.0,26856.0,1703936.0,27136.0,1698304.0,4.0,0.0,0.0,0.0,0.0,0.0,5.0,190.0,0,0,0,0,0,0,1,0,0,0,0,1,1,1,0,0,0,0,0,0,0,0,0,0,0,0,1,0,0,0,0,0,0,0,0,0,1,0,0,0,0,0
220297.0,144.0,3.0,0.0,65535.0,324608.0,723456.0,0.0,4096.0,4194304.0,4096.0,512.0,1064960.0,1024.0,0.0,4096.0,1048576.0,324336.0,4096.0,324608.0,1024.0,74010.0,331776.0,74240.0,325632.0,377.0,0.0,0.0,0.0,0.0,4.0,10.0,192.0,0,0,1,0,0,0,1,0,0,0,0,0,1,1,0,0,0,0,0,0,0,0,0,0,0,0,1,0,0,0,0,0,0,0,0,0,1,0,0,0,0,0
43009.0,0.0,3.0,15.0,65535.0,140288.0,375296.0,0.0,4096.0,4194304.0,4096.0,512.0,10252288.0,448.0,0.0,4096.0,1048576.0,844284.0,4096.0,2055680.0,1024.0,49450.0,172032.0,512.0,158720.0,0.0,0.0,0.0,0.0,0.0,2.0,3.0,0.0,0,0,1,0,0,0,1,0,0,0,0,1,1,1,0,0,0,0,0,0,0,0,0,0,0,0,1,1,0,0,0,0,0,0,0,0,1,0,0,0,0,0
4096.0,144.0,3.0,0.0,65535.0,15872.0,18830336.0,0.0,4096.0,5368709120.0,4096.0,512.0,18862080.0,1024.0,0.0,4096.0,1048576.0,15462.0,4096.0,15872.0,1024.0,2552.0,20480.0,2560.0,16896.0,0.0,0.0,0.0,0.0,0.0,0.0,5.0,52.0,1,0,0,1,0,0,1,0,0,0,0,0,1,1,0,0,0,0,0,0,0,0,0,0,0,0,1,0,0,0,0,0,0,0,0,0,1,0,0,0,0,0
1218237.0,144.0,3.0,0.0,65535.0,0.0,0.0,0.0,0.0,4194304.0,4096.0,4096.0,1257472.0,4096.0,11051418.0,4096.0,1048576.0,413696.0,4096.0,131072.0,4096.0,35892.0,176128.0,36352.0,171008.0,158.0,0.0,0.0,2.0,0.0,3.0,7.0,7.0,0,0,1,0,0,0,1,0,0,0,0,0,1,1,0,0,0,0,1,0,0,0,0,0,0,0,1,1,0,0,0,0,0,0,0,0,1,0,0,0,0,0
17092495.0,144.0,3.0,0.0,65535.0,18944.0,940544.0,0.0,4096.0,4194304.0,8192.0,512.0,1892352.0,1024.0,0.0,4096.0,1048576.0,21504.0,8192.0,45056.0,1536.0,37094.0,40960.0,7168.0,620544.0,3506.0,2.0,0.0,0.0,0.0,10.0,1.0,96.0,1,0,0,1,0,0,1,0,0,0,0,1,1,1,0,0,0,0,1,0,0,0,0,0,0,0,1,1,0,0,0,0,0,0,0,0,1,0,0,0,0,0
24321146.0,64.0,1.0,4.0,65535.0,3072.0,7168.0,0.0,4096.0,4194304.0,4096.0,512.0,24363008.0,1024.0,0.0,4096.0,1048576.0,4096.0,4096.0,0.0,0.0,51292.0,548864.0,51712.0,377344.0,116.0,0.0,0.0,0.0,0.0,0.0,2.0,2.0,0,0,0,0,0,0,1,0,0,0,0,0,0,1,0,0,0,0,1,0,0,0,0,0,0,0,1,1,0,0,0,0,0,0,0,0,1,0,0,0,0,0
19462928.0,144.0,3.0,0.0,65535.0,401408.0,1239552.0,0.0,4096.0,4194304.0,4096.0,512.0,3080192.0,1024.0,0.0,4096.0,1048576.0,505709.0,4096.0,239104.0,1536.0,453312.0,1490944.0,536064.0,2930688.0,0.0,1.0,0.0,0.0,0.0,6.0,11.0,161.0,0,0,1,0,0,0,0,0,0,0,0,0,1,1,0,0,0,0,0,0,0,0,0,0,0,0,1,0,0,0,0,0,0,0,0,0,1,0,0,0,0,0
4096.0,144.0,3.0,0.0,65535.0,174080.0,443392.0,0.0,4096.0,4194304.0,4096.0,512.0,1437696.0,1536.0,0.0,4096.0,1048576.0,173794.0,4096.0,174080.0,1536.0,62910.0,180224.0,62976.0,175616.0,8256.0,76.0,1.0,7.0,3.0,8.0,0.0,0.0,0,0,0,0,0,0,1,0,0,0,0,0,1,1,0,0,0,0,0,0,0,0,0,0,0,0,1,0,0,0,0,0,0,0,0,0,1,0,0,0,0,0
461853.0,144.0,3.0,0.0,65535.0,1376256.0,73728.0,1339392.0,1343488.0,4194304.0,4096.0,512.0,2793472.0,4096.0,1473916.0,4096.0,1048576.0,406897.0,4096.0,407040.0,1024.0,51068.0,413696.0,51200.0,408064.0,51.0,1.0,0.0,0.0,0.0,4.0,0.0,0.0,0,0,1,0,0,0,0,0,0,0,0,0,1,1,0,0,0,0,0,0,0,0,0,0,0,0,1,0,0,0,0,0,0,0,0,0,1,0,0,0,0,0
7848.0,0.0,1.0,0.0,65535.0,5632.0,2048.0,0.0,4096.0,4194304.0,4096.0,512.0,32768.0,1024.0,34513.0,16384.0,1048576.0,55650.0,20480.0,55808.0,15872.0,24.0,94208.0,512.0,34304.0,17.0,0.0,0.0,0.0,0.0,0.0,0.0,0.0,0,0,0,0,0,0,1,0,0,0,0,0,1,1,0,0,0,0,0,0,0,0,0,0,0,0,1,0,0,0,0,0,0,0,0,0,1,0,0,0,0,0
70928.0,144.0,3.0,0.0,65535.0,237056.0,2417152.0,0.0,4096.0,4194304.0,4096.0,512.0,6569984.0,1024.0,6333669.0,4096.0,1048576.0,236852.0,4096.0,237056.0,1024.0,1639346.0,241664.0,1639424.0,238080.0,13.0,0.0,0.0,0.0,0.0,2.0,0.0,0.0,0,0,0,0,0,0,1,0,0,0,0,0,1,1,0,0,0,0,0,0,0,0,0,0,0,0,1,0,0,0,0,0,0,0,0,0,1,0,0,0,0,0
408256.0,144.0,3.0,0.0,65535.0,3074048.0,630784.0,0.0,4096.0,4194304.0,4096.0,512.0,11546624.0,1024.0,4982706.0,16384.0,1048576.0,3061704.0,4096.0,0.0,0.0,24.0,4640768.0,0.0,0.0,30.0,0.0,0.0,0.0,0.0,0.0,15.0,812.0,0,0,1,0,0,0,1,0,0,0,0,0,1,1,0,0,0,0,0,0,0,0,0,0,0,0,1,0,0,0,0,0,0,0,0,0,1,0,0,0,0,0
6176.0,144.0,3.0,0.0,65535.0,4096.0,8192.0,0.0,4096.0,4194304.0,4096.0,4096.0,16384.0,4096.0,0.0,4096.0,1048576.0,2416.0,4096.0,4096.0,4096.0,690.0,8192.0,4096.0,8192.0,2.0,0.0,0.0,0.0,0.0,0.0,2.0,25.0,0,0,0,0,0,0,1,0,1,0,0,0,1,1,0,0,0,0,0,0,0,0,0,0,0,0,1,0,0,0,0,0,0,0,0,0,1,0,0,0,0,0
1951134.0,144.0,3.0,0.0,65535.0,1943040.0,3072.0,0.0,8192.0,4194304.0,8192.0,512.0,1974272.0,512.0,1996473.0,4096.0,1048576.0,1942948.0,8192.0,1943040.0,512.0,23150.0,49152.0,23552.0,46080.0,60.0,0.0,0.0,0.0,0.0,0.0,1.0,1.0,0,0,0,0,0,0,1,0,0,0,0,1,1,1,0,0,0,0,0,0,0,0,0,0,0,0,1,0,0,0,0,0,0,0,0,0,1,0,0,0,0,0
397756.0,144.0,3.0,0.0,65535.0,607232.0,3273216.0,0.0,4096.0,5368709120.0,4096.0,512.0,3899392.0,1024.0,3884743.0,4096.0,1048576.0,606940.0,4096.0,607232.0,1024.0,158098.0,614400.0,158208.0,608256.0,0.0,0.0,0.0,0.0,0.0,0.0,8.0,211.0,1,0,1,1,0,0,1,0,1,0,0,0,1,1,0,0,0,0,0,0,0,0,0,0,0,0,1,0,0,0,0,0,0,0,0,0,1,0,0,0,0,0
7336.0,144.0,3.0,0.0,65535.0,64512.0,55808.0,0.0,4096.0,5368709120.0,4096.0,512.0,139264.0,1024.0,161437.0,4096.0,1048576.0,64448.0,4096.0,64512.0,1024.0,42958.0,69632.0,43008.0,65536.0,16.0,0.0,0.0,0.0,0.0,5.0,5.0,84.0,1,0,1,1,0,0,1,0,1,0,0,0,1,1,0,0,0,0,0,0,0,0,0,0,0,0,1,0,0,0,0,0,0,0,0,0,1,0,0,0,0,0
20880.0,144.0,3.0,0.0,65535.0,0.0,110080.0,0.0,4096.0,16777216.0,4096.0,512.0,155648.0,1024.0,183106.0,4096.0,1048576.0,23496.0,4096.0,23552.0,1024.0,3678.0,20480.0,4096.0,16384.0,0.0,0.0,0.0,0.0,0.0,0.0,5.0,19.0,0,0,1,0,0,0,0,0,0,0,0,0,1,1,0,0,0,0,0,0,0,0,0,0,0,0,1,0,0,0,0,0,0,0,0,0,1,0,0,0,0,0
163850.0,144.0,3.0,0.0,65535.0,45056.0,2048.0,0.0,4096.0,4194304.0,8192.0,512.0,286720.0,512.0,0.0,4096.0,1048576.0,844284.0,8192.0,807424.0,1024.0,326692.0,36864.0,4096.0,37888.0,0.0,0.0,2.0,0.0,0.0,0.0,0.0,0.0,0,0,1,0,0,0,1,0,0,0,0,1,1,1,0,0,0,0,0,0,0,0,0,0,0,0,1,0,0,0,0,0,0,0,0,0,1,0,0,0,0,0
13378.0,144.0,3.0,0.0,65535.0,12288.0,0.0,0.0,4096.0,4194304.0,4096.0,512.0,3866624.0,4096.0,70588.0,4096.0,1048576.0,9390.0,4096.0,9728.0,1024.0,27149.0,61440.0,27648.0,56832.0,1.0,0.0,0.0,0.0,0.0,0.0,2.0,23.0,0,0,1,0,0,0,0,0,1,0,0,0,0,0,0,0,0,0,0,1,0,0,0,0,0,0,1,1,0,0,0,0,0,0,0,0,1,0,0,0,0,0
65748.0,144.0,3.0,0.0,65535.0,6144.0,47104.0,0.0,4096.0,4194304.0,4096.0,512.0,104208.0,1024.0,0.0,4096.0,1048576.0,17001.0,4096.0,17408.0,1024.0,8476.0,24576.0,8704.0,18432.0,30.0,0.0,0.0,0.0,0.0,0.0,3.0,4.0,0,0,1,0,0,0,1,0,0,0,0,0,1,1,0,0,0,0,0,0,0,0,0,0,0,0,1,0,0,0,0,0,0,0,0,0,1,0,0,0,0,0
12048.0,144.0,3.0,0.0,65535.0,8192.0,676864.0,0.0,4096.0,4194304.0,4096.0,512.0,696320.0,1024.0,0.0,4096.0,1048576.0,7958.0,4096.0,8192.0,1024.0,27844.0,12288.0,28160.0,9216.0,14.0,0.0,0.0,0.0,0.0,0.0,8.0,47.0,0,0,1,0,0,0,1,0,0,0,0,0,1,1,0,0,0,0,0,0,0,0,0,0,0,0,1,0,0,0,0,0,0,0,0,0,1,0,0,0,0,0
416003.0,144.0,3.0,0.0,65535.0,864256.0,102400.0,0.0,4096.0,4194304.0,4096.0,512.0,1384448.0,1024.0,0.0,4096.0,1048576.0,863899.0,401408.0,864256.0,1024.0,57884.0,1265664.0,58368.0,865280.0,249.0,0.0,0.0,0.0,0.0,4.0,3.0,85.0,0,0,1,0,0,0,1,0,0,0,0,0,1,1,0,0,0,0,0,0,0,0,0,0,0,0,1,0,0,0,0,0,0,0,0,0,1,0,0,0,0,0
27108574.0,144.0,3.0,0.0,65535.0,700416.0,1503232.0,0.0,4096.0,4194304.0,4096.0,4096.0,27574272.0,4096.0,20454451.0,4096.0,1048576.0,698282.0,4096.0,0.0,0.0,1043618.0,704512.0,0.0,0.0,0.0,0.0,0.0,0.0,0.0,0.0,12.0,12.0,0,0,1,0,0,0,1,0,1,0,0,0,1,1,0,0,0,0,0,0,0,0,0,0,0,0,1,0,0,0,0,0,0,0,0,0,1,0,0,0,0,0
358062.0,144.0,3.0,0.0,65535.0,350208.0,335360.0,0.0,8192.0,4194304.0,8192.0,512.0,704512.0,512.0,0.0,4096.0,1048576.0,349876.0,8192.0,350208.0,512.0,3072.0,28672.0,3072.0,19456.0,83.0,0.0,0.0,0.0,0.0,0.0,1.0,1.0,0,0,1,0,0,0,1,0,1,0,0,1,1,1,0,0,0,0,0,0,0,0,0,0,0,0,1,0,0,0,0,0,0,0,0,0,1,0,0,0,0,0
163850.0,144.0,3.0,0.0,65535.0,581632.0,283648.0,0.0,4096.0,4194304.0,4096.0,512.0,892928.0,1024.0,896206.0,4096.0,4194304.0,581597.0,4096.0,581632.0,1024.0,195982.0,585728.0,196096.0,582656.0,101.0,0.0,0.0,0.0,0.0,0.0,18.0,527.0,0,0,1,0,0,0,1,0,0,0,0,0,0,1,0,0,0,0,0,0,0,0,0,0,0,0,1,0,0,0,0,0,0,0,0,0,1,0,0,0,0,0
29550.0,144.0,3.0,0.0,65535.0,21504.0,2560.0,0.0,8192.0,4194304.0,8192.0,512.0,49152.0,512.0,105663.0,4096.0,1048576.0,21364.0,8192.0,21504.0,512.0,19448.0,122880.0,20480.0,122880.0,23.0,0.0,0.0,0.0,0.0,5.0,1.0,1.0,0,0,0,0,0,0,1,0,1,0,0,1,1,1,0,0,0,0,0,0,0,0,0,0,0,0,1,0,0,0,0,0,0,0,0,0,1,0,0,0,0,0
5808216.0,24934.0,1.0,0.0,65535.0,696320.0,46080.0,0.0,4096.0,4194304.0,4096.0,512.0,5160960.0,1024.0,1303970.0,4096.0,1048576.0,597829.0,4096.0,192000.0,1024.0,5503.0,1896448.0,34816.0,211968.0,869.0,1.0,0.0,0.0,0.0,0.0,3.0,0.0,0,0,1,0,0,0,1,0,0,0,0,0,1,1,0,0,0,0,0,0,0,0,0,0,0,0,1,0,0,0,0,0,0,0,0,0,1,0,0,0,0,0
4157.0,80.0,2.0,15.0,65535.0,77824.0,4096.0,565248.0,569344.0,4194304.0,4096.0,512.0,651264.0,4096.0,0.0,8192.0,1048576.0,7920.0,8192.0,8192.0,512.0,24.0,655360.0,512.0,630784.0,40.0,0.0,0.0,1.0,0.0,3.0,0.0,0.0,0,0,1,0,0,0,1,0,1,0,0,1,1,1,0,0,0,0,0,0,0,0,0,0,0,0,1,0,0,0,0,0,0,0,0,0,1,0,0,0,0,0
10718.0,144.0,3.0,0.0,65535.0,2560.0,2048.0,0.0,8192.0,4194304.0,8192.0,512.0,32768.0,512.0,0.0,4096.0,1048576.0,2532.0,8192.0,2560.0,512.0,44992.0,81920.0,45056.0,75264.0,372.0,12.0,0.0,2.0,0.0,3.0,1.0,1.0,0,0,1,0,0,0,1,0,0,0,0,1,1,1,0,0,0,0,0,0,0,0,0,0,0,0,1,0,0,0,0,0,0,0,0,0,1,0,0,0,0,0
836896.0,144.0,3.0,0.0,65535.0,904192.0,311808.0,0.0,4096.0,5368709120.0,4096.0,512.0,1261568.0,1024.0,0.0,4096.0,1048576.0,904150.0,4096.0,904192.0,1024.0,200294.0,909312.0,200704.0,905216.0,0.0,0.0,0.0,2.0,1.0,4.0,14.0,457.0,1,0,1,1,0,0,1,0,0,0,0,0,1,1,0,0,0,0,0,0,0,0,0,0,0,0,1,0,0,0,0,0,0,0,0,0,1,0,0,0,0,0
13936.0,144.0,3.0,0.0,65535.0,176128.0,12288.0,0.0,4096.0,4194304.0,4096.0,4096.0,192512.0,4096.0,242120.0,4096.0,1048576.0,173864.0,4096.0,176128.0,4096.0,2102.0,20480.0,4096.0,20480.0,7.0,0.0,0.0,0.0,0.0,0.0,0.0,0.0,0,0,1,0,0,0,0,0,1,0,0,0,0,0,0,0,0,0,0,0,0,0,0,0,0,0,1,0,0,0,0,0,0,0,0,0,1,0,0,0,0,0
3457520.0,144.0,3.0,0.0,65535.0,3621376.0,303616.0,0.0,4096.0,5368709120.0,4096.0,512.0,4964352.0,1536.0,0.0,4096.0,1048576.0,3620880.0,4096.0,3621376.0,4096.0,188782.0,3629056.0,188928.0,3629056.0,8.0,0.0,0.0,0.0,0.0,3.0,3.0,113.0,1,0,1,1,0,0,0,0,1,0,0,0,1,1,0,0,0,0,0,0,0,0,0,0,0,0,1,0,0,0,0,0,0,0,0,0,1,0,0,0,0,0
672592.0,144.0,1.0,0.0,65535.0,247808.0,2048.0,0.0,4096.0,4194304.0,8192.0,512.0,696320.0,4096.0,0.0,4096.0,1048576.0,17484.0,4096.0,94720.0,1536.0,535744.0,172032.0,207872.0,131072.0,713.0,0.0,0.0,0.0,0.0,0.0,12.0,826.0,0,0,0,0,0,0,1,0,1,0,0,1,1,1,0,0,0,0,0,0,0,0,0,0,0,0,1,0,0,0,0,0,0,0,0,0,1,0,0,0,0,0
28814.0,144.0,3.0,0.0,65535.0,20992.0,4096.0,0.0,8192.0,4194304.0,8192.0,512.0,57344.0,1024.0,0.0,4096.0,1048576.0,20628.0,8192.0,20992.0,1024.0,760.0,28672.0,1024.0,21504.0,31.0,0.0,0.0,0.0,0.0,0.0,1.0,1.0,0,0,1,0,0,0,1,0,0,0,0,1,1,1,0,0,0,0,0,0,0,0,0,0,0,0,1,0,0,0,0,0,0,0,0,0,1,0,0,0,0,0
19462928.0,144.0,1.0,0.0,65535.0,139264.0,0.0,0.0,4096.0,4194304.0,4096.0,512.0,352256.0,1024.0,0.0,4096.0,1048576.0,108425.0,4096.0,188928.0,1024.0,188686.0,3833856.0,207872.0,875008.0,6717.0,0.0,0.0,0.0,0.0,11.0,2.0,0.0,0,0,1,0,0,0,0,0,0,0,0,0,1,1,0,0,0,0,0,0,0,0,0,0,0,0,1,0,0,0,0,0,0,0,0,0,1,0,0,0,1,0
2228958.0,144.0,3.0,0.0,65535.0,2221056.0,215040.0,0.0,8192.0,4194304.0,8192.0,512.0,2465792.0,512.0,0.0,4096.0,1048576.0,2220772.0,8192.0,2221056.0,512.0,2320.0,20480.0,4096.0,20480.0,0.0,0.0,0.0,0.0,0.0,0.0,0.0,0.0,0,0,1,0,0,0,1,0,0,0,0,1,1,1,0,0,0,0,0,0,0,0,0,0,0,0,1,0,0,0,0,0,0,0,0,0,1,0,0,0,0,0
39153.0,144.0,3.0,0.0,65535.0,59904.0,40448.0,0.0,4096.0,4194304.0,4096.0,512.0,110592.0,1024.0,0.0,4096.0,1048576.0,59525.0,4096.0,59904.0,1024.0,24192.0,65536.0,24576.0,60928.0,4.0,0.0,0.0,0.0,0.0,0.0,8.0,152.0,0,0,1,0,0,0,1,0,0,0,0,0,1,1,0,0,0,0,0,0,0,0,0,0,0,0,1,0,0,0,0,0,0,0,0,0,1,0,0,0,0,0
7320.0,144.0,3.0,0.0,65535.0,1380352.0,3400192.0,0.0,4096.0,4194304.0,4096.0,512.0,4788224.0,1024.0,0.0,4096.0,1048576.0,1380284.0,4096.0,1380352.0,1024.0,308258.0,1384448.0,308736.0,1381376.0,0.0,0.0,0.0,0.0,0.0,5.0,0.0,0.0,1,0,1,1,0,0,1,0,0,0,0,0,1,1,0,0,0,0,0,0,0,0,0,0,0,0,1,0,0,0,0,0,0,0,0,0,1,0,0,0,0,0
9358350.0,128.0,3.0,0.0,65535.0,97792.0,824320.0,0.0,4096.0,4194304.0,4096.0,512.0,1466368.0,1536.0,100097.0,4096.0,1048576.0,2553004.0,4096.0,20992.0,1024.0,15314.0,3833856.0,1574400.0,144384.0,670.0,0.0,2.0,0.0,0.0,0.0,0.0,0.0,1,0,0,1,0,0,1,0,1,0,0,0,1,1,0,0,0,0,0,0,0,0,0,0,0,0,1,0,0,0,0,0,0,0,0,0,1,0,0,0,0,0
19462928.0,144.0,3.0,0.0,65535.0,5120.0,596480.0,0.0,4096.0,4194304.0,65536.0,512.0,946176.0,1024.0,0.0,4096.0,1048576.0,652338.0,4096.0,364544.0,1024.0,23056.0,368640.0,99328.0,165376.0,766.0,0.0,1.0,0.0,0.0,11.0,0.0,19.0,0,0,0,0,0,0,1,0,0,0,0,1,1,1,0,0,0,0,0,0,0,0,0,0,0,0,1,0,0,0,0,0,0,0,0,0,1,0,0,0,0,0
107871.0,80.0,3.0,0.0,65535.0,70656.0,3584.0,0.0,4096.0,4194304.0,4096.0,512.0,1495040.0,512.0,0.0,4096.0,1048576.0,2548948.0,4096.0,8192.0,512.0,207676.0,327680.0,207872.0,131072.0,329.0,0.0,0.0,0.0,0.0,11.0,0.0,0.0,0,0,1,0,0,0,1,0,0,0,0,1,1,1,0,0,0,0,0,0,0,0,0,0,0,0,1,0,0,0,0,0,0,0,0,0,1,0,0,0,0,0
4672.0,144.0,3.0,0.0,65535.0,3072.0,6144.0,512.0,4096.0,4194304.0,4096.0,512.0,28672.0,1024.0,16297.0,4096.0,1048576.0,2724.0,4096.0,3072.0,1024.0,240.0,12288.0,512.0,4608.0,2.0,0.0,0.0,0.0,0.0,0.0,2.0,26.0,0,0,1,0,0,0,1,0,0,0,0,1,1,1,0,0,0,0,1,0,0,0,0,0,0,0,1,0,0,0,0,0,0,0,0,0,1,0,0,0,0,0
4096.0,144.0,3.0,0.0,65535.0,70144.0,20480.0,0.0,4096.0,4194304.0,4096.0,512.0,106496.0,1024.0,0.0,4096.0,1048576.0,54850.0,20480.0,55296.0,15872.0,13224.0,77824.0,13312.0,71168.0,64.0,0.0,0.0,0.0,0.0,0.0,9.0,134.0,0,0,0,0,0,0,1,0,0,0,0,1,1,1,0,0,0,0,0,0,0,0,0,0,0,0,1,0,0,0,0,0,0,0,0,0,1,0,0,0,0,0
6232.0,144.0,3.0,0.0,65535.0,151552.0,192512.0,0.0,4096.0,4194304.0,4096.0,4096.0,348160.0,4096.0,415440.0,4096.0,1048576.0,148952.0,4096.0,151552.0,4096.0,12390.0,61440.0,12800.0,54784.0,13.0,0.0,0.0,0.0,0.0,3.0,1.0,145.0,0,0,1,0,0,0,1,0,0,0,0,0,1,1,0,0,0,0,0,0,0,0,0,0,0,0,1,0,0,0,0,0,0,0,0,0,1,0,0,0,0,0
407315.0,144.0,3.0,0.0,65535.0,1937408.0,781312.0,0.0,4096.0,4194304.0,4096.0,512.0,9109504.0,1024.0,4872464.0,4096.0,1048576.0,1937019.0,4096.0,0.0,0.0,559982.0,1941504.0,0.0,0.0,86.0,1.0,0.0,0.0,0.0,3.0,0.0,0.0,0,0,1,0,0,0,1,0,0,0,0,0,1,1,0,0,0,0,0,0,0,0,0,0,0,0,1,0,0,0,0,0,0,0,0,0,1,0,0,0,0,0
13888.0,144.0,3.0,0.0,65535.0,26624.0,141824.0,2048.0,4096.0,4194304.0,4096.0,512.0,323584.0,1024.0,0.0,4096.0,1048576.0,26230.0,4096.0,26624.0,1024.0,5018.0,32768.0,5120.0,27648.0,666.0,0.0,0.0,0.0,0.0,5.0,7.0,165.0,0,0,1,0,0,0,1,0,0,0,0,1,1,1,0,0,0,0,0,0,0,0,0,0,0,0,1,0,0,0,0,0,0,0,0,0,1,0,0,0,0,0
107871.0,144.0,3.0,0.0,65535.0,3993088.0,126464.0,0.0,4096.0,4194304.0,8192.0,512.0,1781760.0,1024.0,0.0,4096.0,1048576.0,844284.0,20480.0,109568.0,4096.0,4680.0,36864.0,207872.0,59392.0,529.0,0.0,0.0,0.0,0.0,1.0,4.0,0.0,0,0,0,0,0,0,1,0,1,0,0,1,1,1,0,0,0,0,0,0,0,0,0,0,0,0,1,0,0,0,0,0,0,0,0,0,1,0,0,0,0,0
9298008.0,144.0,3.0,0.0,65535.0,201216.0,6308352.0,0.0,4096.0,5368709120.0,4096.0,512.0,4620288.0,1024.0,0.0,4096.0,1048576.0,652338.0,4096.0,380416.0,1024.0,4508.0,3833856.0,5632.0,9497600.0,895.0,3.0,1.0,2.0,0.0,11.0,7.0,21.0,0,0,1,1,0,0,0,0,0,0,0,0,1,1,0,0,0,0,0,0,0,0,0,0,0,0,1,0,0,0,0,0,0,0,0,0,1,0,0,0,0,0
50630.0,144.0,3.0,0.0,65535.0,257024.0,491520.0,0.0,4096.0,4194304.0,4096.0,512.0,24387584.0,1024.0,0.0,4096.0,1048576.0,10076.0,4096.0,8218112.0,1024.0,41938.0,1970176.0,153088.0,92160.0,0.0,0.0,0.0,0.0,0.0,0.0,25.0,228.0,1,0,1,0,0,0,1,0,0,0,0,0,1,1,0,0,0,0,0,0,0,0,0,0,0,0,1,0,0,0,0,0,0,0,0,0,1,0,0,0,0,0
29577.0,0.0,3.0,0.0,65535.0,1073152.0,1293824.0,0.0,4096.0,4194304.0,4096.0,512.0,1499136.0,1024.0,0.0,4096.0,1048576.0,469192.0,8192.0,185344.0,1024.0,18900.0,327680.0,99328.0,427520.0,689.0,3.0,2.0,0.0,0.0,9.0,0.0,49.0,0,0,0,0,0,0,1,0,0,0,0,1,1,1,0,0,0,0,0,0,0,0,0,0,0,0,1,0,0,0,0,0,0,0,0,0,1,0,0,0,0,0
16871688.0,144.0,3.0,0.0,65535.0,8704.0,858112.0,0.0,4096.0,5368709120.0,4096.0,512.0,26918912.0,1024.0,10456183.0,4096.0,1048576.0,56243.0,4096.0,56320.0,1024.0,28820.0,61440.0,29184.0,57344.0,0.0,0.0,0.0,0.0,0.0,0.0,10.0,10.0,1,0,0,1,0,0,1,0,1,0,0,0,1,1,0,0,0,0,0,0,0,0,0,0,0,0,1,0,0,0,0,0,0,0,0,0,1,0,0,0,0,0
8610190.0,144.0,3.0,0.0,65535.0,8602112.0,37376.0,0.0,8192.0,4194304.0,8192.0,512.0,8675328.0,1024.0,0.0,4096.0,1048576.0,8602004.0,8192.0,8602112.0,1024.0,13328.0,45056.0,13824.0,39424.0,560.0,7.0,0.0,1.0,0.0,2.0,1.0,1.0,0,0,1,0,0,0,1,0,1,0,0,0,1,1,0,0,0,0,0,0,0,0,0,0,0,0,1,0,0,0,0,0,0,0,0,0,1,0,0,0,0,0
51984.0,144.0,3.0,0.0,65535.0,64512.0,29184.0,0.0,4096.0,4194304.0,4096.0,512.0,122880.0,1024.0,0.0,4096.0,1048576.0,64090.0,4096.0,64512.0,1024.0,5084.0,69632.0,5120.0,65536.0,16155.0,0.0,0.0,0.0,0.0,0.0,7.0,108.0,0,0,0,0,0,0,0,0,0,0,0,1,0,1,0,0,0,0,0,0,0,0,0,0,0,0,1,0,0,0,0,0,0,0,0,0,1,0,0,0,0,0
6232.0,144.0,3.0,0.0,65535.0,98304.0,32768.0,0.0,4096.0,4194304.0,4096.0,4096.0,135168.0,4096.0,170267.0,4096.0,1048576.0,97860.0,4096.0,98304.0,4096.0,3523528.0,4341760.0,3523584.0,4337152.0,29.0,0.0,0.0,0.0,0.0,0.0,1.0,121.0,0,0,1,0,0,0,1,0,1,0,0,1,1,1,0,0,0,0,0,0,0,0,0,0,0,0,1,0,0,0,0,0,0,0,0,0,1,0,0,0,0,0
48270.0,144.0,3.0,0.0,65535.0,40448.0,153088.0,0.0,8192.0,4194304.0,8192.0,512.0,212992.0,512.0,0.0,4096.0,1048576.0,40084.0,8192.0,40448.0,512.0,1984.0,40960.0,2048.0,30720.0,213.0,3.0,0.0,0.0,0.0,0.0,1.0,1.0,0,0,0,0,0,0,1,0,0,0,0,1,1,1,0,0,0,0,0,0,0,0,0,0,0,0,1,0,0,0,0,0,0,0,0,0,1,0,0,0,0,0
6812.0,144.0,3.0,0.0,65535.0,4096.0,3072.0,512.0,4096.0,4194304.0,4096.0,512.0,24576.0,1024.0,0.0,4096.0,1048576.0,3917.0,4096.0,4096.0,1024.0,1262.0,12288.0,1536.0,5120.0,0.0,0.0,0.0,2.0,0.0,0.0,5.0,33.0,0,0,1,0,0,0,1,0,0,0,0,0,0,1,0,0,0,0,0,0,0,0,0,0,0,0,1,0,0,0,0,0,0,0,0,0,1,0,0,0,0,0
428577.0,80.0,3.0,0.0,65535.0,9216.0,1953792.0,0.0,4096.0,4194304.0,4096.0,512.0,1781760.0,4096.0,0.0,4096.0,1048576.0,1966876.0,4096.0,728064.0,1024.0,535744.0,53248.0,4096.0,113664.0,2550.0,2.0,1.0,0.0,0.0,0.0,1.0,0.0,0,0,0,0,0,0,1,0,0,0,0,0,1,1,0,0,0,0,0,0,0,0,0,0,0,0,1,1,0,0,0,0,0,0,0,0,1,0,0,0,0,0
13594.0,144.0,3.0,0.0,65535.0,28672.0,2048.0,0.0,8192.0,4194304.0,4096.0,512.0,385024.0,1024.0,0.0,4096.0,1048576.0,14324.0,4096.0,52224.0,4096.0,24.0,53248.0,512.0,15872.0,0.0,3.0,1.0,0.0,0.0,12.0,16.0,16.0,0,0,1,0,0,0,1,0,0,0,0,1,1,1,0,0,0,0,0,0,0,0,0,0,0,0,1,0,0,0,0,0,0,0,0,0,1,0,0,0,0,0
116352.0,144.0,3.0,0.0,65535.0,117760.0,105984.0,0.0,4096.0,4194304.0,4096.0,512.0,237568.0,1024.0,242698.0,8192.0,1048576.0,117484.0,4096.0,117760.0,1024.0,6210.0,16384.0,6656.0,12288.0,5.0,0.0,0.0,0.0,0.0,4.0,12.0,237.0,0,0,1,0,0,0,1,0,0,0,0,0,1,1,0,0,0,0,0,0,0,0,0,0,0,0,1,0,0,0,0,0,0,0,0,0,1,0,0,0,0,0
779248.0,80.0,2.0,15.0,65535.0,319488.0,69632.0,458752.0,462848.0,4194304.0,4096.0,512.0,851968.0,4096.0,0.0,16384.0,1048576.0,58294.0,69632.0,58368.0,1024.0,11678.0,131072.0,11776.0,59392.0,19.0,0.0,0.0,0.0,0.0,0.0,7.0,12.0,0,0,1,0,0,0,1,0,0,0,0,0,1,1,0,0,0,0,0,0,0,0,0,0,0,0,1,0,0,0,0,0,0,0,0,0,1,0,0,0,0,0
6260.0,144.0,3.0,0.0,65535.0,787968.0,2048.0,0.0,8192.0,4194304.0,8192.0,512.0,819200.0,512.0,0.0,4096.0,1048576.0,787664.0,8192.0,787968.0,512.0,361212.0,2748416.0,361472.0,2744832.0,14.0,0.0,0.0,0.0,0.0,6.0,0.0,0.0,0,0,1,0,0,0,1,0,0,0,0,1,1,1,0,0,0,0,0,0,0,0,0,0,0,0,1,0,0,0,0,0,0,0,0,0,1,0,0,0,0,0
12444.0,144.0,3.0,0.0,65535.0,47104.0,78848.0,0.0,4096.0,5368709120.0,4096.0,512.0,151552.0,1024.0,138788.0,4096.0,1048576.0,46649.0,4096.0,47104.0,1024.0,12578.0,53248.0,12800.0,48128.0,0.0,0.0,0.0,0.0,0.0,0.0,1.0,64.0,1,0,1,1,0,0,1,0,0,0,0,0,1,1,0,0,0,0,0,0,0,0,0,0,0,0,1,0,0,0,0,0,0,0,0,0,1,0,0,0,0,0
7200.0,144.0,3.0,0.0,65535.0,6144.0,14336.0,0.0,4096.0,5368709120.0,4096.0,512.0,40960.0,1024.0,0.0,4096.0,1048576.0,5964.0,4096.0,6144.0,1024.0,6156.0,12288.0,6656.0,7168.0,12.0,0.0,0.0,0.0,0.0,0.0,0.0,0.0,1,0,0,1,0,0,1,0,1,0,0,0,1,1,0,0,0,0,0,0,0,0,0,0,0,0,1,0,0,0,0,0,0,0,0,0,1,0,0,0,0,0
4396.0,80.0,2.0,15.0,65535.0,65024.0,133120.0,0.0,4096.0,4194304.0,4096.0,512.0,241664.0,1024.0,7080297.0,16384.0,1048576.0,61740.0,4096.0,61952.0,1024.0,24.0,110592.0,512.0,73216.0,147.0,0.0,0.0,0.0,0.0,3.0,0.0,0.0,0,0,1,0,0,0,0,0,0,0,0,0,0,1,0,0,0,0,0,0,0,0,0,0,0,0,1,0,0,0,0,0,0,0,0,0,1,0,0,0,0,0
5280.0,144.0,3.0,0.0,65535.0,8192.0,103936.0,1024.0,4096.0,4194304.0,4096.0,512.0,49152.0,1024.0,61421.0,4096.0,1048576.0,7940.0,4096.0,8192.0,1024.0,1744.0,16384.0,2048.0,9728.0,3.0,0.0,0.0,0.0,0.0,0.0,12.0,67.0,0,0,1,0,0,0,0,0,0,0,0,0,0,1,0,0,0,0,1,0,0,0,0,0,0,0,1,0,0,0,0,0,0,0,0,0,1,0,0,0,0,0
187726.0,144.0,3.0,0.0,65535.0,179712.0,2048.0,0.0,8192.0,4194304.0,8192.0,512.0,204800.0,512.0,0.0,4096.0,1048576.0,179540.0,8192.0,179712.0,512.0,72434.0,208896.0,72704.0,204288.0,56.0,0.0,0.0,0.0,0.0,0.0,1.0,1.0,0,0,1,0,0,0,1,0,1,0,0,1,1,1,0,0,0,0,0,0,0,0,0,0,0,0,1,0,0,0,0,0,0,0,0,0,1,0,0,0,0,0
39956.0,144.0,3.0,0.0,65535.0,77824.0,65536.0,0.0,4096.0,4194304.0,4096.0,4096.0,3964928.0,4096.0,3947572.0,4096.0,32000.0,75637.0,4096.0,77824.0,4096.0,14370.0,81920.0,16384.0,81920.0,145.0,0.0,0.0,0.0,0.0,3.0,0.0,0.0,0,0,1,0,0,0,1,0,0,0,0,1,1,1,0,0,0,0,0,0,0,0,0,0,0,0,1,0,0,0,0,0,0,0,0,0,1,0,0,0,0,0
4943.0,144.0,3.0,0.0,65535.0,3584.0,315904.0,0.0,4096.0,4194304.0,4096.0,512.0,331776.0,1024.0,0.0,4096.0,1048576.0,3399.0,4096.0,3584.0,1024.0,3144.0,8192.0,3584.0,4608.0,2173.0,143.0,147.0,1.0,0.0,10.0,8.0,52.0,0,0,0,0,0,0,1,0,0,0,0,0,1,1,0,0,0,0,0,0,0,0,0,0,0,0,1,0,0,0,0,0,0,0,0,0,1,0,0,0,0,0
104216.0,144.0,3.0,0.0,65535.0,244736.0,78848.0,0.0,4096.0,4194304.0,4096.0,512.0,339968.0,1024.0,370291.0,4096.0,1048576.0,244396.0,4096.0,244736.0,1024.0,33660.0,249856.0,33792.0,245760.0,164.0,0.0,0.0,2.0,0.0,5.0,9.0,146.0,0,0,1,0,0,0,1,0,0,0,0,0,1,1,0,0,0,0,0,0,0,0,0,0,0,0,1,0,0,0,0,0,0,0,0,0,1,0,0,0,0,0
126446.0,144.0,3.0,0.0,65535.0,118272.0,2048.0,0.0,8192.0,4194304.0,8192.0,512.0,147456.0,512.0,0.0,4096.0,1048576.0,118260.0,8192.0,118272.0,512.0,19448.0,122880.0,20480.0,122880.0,138.0,0.0,0.0,0.0,0.0,4.0,1.0,1.0,0,0,1,0,0,0,1,0,0,0,0,1,1,1,0,0,0,0,0,0,0,0,0,0,0,0,1,0,0,0,0,0,0,0,0,0,1,0,0,0,0,0
21374.0,144.0,3.0,0.0,65535.0,54272.0,2387456.0,0.0,4096.0,4194304.0,8192.0,512.0,1519616.0,1024.0,100097.0,4096.0,1048576.0,221184.0,4096.0,6839296.0,1024.0,52900.0,77824.0,659456.0,872960.0,340.0,0.0,0.0,0.0,0.0,12.0,19.0,168.0,1,0,0,0,0,0,1,0,0,0,0,1,1,1,0,0,0,0,0,0,0,0,0,0,0,0,1,0,0,0,0,0,0,0,0,0,1,0,0,0,0,0
14120.0,144.0,3.0,0.0,65535.0,78336.0,61440.0,0.0,4096.0,4194304.0,4096.0,512.0,159744.0,1024.0,158926.0,4096.0,1048576.0,78011.0,4096.0,78336.0,1024.0,37158.0,86016.0,37376.0,79360.0,116.0,0.0,0.0,0.0,0.0,0.0,3.0,101.0,0,0,0,0,0,0,1,0,0,0,0,0,1,1,0,0,0,0,0,0,0,0,0,0,0,0,1,0,0,0,0,0,0,0,0,0,1,0,0,0,0,0
163850.0,144.0,3.0,0.0,65535.0,4594688.0,510976.0,0.0,4096.0,4194304.0,4096.0,512.0,2322432.0,1024.0,0.0,4096.0,1048576.0,652338.0,4096.0,62464.0,1024.0,15706.0,299008.0,12288.0,0.0,899.0,0.0,0.0,0.0,0.0,11.0,0.0,38.0,0,0,1,0,0,0,1,0,0,0,0,1,1,1,0,0,0,0,0,0,0,0,0,0,0,0,1,0,0,0,0,0,0,0,0,0,1,0,0,0,0,0
10523.0,144.0,3.0,0.0,65535.0,20480.0,49152.0,0.0,4096.0,4194304.0,4096.0,4096.0,73728.0,4096.0,0.0,4096.0,1048576.0,16798.0,4096.0,20480.0,4096.0,1960.0,24576.0,4096.0,24576.0,8933.0,120.0,0.0,5.0,3.0,7.0,1.0,40.0,0,0,1,0,0,0,1,0,0,0,0,0,1,1,0,0,0,0,0,0,0,0,0,0,0,0,1,0,0,0,0,0,0,0,0,0,1,0,0,0,0,0
857712.0,144.0,3.0,0.0,65535.0,16384.0,4096.0,839680.0,843776.0,4194304.0,4096.0,512.0,864256.0,4096.0,0.0,4096.0,1048576.0,15380.0,4096.0,15872.0,1024.0,3446.0,20480.0,3584.0,16896.0,54.0,0.0,0.0,0.0,0.0,0.0,8.0,13.0,0,0,1,0,0,0,0,0,0,0,0,0,0,1,0,0,0,0,0,0,0,0,0,0,0,0,1,1,0,0,0,0,0,0,0,0,1,0,0,0,0,0
5114496.0,144.0,3.0,0.0,65535.0,2150400.0,24576.0,2965504.0,2969600.0,4194304.0,4096.0,512.0,5144576.0,4096.0,0.0,4096.0,1048576.0,1672168.0,4096.0,1672192.0,1024.0,12052.0,1683456.0,12288.0,1675264.0,66.0,0.0,0.0,0.0,0.0,0.0,9.0,12.0,0,0,1,0,0,0,1,0,0,0,0,0,1,1,0,0,0,0,0,0,0,0,0,0,0,0,1,0,0,0,0,0,0,0,0,0,1,0,0,0,0,0
256240.0,144.0,3.0,0.0,65535.0,28672.0,1669632.0,0.0,4096.0,4194304.0,8192.0,512.0,925696.0,512.0,0.0,4096.0,1048576.0,1060278.0,8192.0,138240.0,4096.0,80918.0,299008.0,4096.0,240640.0,732.0,0.0,1.0,0.0,0.0,10.0,2.0,297.0,0,0,0,0,0,0,1,0,1,0,0,1,1,1,0,0,0,0,0,0,0,0,0,0,0,0,1,0,0,0,0,0,0,0,0,0,1,0,0,0,0,0
6118.0,144.0,3.0,0.0,65535.0,24576.0,331264.0,0.0,4096.0,4194304.0,4096.0,512.0,4169728.0,1024.0,0.0,4096.0,1048576.0,39620.0,4096.0,25600.0,4096.0,61398.0,36864.0,9728.0,467456.0,6.0,0.0,2.0,0.0,0.0,0.0,3.0,0.0,0,0,0,0,0,0,0,0,0,0,0,0,1,1,0,0,0,0,0,0,0,0,0,0,0,0,1,0,0,0,0,0,0,0,0,0,1,0,0,0,0,0
12114884.0,144.0,3.0,0.0,65535.0,112640.0,89088.0,0.0,4096.0,4194304.0,4096.0,512.0,217088.0,1024.0,0.0,4096.0,1048576.0,112426.0,4096.0,112640.0,1024.0,56096.0,118784.0,56320.0,113664.0,0.0,0.0,0.0,0.0,0.0,5.0,0.0,0.0,1,0,1,1,0,0,1,0,0,0,0,0,1,1,0,0,0,0,0,0,0,0,0,0,0,0,1,0,0,0,0,0,0,0,0,0,1,0,0,0,0,0
3594416.0,144.0,3.0,0.0,65535.0,3911680.0,2596864.0,0.0,4096.0,5368709120.0,4096.0,512.0,6524928.0,1024.0,6447082.0,4096.0,1048576.0,3911512.0,4096.0,3911680.0,1024.0,845008.0,3915776.0,845312.0,3912704.0,44.0,0.0,0.0,0.0,0.0,0.0,19.0,565.0,1,0,1,1,0,0,1,0,1,0,0,0,1,1,0,0,0,0,0,0,0,0,0,0,0,0,1,0,0,0,0,0,0,0,0,0,1,0,0,0,0,0
5516.0,64.0,3.0,0.0,65535.0,601600.0,119808.0,0.0,4096.0,4194304.0,4096.0,512.0,421888.0,1024.0,0.0,4096.0,1048576.0,12697.0,4096.0,730624.0,1024.0,67152.0,970752.0,4096.0,98304.0,759.0,0.0,0.0,0.0,0.0,12.0,1.0,0.0,1,0,0,0,0,0,1,0,1,0,0,1,1,1,0,0,0,0,0,0,0,0,0,0,0,0,1,0,0,0,0,0,0,0,0,0,1,0,0,0,0,0
18423809.0,144.0,3.0,0.0,65535.0,14008320.0,4411392.0,0.0,4096.0,4194304.0,4096.0,512.0,19918848.0,1536.0,0.0,4096.0,1048576.0,14008320.0,4096.0,4782592.0,1536.0,2125824.0,14012416.0,483840.0,4784128.0,3.0,0.0,0.0,0.0,0.0,0.0,14.0,16.0,0,0,1,0,0,0,1,0,1,0,0,1,1,1,0,0,0,0,1,0,0,0,0,0,0,0,1,1,0,0,0,0,0,0,0,0,1,0,0,0,1,0
136608.0,144.0,3.0,0.0,65535.0,49152.0,4096.0,86016.0,90112.0,4194304.0,4096.0,512.0,143360.0,4096.0,0.0,4096.0,1048576.0,14308.0,8192.0,14336.0,1024.0,13328.0,45056.0,13824.0,39424.0,61.0,0.0,0.0,0.0,0.0,0.0,1.0,6.0,0,0,0,0,0,0,1,0,0,0,0,0,1,1,0,0,0,0,0,0,0,0,0,0,0,0,1,0,0,0,0,0,0,0,0,0,1,0,0,0,0,0
149904.0,64.0,1.0,0.0,65535.0,586752.0,142336.0,0.0,4096.0,4194304.0,4096.0,512.0,4513792.0,1024.0,353499.0,28672.0,1048576.0,357170.0,4096.0,0.0,0.0,76554.0,364544.0,76800.0,1024.0,82.0,0.0,0.0,0.0,0.0,0.0,21.0,24.0,0,0,1,0,0,0,1,0,1,0,0,0,1,1,0,0,0,0,0,0,0,0,0,0,0,0,1,0,0,0,0,0,0,0,0,0,1,0,0,0,0,0
63532.0,144.0,3.0,0.0,65535.0,62464.0,364544.0,0.0,4096.0,5368709120.0,4096.0,512.0,1576960.0,1024.0,716968.0,4096.0,1048576.0,62088.0,4096.0,62464.0,1024.0,358776.0,69632.0,358912.0,63488.0,0.0,0.0,0.0,0.0,0.0,0.0,15.0,123.0,1,0,1,1,0,0,1,0,1,0,0,0,1,1,0,0,0,0,0,0,0,0,0,0,0,0,1,0,0,0,0,0,0,0,0,0,1,0,0,0,0,0
146062.0,144.0,3.0,0.0,65535.0,138240.0,145408.0,0.0,8192.0,4194304.0,8192.0,512.0,303104.0,1024.0,1217909907.0,4096.0,1048576.0,2154742.0,4096.0,0.0,0.0,604040.0,2162688.0,0.0,0.0,755.0,0.0,0.0,0.0,0.0,826.0,1.0,1.0,0,0,0,0,0,0,1,0,0,0,0,1,1,1,0,0,0,0,0,0,0,0,0,0,0,0,1,0,0,0,0,0,0,0,0,0,1,0,0,0,0,0
13594.0,144.0,3.0,0.0,65535.0,84480.0,3584.0,0.0,4096.0,4194304.0,4096.0,512.0,10252288.0,1536.0,0.0,4096.0,1048576.0,654308.0,4096.0,4594688.0,1024.0,306780.0,1224704.0,4096.0,131072.0,783.0,0.0,0.0,0.0,0.0,10.0,0.0,15.0,0,0,1,0,0,0,1,0,0,0,0,0,1,1,0,0,0,0,0,0,0,0,0,0,0,0,1,0,0,0,0,0,0,0,0,0,1,0,0,0,0,0
19402.0,21061.0,3.0,0.0,65535.0,9216.0,2048.0,0.0,4096.0,4194304.0,4096.0,512.0,17016.0,512.0,0.0,4096.0,1048576.0,188276.0,4096.0,58880.0,1024.0,608.0,163840.0,99328.0,15872.0,0.0,0.0,0.0,0.0,0.0,10.0,8.0,137.0,0,0,1,1,0,0,1,0,1,0,0,0,1,1,0,0,0,0,0,0,0,0,0,0,0,0,1,0,0,0,0,0,0,0,0,0,1,0,0,0,0,0
163850.0,144.0,3.0,0.0,65535.0,160256.0,1669632.0,0.0,4096.0,4194304.0,8192.0,512.0,577536.0,1024.0,0.0,4096.0,1048576.0,1080094.0,4096.0,40448.0,1024.0,14300.0,53248.0,12288.0,15872.0,0.0,0.0,0.0,0.0,0.0,103.0,8.0,21.0,0,0,1,1,0,0,1,0,0,0,0,0,1,1,0,0,0,0,0,0,0,0,0,0,0,0,1,0,0,0,0,0,0,0,0,0,1,0,0,0,0,0
35534.0,144.0,3.0,0.0,65535.0,27648.0,3072.0,0.0,8192.0,4194304.0,8192.0,512.0,57344.0,512.0,0.0,4096.0,1048576.0,27348.0,8192.0,27648.0,512.0,205666.0,847872.0,205824.0,844800.0,35.0,0.0,0.0,0.0,0.0,0.0,1.0,1.0,0,0,1,0,0,0,1,0,0,0,0,1,1,1,0,0,0,0,0,0,0,0,0,0,0,0,1,0,0,0,0,0,0,0,0,0,1,0,0,0,0,0
83185.0,144.0,3.0,0.0,65535.0,197120.0,201728.0,0.0,4096.0,4194304.0,4096.0,512.0,417792.0,1024.0,0.0,4096.0,1048576.0,196748.0,4096.0,197120.0,1024.0,181908.0,204800.0,182272.0,198144.0,124.0,0.0,0.0,0.0,0.0,0.0,3.0,88.0,0,0,0,0,0,0,1,0,0,0,0,0,1,1,0,0,0,0,0,0,0,0,0,0,0,0,1,0,0,0,0,0,0,0,0,0,1,0,0,0,0,0
4101.0,144.0,3.0,15.0,65535.0,352256.0,331264.0,0.0,4096.0,4194304.0,4096.0,512.0,17403904.0,1024.0,1296063.0,4096.0,1048576.0,7998.0,4096.0,601600.0,24576.0,67012.0,651264.0,2560000.0,37888.0,864.0,1.0,0.0,0.0,0.0,11.0,1.0,0.0,0,0,0,0,0,0,1,0,1,0,0,1,1,1,0,0,0,0,0,0,0,0,0,0,0,0,1,0,0,0,0,0,0,0,0,0,1,0,0,0,0,0
28430.0,144.0,3.0,0.0,65535.0,20480.0,1536.0,0.0,8192.0,4194304.0,8192.0,512.0,49152.0,512.0,0.0,4096.0,1048576.0,20244.0,8192.0,20480.0,512.0,2328.0,32768.0,2560.0,24576.0,324.0,0.0,0.0,1.0,0.0,6.0,1.0,1.0,0,0,1,0,0,0,1,0,0,0,0,1,1,1,0,0,0,0,0,0,0,0,0,0,0,0,1,0,0,0,0,0,0,0,0,0,1,0,0,0,0,0
107871.0,144.0,3.0,0.0,65535.0,140288.0,211456.0,0.0,4096.0,4194304.0,4096.0,512.0,352256.0,1024.0,0.0,4096.0,1048576.0,251257.0,4096.0,247808.0,1536.0,15306.0,1376256.0,5120.0,521216.0,702.0,1.0,0.0,0.0,0.0,11.0,0.0,21.0,0,0,0,0,0,0,1,0,0,0,0,0,1,0,0,0,0,0,0,0,0,0,0,0,0,0,1,0,0,0,0,0,0,0,0,0,1,0,0,0,0,0
7961.0,144.0,3.0,0.0,65535.0,10752.0,13824.0,0.0,4096.0,4194304.0,4096.0,512.0,36864.0,1024.0,0.0,4096.0,1048576.0,10364.0,4096.0,10752.0,1024.0,1142.0,16384.0,1536.0,11776.0,46.0,0.0,3.0,0.0,0.0,3.0,6.0,23.0,0,0,1,0,0,0,0,0,0,0,0,1,1,1,0,0,0,0,0,0,0,0,0,0,0,0,1,0,0,0,0,0,0,0,0,0,1,0,0,0,0,0
5726296.0,144.0,3.0,0.0,65535.0,1967104.0,2048.0,0.0,8192.0,4194304.0,8192.0,512.0,1998848.0,512.0,0.0,4096.0,1048576.0,1966876.0,8192.0,1967104.0,512.0,195458.0,638976.0,0.0,0.0,0.0,0.0,0.0,0.0,0.0,0.0,1.0,1.0,0,0,0,0,0,0,1,0,1,0,0,1,1,1,0,0,0,0,0,0,0,0,0,0,0,0,1,0,0,0,0,0,0,0,0,0,1,0,0,0,0,0
7855.0,144.0,3.0,0.0,65535.0,68096.0,41512448.0,0.0,4096.0,4194304.0,4096.0,512.0,41553920.0,1024.0,500405.0,4096.0,1048576.0,67833.0,4096.0,68096.0,1024.0,273396.0,73728.0,273408.0,69120.0,0.0,0.0,0.0,0.0,0.0,0.0,0.0,0.0,0,0,1,0,0,0,0,0,0,0,0,0,1,1,0,0,0,0,0,0,0,0,0,0,0,0,1,0,0,0,0,0,0,0,0,0,1,0,0,0,0,0
10718.0,144.0,3.0,0.0,65535.0,2560.0,1536.0,0.0,8192.0,4194304.0,8192.0,512.0,32768.0,512.0,0.0,4096.0,1048576.0,2532.0,8192.0,2560.0,512.0,200454.0,1257472.0,200704.0,852992.0,46.0,0.0,0.0,0.0,0.0,0.0,1.0,1.0,0,0,0,0,0,0,1,0,0,0,0,1,1,1,0,0,0,0,0,0,0,0,0,0,0,0,1,0,0,0,0,0,0,0,0,0,1,0,0,0,0,0
18446.0,144.0,3.0,0.0,65535.0,10752.0,3584.0,0.0,8192.0,4194304.0,8192.0,512.0,40960.0,512.0,0.0,4096.0,1048576.0,10260.0,8192.0,10752.0,512.0,1059448.0,880640.0,1059840.0,875008.0,324.0,0.0,0.0,1.0,0.0,7.0,1.0,1.0,0,0,1,0,0,0,1,0,1,0,0,1,1,1,0,0,0,0,0,0,0,0,0,0,0,0,1,0,0,0,0,0,0,0,0,0,1,0,0,0,0,0
13594.0,144.0,3.0,0.0,65535.0,70656.0,3584.0,0.0,8192.0,4194304.0,8192.0,512.0,106496.0,1024.0,0.0,4096.0,1048576.0,296149.0,8192.0,730624.0,4096.0,24.0,36864.0,512.0,521216.0,2406.0,0.0,0.0,0.0,0.0,8.0,1.0,21.0,0,0,0,0,0,0,1,0,0,0,0,1,1,1,0,0,0,0,0,0,0,0,0,0,0,0,1,0,0,0,0,0,0,0,0,0,1,0,0,0,0,0
13784.0,144.0,3.0,0.0,65535.0,26112.0,141824.0,2048.0,4096.0,4194304.0,4096.0,512.0,245760.0,1024.0,0.0,4096.0,1048576.0,25970.0,4096.0,26112.0,1024.0,5016.0,32768.0,5120.0,27136.0,0.0,0.0,0.0,0.0,0.0,0.0,7.0,165.0,0,0,1,0,0,0,1,0,0,0,0,1,1,1,0,0,0,0,0,0,0,0,0,0,0,0,1,0,0,0,0,0,0,0,0,0,1,0,0,0,0,0
672592.0,144.0,3.0,0.0,65535.0,28672.0,238592.0,0.0,8192.0,4194304.0,8192.0,512.0,1433600.0,1024.0,0.0,4096.0,1048576.0,871332.0,4096.0,495616.0,0.0,15048.0,3833856.0,12288.0,521216.0,875.0,0.0,0.0,0.0,0.0,3.0,2.0,21.0,0,0,0,0,0,0,1,0,1,0,0,1,1,1,0,0,0,0,0,0,0,0,0,0,0,0,1,0,0,0,0,0,0,0,0,0,1,0,0,0,0,0
6662.0,144.0,3.0,0.0,65535.0,90112.0,27136.0,0.0,4096.0,4194304.0,4096.0,512.0,122880.0,1024.0,0.0,4096.0,1048576.0,89734.0,4096.0,90112.0,1024.0,11468.0,94208.0,11776.0,91136.0,13.0,0.0,0.0,0.0,0.0,0.0,2.0,87.0,0,0,0,0,0,0,1,0,0,0,0,0,1,1,0,0,0,0,0,0,0,0,0,0,0,0,1,0,0,0,0,0,0,0,0,0,1,0,0,0,0,0
83600.0,144.0,3.0,0.0,65535.0,24576.0,20480.0,61440.0,65536.0,4194304.0,4096.0,512.0,110592.0,4096.0,0.0,4096.0,1048576.0,23322.0,4096.0,23552.0,1024.0,8054.0,28672.0,8192.0,24576.0,1766.0,8.0,0.0,0.0,0.0,0.0,8.0,13.0,0,0,1,0,0,0,1,0,1,0,0,0,1,1,0,0,0,0,0,0,0,0,0,0,0,0,1,0,0,0,0,0,0,0,0,0,1,0,0,0,0,0
8762.0,144.0,3.0,0.0,65535.0,8192.0,9216.0,0.0,4096.0,4194304.0,4096.0,512.0,32768.0,1024.0,0.0,4096.0,1048576.0,7757.0,4096.0,8192.0,1024.0,6038.0,12288.0,6144.0,9216.0,2.0,0.0,0.0,0.0,0.0,5.0,9.0,81.0,0,0,0,0,0,0,1,0,0,0,0,0,1,1,0,0,0,0,0,0,0,0,0,0,0,0,1,0,0,0,0,0,0,0,0,0,1,0,0,0,0,0
279838.0,144.0,3.0,0.0,65535.0,271872.0,8704.0,0.0,8192.0,4194304.0,8192.0,512.0,303104.0,512.0,0.0,4096.0,1048576.0,271652.0,8192.0,271872.0,512.0,234016.0,1376256.0,234496.0,1370624.0,86.0,0.0,0.0,0.0,0.0,0.0,1.0,1.0,0,0,1,0,0,0,1,0,1,0,0,1,1,1,0,0,0,0,0,0,0,0,0,0,0,0,1,0,0,0,0,0,0,0,0,0,1,0,0,0,0,0
5376.0,144.0,3.0,0.0,65535.0,3584.0,2679296.0,0.0,4096.0,4194304.0,4096.0,512.0,12886016.0,1024.0,7033223.0,4096.0,1048576.0,3536.0,4096.0,0.0,0.0,2677634.0,8192.0,0.0,0.0,0.0,0.0,0.0,0.0,0.0,0.0,0.0,0.0,1,0,1,1,0,0,1,0,0,0,0,1,1,1,0,0,0,0,0,0,0,0,0,0,0,0,1,0,0,0,0,0,0,0,0,0,1,0,0,0,0,0
365072.0,144.0,3.0,0.0,65535.0,440832.0,73728.0,0.0,4096.0,4194304.0,4096.0,512.0,6230016.0,1024.0,0.0,4096.0,1048576.0,440671.0,4096.0,440832.0,1024.0,5499796.0,446464.0,5499904.0,441856.0,16.0,0.0,0.0,0.0,0.0,0.0,1.0,39.0,0,0,1,0,0,0,1,0,0,0,0,0,1,1,0,0,0,0,0,0,0,0,0,0,0,0,1,0,0,0,0,0,0,0,0,0,1,0,0,0,0,0
51360.0,144.0,3.0,0.0,65535.0,50176.0,65536.0,512.0,4096.0,5368709120.0,4096.0,512.0,139264.0,1024.0,188002.0,8192.0,1048576.0,49892.0,4096.0,50176.0,1024.0,14334.0,61440.0,14336.0,51200.0,0.0,0.0,0.0,0.0,0.0,0.0,16.0,122.0,1,0,1,1,0,0,1,1,1,0,0,0,1,1,0,0,0,0,0,0,0,0,0,0,0,0,1,0,0,0,0,0,0,0,0,0,1,0,0,0,0,0
73440.0,144.0,3.0,0.0,65535.0,208896.0,1720320.0,0.0,4096.0,4194304.0,4096.0,512.0,1941504.0,1024.0,368534.0,4096.0,1048576.0,208746.0,4096.0,208896.0,1024.0,2602.0,28672.0,4096.0,28672.0,0.0,0.0,0.0,0.0,0.0,0.0,0.0,0.0,0,0,1,0,0,0,0,0,0,0,0,0,0,1,0,0,0,0,0,0,0,0,0,0,0,0,1,0,0,0,0,0,0,0,0,0,1,0,0,0,0,0
1710784.0,80.0,2.0,15.0,65535.0,638976.0,53248.0,1073152.0,1077248.0,4194304.0,4096.0,512.0,1769472.0,4096.0,720320.0,16384.0,1048576.0,638976.0,1077248.0,636928.0,1024.0,24.0,540672.0,512.0,502272.0,176.0,0.0,0.0,0.0,0.0,0.0,10.0,13.0,0,0,1,0,0,0,1,0,1,0,0,1,1,1,0,0,0,0,1,0,0,0,0,0,0,0,1,1,0,0,0,0,0,0,0,0,1,0,0,0,0,0
36600.0,80.0,2.0,15.0,65535.0,33280.0,10752.0,0.0,4096.0,4194304.0,4096.0,512.0,69632.0,1024.0,100225.0,16384.0,1048576.0,958232.0,4096.0,958464.0,1024.0,24.0,57344.0,512.0,37888.0,10.0,0.0,0.0,0.0,0.0,0.0,4.0,48.0,0,0,0,0,0,0,1,0,0,0,0,0,0,1,0,0,0,0,1,0,0,0,0,0,0,0,1,0,0,0,0,0,0,0,0,0,1,0,0,0,0,0
535688.0,80.0,2.0,15.0,65535.0,531968.0,302080.0,0.0,4096.0,4194304.0,4096.0,512.0,864256.0,1024.0,0.0,16384.0,1048576.0,7998.0,4096.0,8192.0,1024.0,24.0,569344.0,512.0,549376.0,22.0,0.0,0.0,0.0,0.0,0.0,9.0,153.0,0,0,1,0,0,0,0,0,0,0,0,1,0,0,0,0,0,0,1,1,0,0,0,0,0,0,1,1,0,0,0,0,0,0,0,0,1,0,0,0,0,0
47646.0,144.0,3.0,0.0,65535.0,39936.0,13824.0,0.0,8192.0,4194304.0,8192.0,512.0,81920.0,1024.0,0.0,4096.0,1048576.0,39460.0,8192.0,39936.0,1024.0,3523528.0,4341760.0,3523584.0,4337152.0,267.0,3.0,0.0,0.0,0.0,0.0,1.0,1.0,0,0,1,0,0,0,1,0,1,0,0,1,1,1,0,0,0,0,0,0,0,0,0,0,0,0,1,0,0,0,0,0,0,0,0,0,1,0,0,0,0,0
37250.0,144.0,3.0,0.0,65535.0,29184.0,512.0,0.0,8192.0,4194304.0,8192.0,512.0,49152.0,512.0,0.0,4096.0,1048576.0,29112.0,8192.0,29184.0,512.0,155.0,8192.0,512.0,1536.0,17.0,0.0,0.0,0.0,0.0,0.0,1.0,1.0,0,0,1,0,0,0,1,0,0,0,0,1,1,1,0,0,0,0,0,0,0,0,0,0,0,0,1,0,0,0,0,0,0,0,0,0,1,0,0,0,0,0
189456.0,96.0,1.0,0.0,65535.0,73728.0,24576.0,114688.0,118784.0,4194304.0,4096.0,512.0,217088.0,4096.0,3814036.0,4096.0,1048576.0,43366.0,4096.0,45056.0,4096.0,4070.0,49152.0,4096.0,49152.0,788.0,0.0,0.0,0.0,0.0,0.0,9.0,12.0,0,0,1,0,0,0,0,0,0,0,0,0,1,1,0,0,0,0,0,0,0,0,0,0,0,0,1,0,0,0,0,0,0,0,0,0,1,0,0,0,0,0
5344.0,144.0,3.0,0.0,65535.0,12288.0,166912.0,2560.0,4096.0,4194304.0,4096.0,512.0,225280.0,1536.0,267770.0,4096.0,1048576.0,12112.0,4096.0,12288.0,1536.0,2440.0,20480.0,2560.0,14336.0,2.0,0.0,0.0,0.0,0.0,0.0,5.0,95.0,1,0,0,1,0,0,0,0,0,0,0,0,0,1,0,0,0,0,1,0,0,0,0,0,0,0,1,0,0,0,0,0,0,0,0,0,1,0,0,0,0,0
8820.0,144.0,3.0,0.0,65535.0,7168.0,41472.0,0.0,4096.0,4194304.0,4096.0,512.0,65536.0,1024.0,64626.0,4096.0,1048576.0,6699.0,4096.0,7168.0,1024.0,4172.0,12288.0,4608.0,8192.0,0.0,0.0,0.0,0.0,0.0,0.0,5.0,74.0,0,0,1,0,0,0,1,0,0,0,0,0,1,1,0,0,0,0,0,0,0,0,0,0,0,0,1,0,0,0,0,0,0,0,0,0,1,0,0,0,0,0
87533.0,80.0,3.0,0.0,65535.0,301056.0,2302464.0,0.0,1167360.0,4194304.0,4096.0,512.0,1019904.0,1024.0,2776299.0,8192.0,1048576.0,1827876.0,4096.0,19216896.0,1536.0,4732.0,327680.0,10752.0,548352.0,0.0,0.0,0.0,0.0,0.0,5.0,1.0,0.0,0,0,1,0,0,0,0,0,0,0,0,0,1,1,0,0,0,0,0,0,0,0,0,0,0,0,1,0,0,0,0,0,0,0,0,0,1,0,0,0,0,0
80668.0,144.0,3.0,0.0,65535.0,694784.0,202240.0,0.0,4096.0,4194304.0,4096.0,512.0,3760128.0,1024.0,0.0,4096.0,1048576.0,58944.0,4096.0,1532928.0,1024.0,6488.0,1081344.0,3783680.0,847872.0,0.0,1.0,0.0,0.0,0.0,11.0,28.0,0.0,0,0,1,0,0,0,0,0,0,0,0,0,0,1,0,0,0,0,0,0,0,0,0,0,0,0,1,0,0,0,0,0,0,0,0,0,1,0,0,0,0,0
880028.0,80.0,2.0,15.0,65535.0,875520.0,281088.0,0.0,4096.0,4194304.0,4096.0,512.0,1298432.0,1024.0,1247084.0,16384.0,1048576.0,871332.0,4096.0,871424.0,1024.0,24.0,942080.0,512.0,902656.0,17.0,0.0,0.0,0.0,0.0,3.0,12.0,213.0,0,0,1,0,0,0,1,0,0,0,0,1,1,1,0,0,0,0,0,0,0,0,0,0,0,0,1,0,0,0,0,0,0,0,0,0,1,0,0,0,0,0
31423.0,144.0,3.0,0.0,65535.0,70656.0,211456.0,0.0,4096.0,4194304.0,4096.0,512.0,1003520.0,1024.0,0.0,4096.0,1048576.0,32676.0,4096.0,185344.0,4096.0,5326.0,8548352.0,4096.0,69632.0,52.0,0.0,1.0,0.0,0.0,0.0,1.0,0.0,0,0,0,0,0,0,1,0,0,0,0,1,1,1,0,0,0,0,0,0,0,0,0,0,0,0,1,0,0,0,0,0,0,0,0,0,1,0,0,0,0,0
49934.0,144.0,3.0,0.0,65535.0,41984.0,2048.0,0.0,8192.0,4194304.0,8192.0,512.0,73728.0,512.0,0.0,4096.0,1048576.0,41764.0,8192.0,41984.0,512.0,13213.0,77824.0,13312.0,69632.0,21.0,0.0,0.0,0.0,0.0,0.0,1.0,1.0,0,0,0,0,0,0,1,0,0,0,0,1,1,1,0,0,0,0,0,0,0,0,0,0,0,0,1,0,0,0,0,0,0,0,0,0,1,0,0,0,0,0
71644.0,144.0,3.0,0.0,65535.0,5120.0,646144.0,0.0,4096.0,4194304.0,4096.0,512.0,5881856.0,4096.0,92886.0,4096.0,1048576.0,794624.0,4096.0,512.0,4096.0,76510.0,761856.0,99328.0,1030144.0,896.0,0.0,15.0,0.0,0.0,11.0,18.0,20.0,0,0,1,0,0,0,1,0,1,0,0,0,1,1,0,0,0,0,0,0,0,0,0,0,0,0,1,0,0,0,0,0,0,0,0,0,1,0,0,0,0,0
3457112.0,144.0,3.0,0.0,65535.0,201728.0,143872.0,0.0,4096.0,4194304.0,4096.0,512.0,5353472.0,1024.0,3094623.0,4096.0,1048576.0,662690.0,4096.0,663552.0,4096.0,391260.0,667648.0,393216.0,667648.0,34.0,0.0,0.0,0.0,0.0,0.0,2.0,2.0,0,0,1,0,0,0,1,0,0,0,0,0,1,1,0,0,0,0,0,0,0,0,0,0,0,0,1,0,0,0,0,0,0,0,0,0,1,0,0,0,0,0
47774.0,144.0,3.0,0.0,65535.0,39936.0,2048.0,0.0,8192.0,4194304.0,8192.0,512.0,65536.0,512.0,0.0,4096.0,1048576.0,39588.0,8192.0,39936.0,512.0,96124.0,233472.0,0.0,0.0,21.0,0.0,0.0,0.0,0.0,0.0,1.0,1.0,0,0,0,0,0,0,1,0,0,0,0,1,1,1,0,0,0,0,0,0,0,0,0,0,0,0,1,0,0,0,0,0,0,0,0,0,1,0,0,0,0,0
75280.0,144.0,3.0,0.0,65535.0,9728.0,2048.0,0.0,8192.0,4194304.0,8192.0,512.0,40960.0,512.0,0.0,4096.0,1048576.0,9232.0,8192.0,9728.0,512.0,141664.0,40960.0,143360.0,40960.0,117.0,3.0,3.0,0.0,0.0,3.0,0.0,0.0,0,0,1,0,0,0,1,0,0,0,0,1,1,1,0,0,0,0,0,0,0,0,0,0,0,0,1,0,0,0,0,0,0,0,0,0,1,0,0,0,0,0
13594.0,144.0,3.0,16.0,65535.0,285696.0,313856.0,0.0,8192.0,4194304.0,4096.0,512.0,5160960.0,1024.0,0.0,4096.0,1048576.0,190031.0,4096.0,730624.0,1024.0,535744.0,53248.0,12288.0,521216.0,0.0,2.0,0.0,0.0,0.0,12.0,7.0,0.0,0,0,0,0,0,0,1,0,1,0,0,1,1,1,0,0,0,0,0,0,0,0,0,0,0,0,1,0,0,0,0,0,0,0,0,0,1,0,0,0,0,0
108274.0,144.0,3.0,0.0,65535.0,100352.0,2048.0,0.0,8192.0,4194304.0,8192.0,512.0,131072.0,512.0,0.0,4096.0,1048576.0,100088.0,8192.0,100352.0,512.0,349112.0,1327104.0,349184.0,1321984.0,21.0,0.0,0.0,0.0,0.0,4.0,1.0,1.0,0,0,0,0,0,0,1,0,1,0,0,1,1,1,0,0,0,0,0,0,0,0,0,0,0,0,1,0,0,0,0,0,0,0,0,0,1,0,0,0,0,0
74610.0,144.0,3.0,0.0,65535.0,66560.0,6656.0,0.0,8192.0,4194304.0,8192.0,512.0,98304.0,512.0,0.0,4096.0,1048576.0,66424.0,8192.0,66560.0,512.0,13213.0,77824.0,13312.0,69632.0,0.0,0.0,0.0,0.0,0.0,0.0,1.0,1.0,0,0,1,0,0,0,1,0,1,0,0,1,1,1,0,0,0,0,0,0,0,0,0,0,0,0,1,0,0,0,0,0,0,0,0,0,1,0,0,0,0,0
4884.0,80.0,2.0,15.0,65535.0,442368.0,40960.0,0.0,4096.0,4194304.0,4096.0,512.0,569344.0,1536.0,0.0,8192.0,1048576.0,442368.0,4096.0,441856.0,1536.0,4096.0,491520.0,512.0,463360.0,55.0,0.0,3.0,0.0,0.0,4.0,7.0,364.0,0,0,1,0,0,0,1,0,0,0,0,0,1,1,0,0,0,0,0,0,0,0,0,0,0,0,1,0,0,0,0,0,0,0,0,0,1,0,0,0,0,0
545208.0,144.0,3.0,0.0,65535.0,1167360.0,309760.0,0.0,4096.0,4194304.0,4096.0,512.0,2039808.0,1024.0,0.0,4096.0,1048576.0,1167008.0,544768.0,1167360.0,1024.0,244096.0,1712128.0,244224.0,1168384.0,4.0,0.0,0.0,0.0,0.0,0.0,2.0,142.0,0,0,0,0,0,0,1,0,0,0,0,0,1,1,0,0,0,0,0,0,0,0,0,0,0,0,1,0,0,0,0,0,0,0,0,0,1,0,0,0,0,0
2226158.0,144.0,3.0,0.0,65535.0,2217984.0,112256512.0,0.0,8192.0,4194304.0,8192.0,512.0,114499584.0,512.0,114493827.0,4096.0,1048576.0,2217972.0,8192.0,2217984.0,512.0,192512.0,757760.0,192512.0,757760.0,28.0,0.0,0.0,0.0,0.0,2.0,1.0,1.0,0,0,1,0,0,0,1,0,0,0,0,1,1,1,0,0,0,0,0,0,0,0,0,0,0,0,1,0,0,0,0,0,0,0,0,0,1,0,0,0,0,0
4096.0,144.0,3.0,0.0,65535.0,285696.0,1669632.0,0.0,4096.0,5368709120.0,4096.0,512.0,2293760.0,1024.0,100097.0,8192.0,1048576.0,32676.0,4096.0,1488384.0,1024.0,6406.0,638976.0,78336.0,935424.0,178.0,3.0,2.0,0.0,0.0,0.0,56.0,20.0,1,0,0,1,0,0,1,0,1,0,0,0,1,1,0,0,0,0,0,0,0,0,0,0,0,0,1,0,0,0,0,0,0,0,0,0,1,0,0,0,0,0
163850.0,144.0,3.0,0.0,65535.0,581632.0,284672.0,0.0,4096.0,4194304.0,4096.0,512.0,892928.0,1024.0,891967.0,4096.0,4194304.0,581597.0,4096.0,581632.0,1024.0,195982.0,585728.0,196096.0,582656.0,295.0,13.0,0.0,4.0,1.0,3.0,18.0,527.0,0,0,1,0,0,0,1,0,0,0,0,0,0,1,0,0,0,0,0,0,0,0,0,0,0,0,1,0,0,0,0,0,0,0,0,0,1,0,0,0,0,0
163850.0,144.0,3.0,0.0,65535.0,5120.0,3584.0,0.0,8192.0,4194304.0,8192.0,512.0,81920.0,1024.0,0.0,4096.0,1048576.0,637336.0,8192.0,2055680.0,512.0,152.0,53248.0,4096.0,59392.0,690.0,0.0,2.0,0.0,0.0,11.0,1.0,18.0,0,0,0,0,0,0,1,0,0,0,0,1,1,1,0,0,0,0,0,0,0,0,0,0,0,0,1,0,0,0,0,0,0,0,0,0,1,0,0,0,0,0
304792.0,144.0,3.0,0.0,65535.0,506368.0,251904.0,0.0,4096.0,5368709120.0,4096.0,512.0,774144.0,1024.0,0.0,4096.0,1048576.0,505872.0,4096.0,506368.0,1024.0,183820.0,512000.0,184320.0,507392.0,0.0,0.0,0.0,0.0,0.0,0.0,5.0,121.0,1,0,0,1,0,0,1,0,1,0,0,0,1,1,0,0,0,0,0,0,0,0,0,0,0,0,1,0,0,0,0,0,0,0,0,0,1,0,0,0,0,0
13477.0,144.0,3.0,0.0,65535.0,26112.0,427520.0,16384.0,4096.0,4194304.0,4096.0,512.0,1007616.0,1024.0,93888.0,4096.0,1048576.0,25609.0,4096.0,26112.0,1024.0,5006.0,32768.0,5120.0,27136.0,673.0,0.0,0.0,0.0,0.0,0.0,7.0,165.0,0,0,1,0,0,0,1,0,0,0,0,1,1,1,0,0,0,0,0,0,0,0,0,0,0,0,1,0,0,0,0,0,0,0,0,0,1,0,0,0,0,0
83694.0,144.0,3.0,0.0,65535.0,77824.0,8192.0,0.0,8192.0,285212672.0,8192.0,4096.0,106496.0,4096.0,0.0,4096.0,1048576.0,75508.0,8192.0,77824.0,4096.0,24.0,626688.0,512.0,590848.0,690.0,0.0,0.0,0.0,0.0,0.0,1.0,1.0,0,0,1,0,0,0,1,0,0,0,0,1,1,0,0,0,0,0,0,0,0,0,0,0,0,0,1,0,0,0,0,0,0,0,0,0,1,0,0,0,0,0
12253608.0,144.0,3.0,0.0,65535.0,46080.0,34816.0,0.0,4096.0,4194304.0,4096.0,512.0,94208.0,1024.0,95858.0,4096.0,1048576.0,45991.0,4096.0,46080.0,1024.0,23974.0,53248.0,24064.0,47104.0,8.0,0.0,0.0,0.0,0.0,0.0,4.0,80.0,1,0,1,1,0,0,1,0,0,0,0,0,1,1,0,0,0,0,0,0,0,0,0,0,0,0,1,0,0,0,0,0,0,0,0,0,1,0,0,0,0,0
4389.0,144.0,3.0,0.0,65535.0,300032.0,2048.0,0.0,4096.0,4194304.0,8192.0,512.0,269448.0,4096.0,4413572.0,4096.0,1048576.0,21504.0,4096.0,893952.0,1024.0,16728.0,2351104.0,59904.0,232448.0,0.0,0.0,2.0,0.0,0.0,11.0,0.0,1430.0,0,0,1,1,0,0,1,0,0,0,0,1,1,1,0,0,0,0,0,0,0,0,0,0,0,0,1,0,0,0,0,0,0,0,0,0,1,0,0,0,0,0
12558.0,144.0,3.0,0.0,65535.0,32768.0,77824.0,0.0,4096.0,4194304.0,4096.0,4096.0,114688.0,4096.0,116728.0,4096.0,1048576.0,31861.0,4096.0,32768.0,4096.0,3964.0,36864.0,4096.0,36864.0,13.0,4.0,0.0,0.0,0.0,0.0,5.0,101.0,0,0,1,0,0,0,1,0,0,0,0,1,1,1,0,0,0,0,0,0,0,0,0,0,0,0,1,0,0,0,0,0,0,0,0,0,1,0,0,0,0,0
4096.0,144.0,3.0,0.0,65535.0,2048.0,2048.0,0.0,4096.0,4194304.0,4096.0,512.0,16384.0,512.0,0.0,4096.0,1048576.0,1620.0,4096.0,2048.0,512.0,35196.0,114688.0,35328.0,108032.0,12.0,0.0,0.0,0.0,0.0,0.0,3.0,25.0,0,0,1,0,0,0,1,0,0,0,0,0,0,1,0,0,0,0,0,0,0,0,0,0,0,0,1,0,0,0,0,0,0,0,0,0,1,0,0,0,0,0
189930.0,144.0,3.0,0.0,65535.0,181760.0,62976.0,0.0,8192.0,4194304.0,8192.0,512.0,270336.0,512.0,0.0,4096.0,1048576.0,181760.0,8192.0,181760.0,512.0,13221.0,77824.0,13312.0,71680.0,0.0,0.0,0.0,0.0,0.0,0.0,1.0,1.0,0,0,1,0,0,0,1,0,0,0,0,1,1,1,0,0,0,0,0,0,0,0,0,0,0,0,1,0,0,0,0,0,0,0,0,0,1,0,0,0,0,0
4096.0,144.0,3.0,0.0,65535.0,1904128.0,5642240.0,0.0,4096.0,4194304.0,4096.0,512.0,4620288.0,1024.0,100097.0,4096.0,1048576.0,26095.0,4096.0,415232.0,1024.0,775884.0,143360.0,699392.0,0.0,0.0,0.0,1.0,0.0,0.0,7.0,1.0,228.0,1,0,0,1,0,0,1,0,1,0,0,0,1,1,0,0,0,0,0,0,0,0,0,0,0,0,1,0,0,0,0,0,0,0,0,0,1,0,0,0,0,0
1937865967.0,144.0,3.0,0.0,65535.0,1726464.0,100352.0,0.0,8192.0,2228224.0,8192.0,512.0,1851392.0,512.0,1887802.0,4096.0,1048576.0,1726308.0,8192.0,1726464.0,512.0,136078.0,225280.0,136192.0,221184.0,2.0,0.0,0.0,0.0,0.0,0.0,0.0,0.0,0,0,1,0,0,0,1,0,0,0,0,1,1,1,0,0,0,0,0,0,0,0,0,0,0,0,1,0,0,0,0,0,0,0,0,0,1,0,0,0,0,0
3117720.0,144.0,3.0,0.0,65535.0,40960.0,18432.0,0.0,4096.0,4194304.0,8192.0,512.0,53248.0,1024.0,0.0,4096.0,1048576.0,2994.0,4096.0,25600.0,1024.0,1778.0,1376256.0,4096.0,3597312.0,429.0,1.0,1.0,0.0,0.0,6.0,9.0,75.0,0,0,0,1,0,0,1,0,1,0,0,0,1,1,0,0,0,0,0,0,0,0,0,0,0,0,1,0,0,0,0,0,0,0,0,0,1,0,0,0,0,0
1054060.0,80.0,2.0,0.0,65535.0,1344000.0,53760.0,0.0,4096.0,4194304.0,4096.0,512.0,86016.0,1024.0,0.0,4096.0,1048576.0,161818.0,4096.0,94720.0,1024.0,46129.0,36864.0,512.0,240640.0,867.0,3.0,1.0,0.0,0.0,0.0,0.0,245.0,0,0,1,0,0,0,1,0,0,0,0,1,1,1,0,0,0,0,0,0,0,0,0,0,0,0,1,0,0,0,0,0,0,0,0,0,1,0,0,0,0,0
4006318.0,144.0,3.0,0.0,65535.0,3998208.0,149504.0,0.0,8192.0,4194304.0,8192.0,512.0,4177920.0,512.0,0.0,4096.0,1048576.0,3998132.0,8192.0,3998208.0,512.0,18802.0,73728.0,18944.0,67584.0,42.0,0.0,0.0,0.0,0.0,0.0,1.0,1.0,0,0,1,0,0,0,1,0,1,0,0,1,1,1,0,0,0,0,0,0,0,0,0,0,0,0,1,0,0,0,0,0,0,0,0,0,1,0,0,0,0,0
48174.0,144.0,3.0,0.0,65535.0,40448.0,2048.0,0.0,8192.0,4194304.0,8192.0,512.0,65536.0,512.0,0.0,4096.0,1048576.0,39988.0,8192.0,40448.0,512.0,716800.0,2646016.0,716800.0,2646016.0,27.0,0.0,0.0,0.0,0.0,0.0,1.0,1.0,0,0,0,0,0,0,1,0,0,0,0,1,1,1,0,0,0,0,0,0,0,0,0,0,0,0,1,0,0,0,0,0,0,0,0,0,1,0,0,0,0,0
163850.0,80.0,3.0,0.0,65535.0,11264.0,397312.0,0.0,4096.0,4194304.0,8192.0,512.0,18149376.0,512.0,0.0,4096.0,1048576.0,619984.0,4096.0,109568.0,1024.0,22112.0,1712128.0,180224.0,1399808.0,0.0,3.0,0.0,0.0,0.0,3.0,12.0,71.0,0,0,1,0,0,0,1,0,0,0,0,0,1,1,0,0,0,0,0,0,0,0,0,0,0,0,1,0,0,0,0,0,0,0,0,0,1,0,0,0,0,0
13206.0,144.0,3.0,0.0,65535.0,5120.0,1536.0,0.0,8192.0,4194304.0,8192.0,512.0,32768.0,512.0,0.0,4096.0,1048576.0,5020.0,8192.0,5120.0,512.0,4478318.0,8192.0,4478464.0,5120.0,0.0,0.0,0.0,0.0,0.0,0.0,0.0,0.0,0,0,0,0,0,0,1,0,1,0,0,1,1,1,0,0,0,0,0,0,0,0,0,0,0,0,1,0,0,0,0,0,0,0,0,0,1,0,0,0,0,0
115186.0,144.0,3.0,0.0,65535.0,121856.0,46592.0,0.0,4096.0,4194304.0,4096.0,512.0,184320.0,1024.0,0.0,4096.0,1048576.0,121566.0,4096.0,121856.0,1024.0,20828.0,126976.0,20992.0,122880.0,5.0,0.0,0.0,0.0,0.0,0.0,4.0,94.0,0,0,0,0,0,0,1,0,1,0,0,1,1,1,0,0,0,0,0,0,0,0,0,0,0,0,1,0,0,0,0,0,0,0,0,0,1,0,0,0,0,0
41502.0,144.0,3.0,0.0,65535.0,33792.0,2048.0,0.0,8192.0,4194304.0,8192.0,512.0,65536.0,512.0,50109.0,4096.0,1048576.0,33316.0,8192.0,33792.0,512.0,24.0,532480.0,512.0,500736.0,502.0,12.0,0.0,2.0,0.0,3.0,1.0,1.0,0,0,1,0,0,0,1,0,1,0,0,1,1,1,0,0,0,0,0,0,0,0,0,0,0,0,1,0,0,0,0,0,0,0,0,0,1,0,0,0,0,0
16460488.0,144.0,3.0,0.0,65535.0,633856.0,449024.0,0.0,4096.0,4194304.0,4096.0,512.0,18722816.0,1024.0,11453800.0,4096.0,4194304.0,633629.0,4096.0,0.0,0.0,195458.0,638976.0,0.0,0.0,829.0,0.0,0.0,0.0,0.0,0.0,18.0,18.0,0,0,1,0,0,0,0,0,0,0,0,0,0,1,0,0,0,0,0,0,0,0,0,0,0,0,1,0,0,0,0,0,0,0,0,0,1,0,0,0,0,0
163850.0,144.0,3.0,0.0,17744.0,9216.0,126464.0,0.0,4096.0,4194304.0,4096.0,512.0,3313664.0,1024.0,0.0,4096.0,1048576.0,32676.0,8192.0,185344.0,4096.0,14300.0,389120.0,99328.0,1029120.0,0.0,2.0,2.0,0.0,0.0,0.0,1.0,0.0,0,0,0,0,0,0,1,0,0,0,0,1,1,1,0,0,0,0,0,0,0,0,0,0,0,0,1,0,0,0,0,0,0,0,0,0,1,0,0,0,0,0
925326.0,144.0,3.0,0.0,65535.0,917504.0,21504.0,0.0,8192.0,4194304.0,8192.0,512.0,958464.0,512.0,966012.0,4096.0,1048576.0,917140.0,8192.0,917504.0,512.0,11230.0,53248.0,11264.0,50176.0,28.0,0.0,0.0,0.0,0.0,0.0,1.0,1.0,0,0,1,0,0,0,1,0,0,0,0,1,1,1,0,0,0,0,0,0,0,0,0,0,0,0,1,0,0,0,0,0,0,0,0,0,1,0,0,0,0,0
8135104.0,144.0,3.0,0.0,65535.0,581120.0,1536.0,0.0,8192.0,4194304.0,8192.0,512.0,606208.0,512.0,0.0,4096.0,1048576.0,580788.0,8192.0,581120.0,512.0,72434.0,208896.0,72704.0,204288.0,12.0,0.0,0.0,0.0,0.0,3.0,0.0,0.0,0,0,0,0,0,0,1,0,1,0,0,1,1,1,0,0,0,0,0,0,0,0,0,0,0,0,1,0,0,0,0,0,0,0,0,0,1,0,0,0,0,0
19574.0,144.0,3.0,0.0,65535.0,11776.0,25600.0,0.0,8192.0,4194304.0,8192.0,512.0,65536.0,512.0,0.0,4096.0,1048576.0,11388.0,8192.0,11776.0,512.0,30432.0,86016.0,30720.0,81408.0,327.0,0.0,0.0,2.0,0.0,5.0,1.0,1.0,0,0,0,0,0,0,1,0,1,0,0,1,1,1,0,0,0,0,0,0,0,0,0,0,0,0,1,0,0,0,0,0,0,0,0,0,1,0,0,0,0,0
810720.0,144.0,3.0,0.0,65535.0,274432.0,94208.0,536576.0,540672.0,4194304.0,4096.0,512.0,909312.0,4096.0,0.0,4096.0,4194304.0,221360.0,4096.0,221696.0,1024.0,64746.0,229376.0,65024.0,222720.0,46.0,1.0,1.0,0.0,0.0,0.0,16.0,19.0,0,0,1,0,0,0,0,0,0,0,0,0,0,1,0,0,0,0,0,0,0,0,0,0,0,0,1,0,0,0,0,0,0,0,0,0,1,0,0,0,0,0
12557.0,144.0,1.0,0.0,65535.0,1798144.0,126464.0,0.0,4096.0,4194304.0,4096.0,512.0,81920.0,1024.0,0.0,4096.0,1048576.0,110281.0,8192.0,13824.0,512.0,8409.0,299008.0,512.0,935424.0,809.0,3.0,1.0,0.0,0.0,11.0,0.0,219.0,0,0,0,1,0,0,1,0,0,0,0,1,1,1,0,0,0,0,0,0,0,0,0,0,0,0,1,0,0,0,0,0,0,0,0,0,1,0,0,0,0,0
11674.0,144.0,3.0,0.0,65535.0,70656.0,73216.0,0.0,4096.0,4194304.0,4096.0,512.0,159744.0,1024.0,0.0,4096.0,1048576.0,55650.0,20480.0,55808.0,15872.0,13221.0,77824.0,13312.0,71680.0,7.0,0.0,0.0,0.0,0.0,2.0,0.0,0.0,0,0,0,0,0,0,1,0,0,0,0,0,1,1,0,0,0,0,0,0,0,0,0,0,0,0,1,0,0,0,0,0,0,0,0,0,1,0,0,0,0,0
296382.0,144.0,3.0,0.0,65535.0,1391104.0,172544.0,0.0,8192.0,4194304.0,8192.0,512.0,1581056.0,512.0,1609773.0,4096.0,1048576.0,1390912.0,8192.0,1391104.0,512.0,5584.0,77824.0,8192.0,77824.0,43.0,0.0,0.0,0.0,0.0,3.0,0.0,0.0,0,0,1,0,0,0,1,0,1,0,0,1,1,1,0,0,0,0,0,0,0,0,0,0,0,0,1,0,0,0,0,0,0,0,0,0,1,0,0,0,0,0
5104704.0,144.0,3.0,0.0,65535.0,1302528.0,69632.0,3805184.0,3809280.0,4194304.0,4096.0,512.0,5181440.0,4096.0,0.0,4096.0,1048576.0,157696.0,4096.0,157696.0,1024.0,8126.0,49152.0,8192.0,49152.0,0.0,0.0,0.0,0.0,0.0,0.0,13.0,16.0,1,0,1,1,0,0,0,0,0,0,0,0,1,1,0,0,0,0,0,0,0,0,0,0,0,0,1,0,0,0,0,0,0,0,0,0,1,0,0,0,0,0
12690.0,144.0,3.0,0.0,65535.0,4608.0,19456.0,0.0,8192.0,4194304.0,8192.0,512.0,49152.0,512.0,0.0,4096.0,1048576.0,4504.0,8192.0,4608.0,512.0,24.0,122880.0,512.0,85504.0,744.0,24.0,0.0,3.0,0.0,6.0,1.0,1.0,0,0,1,0,0,0,1,0,1,0,0,1,1,1,0,0,0,0,0,0,0,0,0,0,0,0,1,0,0,0,0,0,0,0,0,0,1,0,0,0,0,0
67760.0,144.0,1.0,0.0,65535.0,352768.0,87040.0,0.0,4096.0,4194304.0,4096.0,512.0,286720.0,512.0,0.0,4096.0,1048576.0,6533.0,4096.0,1571328.0,1024.0,12834.0,73728.0,2560000.0,40960.0,900.0,0.0,0.0,0.0,0.0,0.0,16.0,21.0,0,0,0,0,0,0,0,0,0,0,0,0,0,1,0,0,0,0,0,0,0,0,0,0,0,0,1,0,0,0,0,0,0,0,0,0,1,0,0,0,0,0
405692.0,144.0,3.0,0.0,65535.0,304640.0,164352.0,0.0,4096.0,65536.0,4096.0,512.0,483328.0,1024.0,482237.0,4096.0,1048576.0,55650.0,20480.0,55808.0,15872.0,40232.0,4096.0,40448.0,1024.0,0.0,0.0,0.0,0.0,0.0,0.0,0.0,0.0,1,1,0,1,0,0,1,0,0,0,0,0,1,1,0,0,0,0,0,0,0,0,0,0,0,0,1,0,0,0,0,0,0,0,0,0,1,0,0,1,0,0
23710.0,144.0,3.0,0.0,65535.0,15872.0,1536.0,0.0,8192.0,4194304.0,8192.0,512.0,40960.0,512.0,0.0,4096.0,1048576.0,833967.0,4096.0,0.0,0.0,807178.0,839680.0,0.0,0.0,142.0,0.0,0.0,0.0,0.0,0.0,1.0,1.0,0,0,1,0,0,0,1,0,0,0,0,1,1,1,0,0,0,0,1,0,0,0,0,0,0,0,1,0,0,0,0,0,0,0,0,0,1,0,0,0,0,0
33280.0,144.0,3.0,0.0,65535.0,31744.0,1036288.0,0.0,4096.0,5368709120.0,4096.0,512.0,1089536.0,1024.0,1124821.0,8192.0,1048576.0,31616.0,4096.0,31744.0,1024.0,8904.0,36864.0,9216.0,32768.0,0.0,0.0,0.0,0.0,0.0,0.0,8.0,156.0,1,0,1,1,0,0,1,0,1,0,0,0,1,1,0,0,0,0,0,0,0,0,0,0,0,0,1,0,0,0,0,0,0,0,0,0,1,0,0,0,0,0
144576.0,144.0,3.0,0.0,65535.0,277504.0,150016.0,0.0,4096.0,4194304.0,4096.0,512.0,446464.0,1024.0,377153.0,4096.0,1048576.0,277044.0,4096.0,277504.0,1024.0,70908.0,151552.0,71168.0,145920.0,2.0,0.0,0.0,0.0,0.0,0.0,2.0,182.0,0,0,1,0,0,0,0,0,0,0,0,0,1,1,0,0,0,0,0,0,0,0,0,0,0,0,1,0,0,0,0,0,0,0,0,0,1,0,0,0,0,0
5648.0,144.0,3.0,0.0,65535.0,118784.0,36864.0,0.0,4096.0,4194304.0,4096.0,4096.0,159744.0,4096.0,209919.0,4096.0,1048576.0,116472.0,4096.0,118784.0,4096.0,4800.0,20480.0,5120.0,17408.0,29.0,0.0,0.0,0.0,0.0,0.0,1.0,93.0,0,0,1,0,0,0,1,0,0,0,0,0,1,1,0,0,0,0,0,0,0,0,0,0,0,0,1,0,0,0,0,0,0,0,0,0,1,0,0,0,0,0
128304.0,144.0,3.0,0.0,65535.0,203776.0,261632.0,0.0,4096.0,4194304.0,4096.0,512.0,479232.0,1024.0,0.0,4096.0,1048576.0,203740.0,4096.0,203776.0,1024.0,44736.0,208896.0,45056.0,204800.0,25.0,0.0,0.0,0.0,0.0,3.0,4.0,207.0,0,0,1,0,0,0,1,0,0,0,0,0,1,1,0,0,0,0,0,0,0,0,0,0,0,0,1,0,0,0,0,0,0,0,0,0,1,0,0,0,0,0
47774.0,144.0,3.0,0.0,65535.0,3072.0,29696.0,0.0,4096.0,4194304.0,4096.0,512.0,49152.0,1024.0,37545.0,4096.0,1048576.0,2810.0,4096.0,3072.0,1024.0,1974.0,8192.0,2048.0,4096.0,21.0,0.0,0.0,0.0,0.0,3.0,0.0,0.0,0,0,1,0,0,0,1,0,0,0,0,0,1,1,0,0,0,0,0,0,0,0,0,0,0,0,1,0,0,0,0,0,0,0,0,0,1,0,0,0,0,0
148197.0,144.0,3.0,0.0,65535.0,3993088.0,796160.0,0.0,4096.0,4194304.0,4096.0,512.0,786432.0,512.0,0.0,4096.0,1048576.0,642430.0,8192.0,185344.0,1024.0,7572.0,36864.0,207872.0,270336.0,0.0,0.0,0.0,0.0,0.0,2.0,1.0,102.0,0,0,0,0,0,0,1,0,0,0,0,1,1,1,0,0,0,0,0,0,0,0,0,0,0,0,1,1,0,0,0,0,0,0,0,0,1,0,0,0,0,0
3997296.0,144.0,3.0,0.0,65535.0,1331200.0,45056.0,2666496.0,2670592.0,4194304.0,4096.0,512.0,4046848.0,4096.0,1440647.0,4096.0,1048576.0,113984.0,4096.0,114176.0,1024.0,60274.0,118784.0,60416.0,115200.0,0.0,0.0,0.0,0.0,0.0,0.0,14.0,17.0,0,0,1,0,0,0,1,0,0,0,0,0,1,0,0,0,0,0,0,0,0,0,0,0,0,0,1,0,0,0,0,0,0,0,0,0,1,0,0,0,0,0
645422.0,144.0,3.0,0.0,10120.0,1560576.0,11424256.0,0.0,4096.0,5368709120.0,8192.0,512.0,1470744.0,1024.0,0.0,4096.0,1048576.0,53510.0,4096.0,1692160.0,512.0,33000.0,36864.0,1059840.0,636928.0,879.0,0.0,0.0,0.0,0.0,9.0,5.0,233.0,1,0,1,1,0,0,0,0,0,0,0,0,1,1,0,0,0,0,1,0,0,0,0,0,0,0,1,0,0,0,0,0,0,0,0,0,1,0,0,0,0,0
13117.0,144.0,3.0,0.0,65535.0,25600.0,141824.0,2048.0,4096.0,4194304.0,4096.0,512.0,335872.0,1024.0,0.0,4096.0,1048576.0,25197.0,4096.0,25600.0,1024.0,5006.0,32768.0,5120.0,26624.0,678.0,0.0,0.0,0.0,0.0,0.0,7.0,165.0,0,0,1,0,0,0,1,0,0,0,0,1,1,1,0,0,0,0,0,0,0,0,0,0,0,0,1,0,0,0,0,0,0,0,0,0,1,0,0,0,0,0
58360.0,144.0,2.0,0.0,65535.0,24576.0,211456.0,0.0,8192.0,4194304.0,4096.0,512.0,1327104.0,512.0,0.0,4096.0,1048576.0,183956.0,4096.0,254976.0,1024.0,15306.0,36864.0,12288.0,49152.0,21290.0,3.0,0.0,0.0,0.0,0.0,1.0,0.0,0,0,1,0,0,0,1,0,1,0,0,1,1,1,0,0,0,0,0,0,0,0,0,0,0,0,1,0,0,0,0,0,0,0,0,0,1,0,0,0,0,0
133008.0,144.0,3.0,0.0,65535.0,10240.0,14848.0,0.0,4096.0,4194304.0,4096.0,512.0,40960.0,1024.0,63804.0,4096.0,1048576.0,9802.0,4096.0,10240.0,1024.0,8848.0,16384.0,9216.0,11264.0,49.0,0.0,0.0,0.0,0.0,3.0,0.0,0.0,0,0,0,0,0,0,1,0,0,0,0,0,1,1,0,0,0,0,0,0,0,0,0,0,0,0,1,0,0,0,0,0,0,0,0,0,1,0,0,0,0,0
757808.0,144.0,3.0,0.0,49222.0,70656.0,6308352.0,0.0,4096.0,4194304.0,4096.0,512.0,630784.0,1024.0,0.0,4096.0,1048576.0,195088.0,4096.0,25600.0,1024.0,130966.0,9502720.0,207872.0,6656.0,0.0,0.0,0.0,0.0,0.0,0.0,8.0,21.0,0,0,1,0,0,0,1,0,0,0,0,1,1,1,0,0,0,0,0,0,0,0,0,0,0,0,1,0,0,0,0,0,0,0,0,0,1,0,0,0,0,0
536576.0,144.0,3.0,0.0,65535.0,112640.0,2048.0,0.0,8192.0,4194304.0,8192.0,512.0,139264.0,512.0,688656.0,4096.0,1048576.0,112212.0,8192.0,112640.0,512.0,18288.0,102400.0,18432.0,96768.0,30.0,0.0,0.0,0.0,0.0,3.0,0.0,0.0,0,0,1,0,0,0,1,0,0,0,0,1,1,1,0,0,0,0,0,0,0,0,0,0,0,0,1,0,0,0,0,0,0,0,0,0,1,0,0,0,0,0
10792.0,144.0,3.0,0.0,65535.0,154112.0,492544.0,0.0,4096.0,5368709120.0,4096.0,512.0,1335296.0,512.0,0.0,4096.0,1048576.0,428648.0,4096.0,25600.0,1024.0,69004.0,1376256.0,59904.0,521216.0,884.0,3.0,2.0,0.0,0.0,5.0,0.0,211.0,1,0,0,1,0,0,1,0,0,0,0,1,1,1,0,0,0,0,0,0,0,0,0,0,0,0,1,0,0,0,0,0,0,0,0,0,1,0,0,0,0,0
745196.0,144.0,3.0,0.0,65535.0,2609152.0,507904.0,3252224.0,4096.0,4194304.0,4096.0,512.0,6373376.0,3584.0,3096642.0,4096.0,1048576.0,2609152.0,4096.0,2608640.0,3072.0,12288.0,2613248.0,8704.0,2611712.0,745.0,0.0,7.0,0.0,0.0,3.0,0.0,0.0,0,0,1,0,0,0,1,0,0,0,0,0,1,1,0,0,0,0,0,0,0,0,0,0,0,0,1,0,0,0,0,0,0,0,0,0,1,0,0,0,0,0
428577.0,144.0,3.0,0.0,65535.0,10752.0,1953792.0,0.0,4096.0,4194304.0,4096.0,512.0,86016.0,1024.0,0.0,4096.0,1048576.0,4955.0,4096.0,0.0,512.0,56404.0,36864.0,512.0,37888.0,774.0,1.0,2.0,2.0,0.0,12.0,2.0,21.0,0,0,0,0,0,0,1,0,0,0,0,1,1,1,0,0,0,0,0,0,0,0,0,0,0,0,1,0,0,0,0,0,0,0,0,0,1,0,0,0,0,0
10207.0,144.0,3.0,0.0,65535.0,64512.0,220160.0,0.0,4096.0,4194304.0,4096.0,512.0,290816.0,1024.0,281423.0,4096.0,1048576.0,64496.0,4096.0,64512.0,1024.0,101598.0,69632.0,101888.0,65536.0,2.0,0.0,0.0,0.0,0.0,0.0,3.0,100.0,0,0,1,0,0,0,0,0,0,0,0,0,0,1,0,0,0,0,0,0,0,0,0,0,0,0,1,0,0,0,0,0,0,0,0,0,1,0,0,0,0,0
148197.0,144.0,2.0,0.0,65535.0,25088.0,12288.0,0.0,4096.0,4194304.0,4096.0,512.0,1986560.0,512.0,0.0,4096.0,1048576.0,356180.0,28672.0,829440.0,1024.0,608.0,1048576.0,207872.0,935424.0,237.0,1.0,0.0,0.0,0.0,0.0,0.0,17.0,0,0,1,1,0,0,1,0,0,0,0,0,1,0,0,0,0,0,0,0,0,0,0,0,0,0,1,0,0,0,0,0,0,0,0,0,1,0,0,0,0,0
0.0,144.0,3.0,0.0,65535.0,509440.0,1536.0,0.0,8192.0,5368709120.0,8192.0,512.0,532480.0,512.0,0.0,16384.0,1048576.0,508944.0,8192.0,509440.0,512.0,13221.0,77824.0,13312.0,71680.0,0.0,0.0,0.0,0.0,0.0,0.0,0.0,0.0,1,0,1,1,0,0,1,0,0,0,0,1,1,1,0,0,0,0,0,0,0,0,0,0,0,0,1,0,0,0,0,0,0,0,0,0,1,0,0,0,0,0
8182768.0,80.0,2.0,15.0,65535.0,531968.0,128000.0,0.0,4096.0,4194304.0,4096.0,512.0,696320.0,1024.0,0.0,16384.0,1048576.0,151046.0,4096.0,151552.0,1536.0,4096.0,565248.0,512.0,229888.0,974.0,13.0,0.0,0.0,0.0,4.0,0.0,0.0,0,0,1,0,0,0,1,0,0,0,0,0,1,1,0,0,0,0,0,0,0,0,0,0,0,0,1,0,0,0,0,0,0,0,0,0,1,0,0,0,1,0
52830.0,144.0,3.0,0.0,65535.0,45056.0,3072.0,0.0,8192.0,4194304.0,8192.0,512.0,73728.0,512.0,83656.0,4096.0,1048576.0,44644.0,8192.0,45056.0,512.0,2039150.0,8192.0,2039296.0,5120.0,20.0,0.0,0.0,0.0,0.0,0.0,1.0,1.0,0,0,0,0,0,0,1,0,1,0,0,1,1,1,0,0,0,0,0,0,0,0,0,0,0,0,1,0,0,0,0,0,0,0,0,0,1,0,0,0,0,0
12722.0,144.0,3.0,0.0,65535.0,4608.0,2048.0,0.0,8192.0,4194304.0,8192.0,512.0,32768.0,512.0,0.0,4096.0,1048576.0,4536.0,8192.0,4608.0,512.0,35196.0,114688.0,35328.0,108032.0,0.0,0.0,0.0,0.0,0.0,0.0,1.0,1.0,0,0,1,0,0,0,1,0,0,0,0,1,1,1,0,0,0,0,0,0,0,0,0,0,0,0,1,0,0,0,0,0,0,0,0,0,1,0,0,0,0,0
376252.0,144.0,3.0,0.0,65535.0,9216.0,2048.0,0.0,4096.0,4194304.0,4096.0,512.0,1781760.0,1024.0,0.0,4096.0,1048576.0,29112.0,69632.0,62464.0,1024.0,188686.0,53248.0,512.0,521216.0,902.0,3.0,0.0,0.0,0.0,11.0,4.0,10.0,0,0,1,0,0,0,1,0,1,0,0,1,1,1,0,0,0,0,0,0,0,0,0,0,0,0,1,0,0,0,0,0,0,0,0,0,1,0,0,0,0,0
4096.0,80.0,2.0,15.0,65535.0,78336.0,91136.0,0.0,4096.0,4194304.0,4096.0,512.0,319488.0,1024.0,95322.0,16384.0,1048576.0,43366.0,4096.0,45056.0,4096.0,4070.0,49152.0,4096.0,49152.0,244.0,0.0,0.0,0.0,0.0,0.0,12.0,15.0,0,0,1,0,0,0,1,0,0,0,0,0,1,1,0,0,0,0,0,0,0,0,0,0,0,0,1,0,0,0,0,0,0,0,0,0,1,0,0,0,0,0
412208.0,120.0,1.0,0.0,0.0,562688.0,11028992.0,0.0,4096.0,4194304.0,4096.0,512.0,11677696.0,1024.0,11607778.0,4096.0,1048576.0,562464.0,4096.0,562688.0,1024.0,107724.0,569344.0,108032.0,563712.0,17.0,0.0,0.0,0.0,0.0,4.0,5.0,162.0,0,0,1,0,0,0,1,0,0,0,0,0,1,1,0,0,0,0,0,0,0,0,0,0,0,0,1,0,0,0,0,0,0,0,0,0,1,0,0,0,0,0
0.0,144.0,3.0,0.0,65535.0,5732864.0,1536.0,0.0,8192.0,4194304.0,8192.0,512.0,5750784.0,512.0,0.0,16384.0,1048576.0,5732832.0,8192.0,5732864.0,512.0,2456.0,40960.0,4096.0,40960.0,30.0,0.0,0.0,0.0,0.0,0.0,0.0,0.0,1,0,1,1,0,0,1,0,0,0,0,1,1,1,0,0,0,0,0,0,0,0,0,0,0,0,1,0,0,0,0,0,0,0,0,0,1,0,0,0,0,0
29539.0,144.0,3.0,0.0,65535.0,29696.0,18432.0,0.0,4096.0,4194304.0,4096.0,512.0,65536.0,1024.0,0.0,4096.0,1048576.0,29342.0,4096.0,29696.0,1024.0,12386.0,36864.0,12800.0,30720.0,114.0,0.0,0.0,0.0,0.0,0.0,9.0,127.0,0,0,0,0,0,0,1,0,0,0,0,0,1,1,0,0,0,0,0,0,0,0,0,0,0,0,1,0,0,0,0,0,0,0,0,0,1,0,0,0,0,0
9706.0,144.0,3.0,0.0,65535.0,8704.0,26624.0,0.0,4096.0,4194304.0,4096.0,512.0,53248.0,1024.0,88619.0,4096.0,1048576.0,8521.0,4096.0,8704.0,1024.0,6334.0,16384.0,6656.0,9728.0,13.0,0.0,0.0,0.0,0.0,4.0,9.0,62.0,0,0,0,0,0,0,1,0,0,0,0,0,1,1,0,0,0,0,0,0,0,0,0,0,0,0,1,0,0,0,0,0,0,0,0,0,1,0,0,0,0,0
157108.0,80.0,2.0,15.0,65535.0,153600.0,22528.0,0.0,4096.0,4194304.0,4096.0,512.0,204800.0,1024.0,0.0,16384.0,1048576.0,26724.0,8192.0,27136.0,512.0,24.0,180224.0,512.0,160768.0,131.0,0.0,0.0,0.0,0.0,0.0,6.0,66.0,0,0,1,0,0,0,1,0,0,0,0,1,1,1,0,0,0,0,0,0,0,0,0,0,0,0,1,0,0,0,0,0,0,0,0,0,1,0,0,0,0,0
34859.0,80.0,2.0,0.0,65535.0,604672.0,878080.0,0.0,4096.0,4194304.0,4096.0,512.0,1781760.0,512.0,0.0,4096.0,1048576.0,4672.0,4096.0,94720.0,1024.0,73690.0,172032.0,512.0,1029120.0,559.0,0.0,0.0,0.0,0.0,0.0,1.0,21.0,0,1,0,0,0,0,1,0,0,0,0,1,1,1,0,0,0,0,0,0,0,0,0,0,0,0,1,0,0,0,0,0,0,0,0,0,1,0,0,0,0,0
148197.0,80.0,3.0,0.0,65535.0,9216.0,0.0,0.0,4096.0,4194304.0,4096.0,512.0,696320.0,512.0,0.0,4096.0,1048576.0,844284.0,8192.0,923136.0,4096.0,1639346.0,163840.0,207872.0,1029120.0,0.0,2.0,2.0,0.0,0.0,0.0,0.0,0.0,0,0,0,0,0,0,1,0,0,0,0,0,1,1,0,0,0,0,0,0,0,0,0,0,0,0,1,0,0,0,0,0,0,0,0,0,1,0,0,0,0,0
919706.0,144.0,1.0,0.0,65535.0,2346496.0,449024.0,0.0,1167360.0,4194304.0,8192.0,512.0,1392640.0,512.0,0.0,8192.0,1048576.0,204400.0,32768.0,135168.0,1024.0,24754.0,135168.0,49664.0,2358272.0,156.0,0.0,2.0,0.0,0.0,7.0,12.0,5.0,1,0,1,0,0,0,1,0,0,0,0,1,1,1,0,0,0,0,0,0,0,0,0,0,0,0,1,0,0,0,0,0,0,0,0,0,1,0,0,0,0,0
32996.0,80.0,2.0,15.0,65535.0,29696.0,10752.0,0.0,4096.0,4194304.0,4096.0,512.0,110592.0,1024.0,0.0,16384.0,1048576.0,580910.0,4096.0,581120.0,1024.0,24.0,94208.0,512.0,34304.0,3224.0,0.0,0.0,0.0,0.0,0.0,6.0,42.0,0,0,1,0,0,0,1,0,0,0,0,0,0,1,0,0,0,0,0,0,0,0,0,0,0,0,1,0,0,0,0,0,0,0,0,0,1,0,0,0,0,0
32996.0,80.0,2.0,15.0,65535.0,29696.0,10752.0,0.0,4096.0,4194304.0,4096.0,512.0,110592.0,1024.0,0.0,16384.0,1048576.0,55650.0,20480.0,55808.0,15872.0,24.0,94208.0,512.0,34304.0,123.0,0.0,0.0,0.0,0.0,0.0,6.0,42.0,0,0,1,0,0,0,1,0,0,0,0,0,1,1,0,0,0,0,0,0,0,0,0,0,0,0,1,0,0,0,0,0,0,0,0,0,1,0,0,0,0,0
228670.0,144.0,3.0,0.0,65535.0,383488.0,167936.0,0.0,4096.0,4194304.0,4096.0,512.0,569344.0,1024.0,559399.0,8192.0,1048576.0,383416.0,4096.0,383488.0,1024.0,8498.0,32768.0,12288.0,32768.0,238.0,0.0,0.0,0.0,0.0,0.0,10.0,216.0,0,0,1,0,0,0,1,0,0,0,0,0,1,1,0,0,0,0,0,0,0,0,0,0,0,0,1,0,0,0,0,0,0,0,0,0,1,0,0,0,0,0
4776.0,144.0,3.0,0.0,65535.0,2560.0,23040.0,0.0,4096.0,486539264.0,4096.0,512.0,40960.0,1024.0,28719.0,4096.0,1048576.0,2052.0,4096.0,2560.0,1024.0,1502.0,8192.0,1536.0,3584.0,0.0,0.0,0.0,0.0,0.0,0.0,3.0,40.0,0,0,0,0,0,0,0,0,0,0,0,0,0,1,0,0,0,0,0,0,0,0,0,0,0,0,1,0,0,0,0,0,0,0,0,0,1,0,0,0,0,0
47330.0,144.0,3.0,0.0,65535.0,143872.0,87040.0,0.0,4096.0,4194304.0,4096.0,512.0,245760.0,1024.0,244159.0,4096.0,1048576.0,143743.0,4096.0,143872.0,1024.0,62548.0,151552.0,62976.0,144896.0,1862.0,0.0,0.0,0.0,0.0,0.0,8.0,134.0,0,0,1,0,0,0,1,0,0,0,0,0,1,1,0,0,0,0,0,0,0,0,0,0,0,0,1,0,0,0,0,0,0,0,0,0,1,0,0,0,0,0
13534.0,144.0,3.0,0.0,65535.0,5632.0,2048.0,0.0,8192.0,4194304.0,8192.0,512.0,32768.0,512.0,0.0,4096.0,1048576.0,5348.0,8192.0,5632.0,512.0,18436.0,49152.0,18944.0,43520.0,28.0,0.0,0.0,1.0,0.0,2.0,1.0,1.0,0,0,1,0,0,0,1,0,0,0,0,1,1,1,0,0,0,0,0,0,0,0,0,0,0,0,1,0,0,0,0,0,0,0,0,0,1,0,0,0,0,0
123385.0,144.0,3.0,0.0,65535.0,198144.0,254464.0,0.0,4096.0,4194304.0,4096.0,512.0,471040.0,1024.0,0.0,4096.0,1048576.0,198017.0,4096.0,198144.0,1024.0,41778.0,204800.0,41984.0,199168.0,24.0,0.0,0.0,0.0,0.0,4.0,3.0,201.0,0,0,1,0,0,0,1,0,0,0,0,0,1,1,0,0,0,0,0,0,0,0,0,0,0,0,1,0,0,0,0,0,0,0,0,0,1,0,0,0,0,0
1296672.0,144.0,3.0,0.0,65535.0,1579520.0,456704.0,0.0,4096.0,5368709120.0,4096.0,512.0,2052096.0,1024.0,0.0,4096.0,1048576.0,1579168.0,4096.0,1579520.0,1024.0,336538.0,1585152.0,336896.0,1580544.0,0.0,0.0,0.0,0.0,0.0,0.0,10.0,253.0,1,0,1,1,0,0,1,0,1,0,0,0,1,1,0,0,0,0,0,0,0,0,0,0,0,0,1,0,0,0,0,0,0,0,0,0,1,0,0,0,0,0
5280.0,144.0,3.0,0.0,65535.0,844288.0,1057792.0,7168.0,4096.0,4194304.0,4096.0,512.0,1085440.0,1024.0,1124789.0,4096.0,1048576.0,844116.0,4096.0,844288.0,1024.0,175488.0,864256.0,175616.0,857088.0,1.0,0.0,0.0,0.0,0.0,0.0,11.0,391.0,0,0,0,0,0,0,1,0,0,0,0,0,1,0,0,0,0,0,1,0,0,0,0,0,0,0,1,0,0,0,0,0,0,0,0,0,1,0,0,0,0,0
10862470.0,144.0,3.0,0.0,65535.0,363520.0,189440.0,0.0,4096.0,5368709120.0,4096.0,512.0,13099008.0,1024.0,0.0,4096.0,1048576.0,363408.0,4096.0,0.0,0.0,137962.0,368640.0,0.0,0.0,0.0,0.0,0.0,0.0,0.0,0.0,5.0,5.0,1,0,0,1,0,0,1,0,1,0,0,0,1,1,0,0,0,0,0,0,0,0,0,0,0,0,1,0,0,0,0,0,0,0,0,0,1,0,0,0,0,0
41193936.0,144.0,3.0,0.0,65535.0,5226496.0,4096.0,35971072.0,35975168.0,5368709120.0,4096.0,512.0,41205760.0,4096.0,5242420.0,4096.0,1048576.0,2777136.0,4096.0,2777600.0,1536.0,1281816.0,2785280.0,1282048.0,2779136.0,0.0,0.0,0.0,0.0,0.0,0.0,0.0,0.0,1,0,0,1,0,0,1,0,1,0,0,0,1,1,0,0,0,0,0,0,0,0,0,0,0,0,1,0,0,0,0,0,0,0,0,0,1,0,0,0,0,0
13516.0,144.0,3.0,0.0,65535.0,96768.0,317952.0,0.0,8192.0,4194304.0,8192.0,512.0,434176.0,512.0,0.0,4096.0,1048576.0,96317.0,8192.0,96768.0,512.0,4726.0,32768.0,5120.0,26624.0,1176.0,0.0,0.0,0.0,0.0,0.0,1.0,1.0,0,0,1,0,0,0,1,0,0,0,0,1,1,1,0,0,0,0,0,0,0,0,0,0,0,0,1,0,0,0,0,0,0,0,0,0,1,0,0,0,0,0
163658.0,144.0,3.0,0.0,65535.0,581120.0,280064.0,0.0,4096.0,4194304.0,4096.0,512.0,888832.0,1024.0,868664.0,4096.0,4194304.0,580910.0,4096.0,581120.0,1024.0,188686.0,585728.0,188928.0,582144.0,1447.0,17.0,0.0,10.0,0.0,14.0,18.0,527.0,0,0,1,0,0,0,1,0,0,0,0,0,0,1,0,0,0,0,0,0,0,0,0,0,0,0,1,0,0,0,0,0,0,0,0,0,1,0,0,0,0,0
251326.0,144.0,3.0,0.0,65535.0,243200.0,272384.0,0.0,8192.0,4194304.0,8192.0,512.0,540672.0,512.0,0.0,4096.0,1048576.0,243140.0,8192.0,243200.0,512.0,2178.0,1597440.0,2560.0,1593344.0,27.0,0.0,0.0,0.0,0.0,0.0,1.0,1.0,0,0,1,0,0,0,1,0,0,0,0,1,1,1,0,0,0,0,0,0,0,0,0,0,0,0,1,0,0,0,0,0,0,0,0,0,1,0,0,0,0,0
5296.0,144.0,3.0,0.0,65535.0,3072.0,5120.0,0.0,4096.0,4194304.0,4096.0,512.0,20480.0,1024.0,0.0,4096.0,1048576.0,2608.0,4096.0,3072.0,1024.0,1188.0,8192.0,1536.0,4096.0,2.0,0.0,0.0,0.0,0.0,0.0,4.0,43.0,0,0,1,0,0,0,1,0,0,0,0,0,1,0,0,0,0,0,0,0,0,0,0,0,0,0,1,0,0,0,0,0,0,0,0,0,1,0,0,0,0,0
29418.0,144.0,3.0,0.0,65535.0,21504.0,2048.0,0.0,8192.0,4194304.0,8192.0,512.0,49152.0,512.0,0.0,4096.0,1048576.0,21232.0,8192.0,21504.0,512.0,44736.0,208896.0,45056.0,204800.0,36.0,0.0,0.0,0.0,0.0,0.0,1.0,1.0,0,0,0,0,0,0,1,0,1,0,0,1,1,1,0,0,0,0,0,0,0,0,0,0,0,0,1,0,0,0,0,0,0,0,0,0,1,0,0,0,0,0
672862.0,144.0,3.0,0.0,65535.0,665088.0,172544.0,0.0,8192.0,4194304.0,8192.0,512.0,1032192.0,1024.0,0.0,4096.0,1048576.0,664676.0,8192.0,665088.0,1024.0,18128.0,90112.0,0.0,0.0,126.0,0.0,0.0,0.0,0.0,0.0,1.0,1.0,0,0,1,0,0,0,1,0,0,0,0,1,1,1,0,0,0,0,0,0,0,0,0,0,0,0,1,0,0,0,0,0,0,0,0,0,1,0,0,0,0,0
4573398.0,144.0,3.0,0.0,65535.0,606208.0,49152.0,0.0,4096.0,4194304.0,4096.0,4096.0,10272768.0,4096.0,6284446.0,4096.0,1048576.0,602772.0,4096.0,0.0,0.0,195982.0,589824.0,196096.0,584704.0,38.0,0.0,0.0,0.0,0.0,0.0,3.0,266.0,0,0,1,0,0,0,1,0,0,0,0,0,0,1,0,0,0,0,0,0,0,0,0,0,0,0,1,0,0,0,0,0,0,0,0,0,1,0,0,0,0,0
113070.0,144.0,3.0,0.0,65535.0,104960.0,2560.0,0.0,8192.0,4194304.0,8192.0,512.0,131072.0,512.0,0.0,4096.0,1048576.0,104884.0,8192.0,104960.0,512.0,19448.0,122880.0,20480.0,122880.0,253.0,0.0,0.0,0.0,0.0,0.0,1.0,1.0,0,0,1,0,0,0,1,0,0,0,0,1,1,1,0,0,0,0,0,0,0,0,0,0,0,0,1,0,0,0,0,0,0,0,0,0,1,0,0,0,0,0
3627278.0,144.0,3.0,0.0,65535.0,45568.0,2048.0,0.0,8192.0,4194304.0,8192.0,512.0,73728.0,512.0,50012.0,4096.0,1048576.0,45284.0,8192.0,45568.0,512.0,75546.0,172032.0,75776.0,167424.0,56.0,0.0,0.0,0.0,0.0,0.0,1.0,1.0,0,0,1,0,0,0,1,0,0,0,0,1,1,1,0,0,0,0,0,0,0,0,0,0,0,0,1,0,0,0,0,0,0,0,0,0,1,0,0,0,0,0
2651473.0,144.0,3.0,0.0,65535.0,2701312.0,40448.0,0.0,4096.0,4194304.0,4096.0,512.0,2760704.0,1024.0,0.0,4096.0,1048576.0,2701087.0,4096.0,2701312.0,1024.0,24814.0,2707456.0,25088.0,2702336.0,18.0,0.0,0.0,0.0,0.0,4.0,1.0,68.0,0,0,1,0,0,0,1,0,0,0,0,0,1,1,0,0,0,0,0,0,0,0,0,0,0,0,1,0,0,0,0,0,0,0,0,0,1,0,0,0,0,0
6400.0,144.0,3.0,0.0,65535.0,276912.0,11588.0,13728.0,4096.0,4194304.0,4096.0,512.0,372736.0,1024.0,0.0,4096.0,1048576.0,276912.0,4096.0,276992.0,1024.0,52320.0,294912.0,52736.0,289792.0,116.0,0.0,0.0,0.0,0.0,4.0,6.0,133.0,0,0,0,0,0,0,1,0,0,0,0,0,1,1,0,0,0,0,0,0,0,0,0,0,0,0,1,0,0,0,0,0,0,0,0,0,1,0,0,0,0,0
667170.0,144.0,3.0,0.0,65535.0,659456.0,99328.0,0.0,8192.0,4194304.0,8192.0,512.0,786432.0,512.0,0.0,4096.0,1048576.0,658984.0,8192.0,659456.0,512.0,6245.0,73728.0,6656.0,68608.0,44.0,0.0,0.0,0.0,0.0,3.0,1.0,1.0,0,0,1,0,0,0,1,0,0,0,0,1,1,1,0,0,0,0,0,0,0,0,0,0,0,0,1,0,0,0,0,0,0,0,0,0,1,0,0,0,0,0
794098.0,144.0,3.0,0.0,65535.0,785920.0,241152.0,0.0,8192.0,4194304.0,8192.0,512.0,1048576.0,512.0,0.0,4096.0,1048576.0,785912.0,8192.0,785920.0,512.0,8998.0,32768.0,9216.0,28160.0,39.0,0.0,0.0,0.0,0.0,4.0,1.0,1.0,0,0,1,0,0,0,1,0,0,0,0,1,1,1,0,0,0,0,0,0,0,0,0,0,0,0,1,0,0,0,0,0,0,0,0,0,1,0,0,0,0,0
1577412.0,80.0,2.0,15.0,65535.0,1572352.0,1298432.0,0.0,4096.0,4194304.0,4096.0,512.0,2998272.0,1024.0,0.0,16384.0,1048576.0,1567208.0,4096.0,1567232.0,1024.0,24.0,1781760.0,512.0,1664000.0,0.0,0.0,0.0,0.0,0.0,0.0,13.0,253.0,0,0,1,0,0,0,1,0,1,0,0,0,1,1,0,0,0,0,0,0,0,0,0,0,0,0,1,0,0,0,0,0,0,0,0,0,1,0,0,0,0,0
5280.0,144.0,1.0,0.0,65535.0,1260544.0,3584.0,0.0,4096.0,4194304.0,4096.0,512.0,1171456.0,512.0,0.0,8192.0,1048576.0,1060278.0,4096.0,58880.0,512.0,453312.0,610304.0,9728.0,37888.0,0.0,0.0,2.0,0.0,7.0,0.0,0.0,340.0,0,1,0,0,0,0,1,0,0,0,0,0,1,1,0,0,0,0,0,0,0,0,0,0,0,0,1,0,0,0,0,0,0,0,0,0,1,0,0,0,0,0
288070.0,144.0,3.0,0.0,65535.0,280576.0,2048.0,0.0,8192.0,4194304.0,8192.0,512.0,311296.0,512.0,0.0,4096.0,1048576.0,280396.0,8192.0,280576.0,512.0,4764.0,28672.0,5120.0,25088.0,144.0,0.0,0.0,0.0,0.0,0.0,1.0,1.0,0,0,1,0,0,0,1,0,1,0,0,1,1,1,0,0,0,0,0,0,0,0,0,0,0,0,1,0,0,0,0,0,0,0,0,0,1,0,0,0,0,0
1336364.0,80.0,2.0,15.0,65535.0,1330688.0,4741120.0,0.0,4096.0,4194304.0,4096.0,512.0,6123520.0,1024.0,0.0,16384.0,1048576.0,1325000.0,4096.0,1325056.0,1024.0,24.0,1425408.0,512.0,1380352.0,0.0,0.0,0.0,0.0,0.0,0.0,0.0,0.0,0,0,1,0,0,0,1,0,1,0,0,0,1,1,0,0,0,0,0,0,0,0,0,0,0,0,1,0,0,0,0,0,0,0,0,0,1,0,0,0,0,0
4612.0,144.0,3.0,0.0,65535.0,49152.0,20480.0,0.0,4096.0,4194304.0,4096.0,4096.0,73728.0,4096.0,104891.0,4096.0,1048576.0,46736.0,4096.0,49152.0,4096.0,203518.0,53248.0,203776.0,48640.0,29.0,0.0,0.0,0.0,0.0,0.0,1.0,43.0,0,0,1,0,0,0,1,0,0,0,0,1,1,1,0,0,0,0,0,0,0,0,0,0,0,0,1,0,0,0,0,0,0,0,0,0,1,0,0,0,0,0
16470.0,144.0,3.0,0.0,65535.0,15360.0,11264.0,0.0,4096.0,4194304.0,4096.0,512.0,49152.0,1024.0,54794.0,4096.0,1048576.0,15305.0,4096.0,15360.0,1024.0,6976.0,20480.0,7168.0,16384.0,2.0,0.0,0.0,0.0,0.0,0.0,4.0,113.0,0,0,0,0,0,0,1,0,0,0,0,0,1,1,0,0,0,0,0,0,0,0,0,0,0,0,1,0,0,0,0,0,0,0,0,0,1,0,0,0,0,0
4096.0,144.0,3.0,0.0,65535.0,70656.0,34304.0,0.0,4096.0,4194304.0,4096.0,512.0,118784.0,1024.0,0.0,4096.0,1048576.0,55650.0,20480.0,55808.0,15872.0,13221.0,77824.0,13312.0,71680.0,22.0,0.0,0.0,0.0,0.0,0.0,9.0,134.0,0,0,0,0,0,0,1,0,0,0,0,1,1,1,0,0,0,0,0,0,0,0,0,0,0,0,1,0,0,0,0,0,0,0,0,0,1,0,0,0,0,0
13594.0,144.0,3.0,0.0,65535.0,10752.0,2048.0,0.0,4096.0,4194304.0,8192.0,512.0,385024.0,1024.0,0.0,4096.0,1048576.0,4504.0,8192.0,25088.0,4096.0,535744.0,1048576.0,12288.0,25600.0,0.0,0.0,2.0,0.0,0.0,12.0,1.0,14.0,0,0,0,0,0,0,1,0,0,0,0,1,1,1,0,0,0,0,1,0,0,0,0,0,0,0,1,1,0,0,0,0,0,0,0,0,1,0,0,0,0,0
29507.0,144.0,3.0,0.0,65535.0,66560.0,247808.0,0.0,4096.0,4194304.0,4096.0,512.0,335872.0,1024.0,356082.0,4096.0,1048576.0,66440.0,4096.0,66560.0,1024.0,15036.0,73728.0,15360.0,67584.0,13.0,0.0,0.0,0.0,0.0,0.0,7.0,136.0,0,0,1,0,0,0,0,0,0,0,0,0,0,1,0,0,0,0,0,0,0,0,0,0,0,0,1,1,0,0,0,0,0,0,0,0,1,0,0,0,0,0
687328.0,144.0,3.0,0.0,65535.0,978432.0,1009664.0,0.0,4096.0,5368709120.0,4096.0,512.0,2019328.0,1024.0,0.0,4096.0,1048576.0,978108.0,4096.0,978432.0,1024.0,220074.0,983040.0,220160.0,979456.0,0.0,0.0,0.0,0.0,0.0,0.0,4.0,163.0,1,0,1,1,0,0,1,0,1,0,0,0,1,1,0,0,0,0,0,0,0,0,0,0,0,0,1,0,0,0,0,0,0,0,0,0,1,0,0,0,0,0
524454.0,144.0,3.0,0.0,65535.0,516608.0,2048.0,0.0,8192.0,4194304.0,8192.0,512.0,548864.0,512.0,0.0,4096.0,1048576.0,516268.0,8192.0,516608.0,512.0,882.0,8192.0,4096.0,8192.0,24.0,0.0,0.0,0.0,0.0,0.0,1.0,1.0,0,0,1,0,0,0,1,0,0,0,0,1,1,1,0,0,0,0,0,0,0,0,0,0,0,0,1,0,0,0,0,0,0,0,0,0,1,0,0,0,0,0
19406.0,144.0,3.0,0.0,65535.0,11264.0,207872.0,0.0,8192.0,4194304.0,8192.0,512.0,245760.0,512.0,0.0,4096.0,1048576.0,11220.0,8192.0,11264.0,512.0,24.0,483328.0,512.0,467456.0,77.0,0.0,0.0,0.0,0.0,5.0,1.0,1.0,0,0,1,0,0,0,1,0,1,0,0,1,1,1,0,0,0,0,0,0,0,0,0,0,0,0,1,0,0,0,0,0,0,0,0,0,1,0,0,0,0,0
45840.0,144.0,3.0,0.0,65535.0,36383.0,438.0,0.0,8192.0,4194304.0,8192.0,512.0,57344.0,512.0,65126.0,4096.0,1048576.0,36383.0,8192.0,36864.0,512.0,76566.0,172032.0,76800.0,166912.0,142.0,0.0,0.0,0.0,0.0,0.0,0.0,0.0,1,0,1,1,0,0,1,0,1,0,0,1,1,1,0,0,0,0,0,0,0,0,0,0,0,0,1,0,0,0,0,0,0,0,0,0,1,0,0,0,0,0
45972.0,144.0,3.0,0.0,65535.0,94720.0,2048.0,0.0,8192.0,4194304.0,8192.0,512.0,868352.0,1024.0,0.0,4096.0,1048576.0,94432.0,8192.0,0.0,0.0,55456.0,131072.0,55808.0,124416.0,42.0,0.0,0.0,0.0,0.0,0.0,1.0,1.0,0,0,1,0,0,0,1,0,1,0,0,1,1,1,0,0,0,0,0,0,0,0,0,0,0,0,1,0,0,0,0,0,0,0,0,0,1,0,0,0,0,0
319498.0,144.0,3.0,0.0,65535.0,128512.0,172032.0,0.0,4096.0,4194304.0,4096.0,512.0,319488.0,1024.0,1303256.0,4096.0,1048576.0,128212.0,4096.0,128512.0,1024.0,45470.0,135168.0,45568.0,129536.0,33.0,0.0,0.0,0.0,0.0,5.0,0.0,0.0,0,0,0,0,0,0,1,0,0,0,0,0,1,1,0,0,0,0,0,0,0,0,0,0,0,0,1,0,0,0,0,0,0,0,0,0,1,0,0,0,0,0
22494.0,144.0,3.0,0.0,65535.0,14336.0,4096.0,0.0,8192.0,4194304.0,8192.0,512.0,49152.0,1024.0,0.0,4096.0,1048576.0,14308.0,8192.0,14336.0,1024.0,13328.0,45056.0,13824.0,39424.0,443.0,0.0,0.0,1.0,0.0,1.0,1.0,1.0,0,0,1,0,0,0,1,0,0,0,0,1,1,1,0,0,0,0,0,0,0,0,0,0,0,0,1,0,0,0,0,0,0,0,0,0,1,0,0,0,0,0
2543654.0,144.0,3.0,0.0,65535.0,5120.0,7156736.0,0.0,4096.0,4194304.0,4096.0,512.0,155648.0,4096.0,0.0,4096.0,1048576.0,657308.0,4096.0,70144.0,1024.0,535744.0,8192.0,512.0,6656.0,773.0,0.0,0.0,0.0,0.0,0.0,13.0,0.0,0,0,1,0,0,0,1,0,1,0,0,1,1,1,0,0,0,0,0,0,0,0,0,0,0,0,1,0,0,0,0,0,0,0,0,0,1,0,0,0,0,0
59614.0,144.0,3.0,0.0,65535.0,51712.0,2048.0,0.0,8192.0,4194304.0,8192.0,512.0,81920.0,512.0,0.0,4096.0,1048576.0,51428.0,8192.0,51712.0,512.0,5448.0,24576.0,5632.0,18432.0,90.0,0.0,0.0,0.0,0.0,0.0,1.0,1.0,0,0,1,0,0,0,1,0,1,0,0,1,1,1,0,0,0,0,0,0,0,0,0,0,0,0,1,0,0,0,0,0,0,0,0,0,1,0,0,0,0,0
3258818.0,58059.0,27551.0,15.0,65535.0,30720.0,0.0,0.0,4096.0,4194304.0,4096.0,512.0,86016.0,1024.0,0.0,4096.0,1000000.0,51972.0,4096.0,807424.0,1024.0,6488.0,970752.0,512.0,467456.0,461.0,3.0,2.0,0.0,0.0,0.0,7.0,0.0,0,0,0,0,0,0,1,0,0,0,0,1,1,1,0,0,0,0,0,0,0,0,0,0,0,0,1,0,0,0,0,0,0,0,0,0,1,0,0,0,0,0
29762.0,144.0,3.0,0.0,65535.0,73216.0,70144.0,0.0,4096.0,4194304.0,4096.0,512.0,155648.0,1024.0,183424.0,4096.0,1048576.0,72788.0,4096.0,73216.0,1024.0,2514.0,16384.0,2560.0,9728.0,22.0,0.0,0.0,0.0,0.0,0.0,5.0,77.0,0,0,1,0,0,0,1,0,0,0,0,0,1,1,0,0,0,0,0,0,0,0,0,0,0,0,1,0,0,0,0,0,0,0,0,0,1,0,0,0,0,0
323584.0,144.0,3.0,0.0,65535.0,244224.0,70656.0,0.0,4096.0,4194304.0,4096.0,512.0,344064.0,1024.0,224877.0,4096.0,1048576.0,67064.0,8192.0,67072.0,512.0,205574.0,937984.0,205824.0,934400.0,15.0,0.0,0.0,0.0,0.0,3.0,3.0,8.0,0,0,1,0,0,0,1,0,1,0,0,1,1,1,0,0,0,0,0,0,0,0,0,0,0,0,1,0,0,0,0,0,0,0,0,0,1,0,0,0,0,0
163850.0,144.0,3.0,0.0,65535.0,25600.0,49664.0,0.0,1167360.0,4194304.0,4096.0,512.0,1855488.0,1024.0,92886.0,16384.0,1048576.0,1726308.0,4096.0,185344.0,15360.0,1512.0,36864.0,9728.0,191488.0,0.0,0.0,0.0,0.0,0.0,11.0,13.0,141.0,0,0,1,1,0,0,1,0,0,0,0,0,0,1,0,0,0,0,0,0,0,0,0,0,0,0,1,0,0,0,0,0,0,0,0,0,1,0,0,0,0,0
148197.0,144.0,3.0,0.0,65535.0,70656.0,102400.0,0.0,4096.0,4194304.0,8192.0,512.0,1781760.0,1024.0,0.0,4096.0,1048576.0,974388.0,4096.0,1147392.0,1024.0,61448.0,327680.0,4096.0,935424.0,902.0,2.0,0.0,0.0,0.0,8.0,1.0,0.0,0,0,1,0,0,0,1,0,0,0,0,1,1,1,0,0,0,0,0,0,0,0,0,0,0,0,1,0,0,0,0,0,0,0,0,0,1,0,0,0,0,0
1321210.0,144.0,3.0,0.0,65535.0,1313280.0,22016.0,0.0,8192.0,4194304.0,8192.0,512.0,1359872.0,512.0,0.0,4096.0,1048576.0,1313048.0,8192.0,1313280.0,512.0,77106.0,204800.0,0.0,0.0,334.0,0.0,0.0,0.0,0.0,0.0,1.0,1.0,0,0,1,0,0,0,1,0,1,0,0,1,1,1,0,0,0,0,0,0,0,0,0,0,0,0,1,0,0,0,0,0,0,0,0,0,1,0,0,0,0,0
200928.0,80.0,2.0,15.0,65535.0,481280.0,169472.0,0.0,4096.0,4194304.0,4096.0,512.0,696320.0,1024.0,0.0,16384.0,1048576.0,478264.0,4096.0,478720.0,1024.0,24.0,540672.0,512.0,502272.0,34.0,0.0,0.0,0.0,0.0,0.0,0.0,0.0,0,0,1,0,0,0,1,0,0,0,0,0,1,1,0,0,0,0,0,0,0,0,0,0,0,0,1,0,0,0,0,0,0,0,0,0,1,0,0,0,0,0
12181592.0,144.0,3.0,0.0,65535.0,3150336.0,1352192.0,0.0,4096.0,5368709120.0,4096.0,512.0,16445440.0,1536.0,6420742.0,4096.0,1048576.0,88914.0,4096.0,89088.0,1024.0,27266.0,94208.0,27648.0,90112.0,0.0,0.0,0.0,0.0,0.0,0.0,17.0,17.0,1,0,0,1,0,0,1,0,1,0,0,0,1,1,0,0,0,0,0,0,0,0,0,0,0,0,1,0,0,0,0,0,0,0,0,0,1,0,0,0,0,0
163658.0,144.0,3.0,0.0,65535.0,581120.0,278528.0,0.0,4096.0,4194304.0,4096.0,512.0,888832.0,1024.0,866070.0,4096.0,4194304.0,580910.0,4096.0,581120.0,1024.0,188686.0,585728.0,188928.0,582144.0,12.0,0.0,0.0,0.0,0.0,0.0,0.0,0.0,0,0,1,0,0,0,1,0,0,0,0,0,0,1,0,0,0,0,0,0,0,0,0,0,0,0,1,0,0,0,0,0,0,0,0,0,1,0,0,0,0,0
30606.0,144.0,3.0,0.0,65535.0,1967104.0,2048.0,0.0,8192.0,4194304.0,8192.0,512.0,1998848.0,512.0,0.0,4096.0,1048576.0,1966876.0,8192.0,1967104.0,512.0,195458.0,638976.0,0.0,0.0,0.0,0.0,0.0,0.0,0.0,0.0,1.0,1.0,0,0,0,0,0,0,1,0,1,0,0,1,1,1,0,0,0,0,0,0,0,0,0,0,0,0,1,0,0,0,0,0,0,0,0,0,1,0,0,0,0,0
34926.0,144.0,3.0,0.0,65535.0,28672.0,8192.0,0.0,8192.0,4194304.0,8192.0,4096.0,57344.0,4096.0,89672.0,4096.0,1048576.0,26740.0,8192.0,28672.0,4096.0,443406.0,450560.0,443904.0,444928.0,93.0,0.0,0.0,0.0,0.0,0.0,1.0,1.0,0,0,0,0,0,0,1,0,0,0,0,1,1,0,0,0,0,0,0,0,0,0,0,0,0,0,1,0,0,0,0,0,0,0,0,0,1,0,0,0,0,0
836944.0,144.0,3.0,0.0,65535.0,2560.0,2048.0,0.0,8192.0,4194304.0,8192.0,512.0,32768.0,512.0,0.0,4096.0,1048576.0,2260.0,8192.0,2560.0,512.0,207676.0,1376256.0,207872.0,935424.0,63.0,0.0,0.0,0.0,0.0,5.0,0.0,0.0,1,0,0,1,0,0,1,0,0,0,0,1,1,1,0,0,0,0,0,0,0,0,0,0,0,0,1,0,0,0,0,0,0,0,0,0,1,0,0,0,0,0
82582.0,144.0,3.0,0.0,65535.0,9216.0,773120.0,0.0,4096.0,4194304.0,4096.0,512.0,4395008.0,512.0,0.0,4096.0,1048576.0,171837.0,4096.0,934400.0,512.0,4732.0,24576.0,12288.0,185344.0,636.0,3.0,1.0,0.0,0.0,11.0,13.0,11.0,0,0,1,1,0,0,1,0,1,0,0,1,1,1,0,0,0,0,0,0,0,0,0,0,0,0,1,0,0,0,0,0,0,0,0,0,1,0,0,0,0,0
4099824.0,144.0,3.0,0.0,65535.0,1368064.0,45056.0,2732032.0,2736128.0,4194304.0,4096.0,512.0,4149248.0,512.0,1451531.0,4096.0,1048576.0,1044372.0,8192.0,1044480.0,512.0,24.0,61440.0,512.0,41984.0,422.0,28.0,56.0,0.0,0.0,0.0,12.0,15.0,0,0,1,0,0,0,1,0,0,0,0,0,1,0,0,0,0,0,0,0,0,0,0,0,0,0,1,0,0,0,0,0,0,0,0,0,1,0,0,0,0,0
4096.0,144.0,3.0,0.0,65535.0,5632.0,512.0,0.0,4096.0,3997696.0,4096.0,512.0,16384.0,512.0,0.0,4096.0,1048576.0,5590.0,4096.0,8192.0,4096.0,120.0,12288.0,32768.0,12288.0,146.0,14.0,0.0,0.0,0.0,0.0,0.0,0.0,0,0,0,0,0,0,0,0,0,0,0,1,1,1,0,0,0,0,0,0,0,0,0,0,0,0,1,0,0,0,0,0,0,0,0,0,1,0,0,0,0,0
50126.0,144.0,3.0,0.0,65535.0,0.0,70656.0,6144.0,4096.0,4194304.0,4096.0,512.0,90112.0,1024.0,115155.0,4096.0,1048576.0,1876506.0,4096.0,1876992.0,1024.0,438194.0,1884160.0,438272.0,1878016.0,7.0,0.0,0.0,0.0,0.0,0.0,5.0,101.0,0,0,1,0,0,0,1,0,0,0,0,0,1,1,0,0,0,0,0,0,0,0,0,0,0,0,1,0,0,0,0,0,0,0,0,0,1,0,0,0,0,0
6596.0,144.0,3.0,0.0,65535.0,5632.0,10752.0,0.0,4096.0,5368709120.0,4096.0,512.0,36864.0,1024.0,0.0,4096.0,1048576.0,5593.0,4096.0,5632.0,1024.0,6406.0,12288.0,6656.0,6656.0,0.0,0.0,0.0,0.0,0.0,0.0,11.0,66.0,1,0,0,1,0,0,1,0,1,0,0,0,1,1,0,0,0,0,0,0,0,0,0,0,0,0,1,0,0,0,0,0,0,0,0,0,1,0,0,0,0,0
2502368.0,80.0,2.0,15.0,65535.0,1093632.0,40960.0,1409024.0,1413120.0,4194304.0,4096.0,512.0,2547712.0,4096.0,0.0,16384.0,1048576.0,8041524.0,8192.0,8041984.0,512.0,94420.0,344064.0,94720.0,339968.0,720.0,0.0,0.0,0.0,0.0,0.0,11.0,13.0,0,0,1,0,0,0,1,0,1,0,0,1,1,1,0,0,0,0,0,0,0,0,0,0,0,0,1,0,0,0,0,0,0,0,0,0,1,0,0,0,0,0
18364392.0,144.0,3.0,0.0,65535.0,18674176.0,19264000.0,0.0,4096.0,5368709120.0,4096.0,512.0,37957632.0,1024.0,0.0,4096.0,1048576.0,18674080.0,4096.0,18674176.0,1024.0,15130168.0,18681856.0,15130624.0,18675200.0,0.0,0.0,0.0,0.0,0.0,0.0,11.0,383.0,1,0,0,1,0,0,1,0,1,0,0,0,1,1,0,0,0,0,0,0,0,0,0,0,0,0,1,0,0,0,0,0,0,0,0,0,1,0,0,0,0,0
170958.0,144.0,3.0,0.0,65535.0,162816.0,3584.0,0.0,8192.0,4194304.0,8192.0,512.0,196608.0,1024.0,0.0,4096.0,1048576.0,162772.0,8192.0,162816.0,1024.0,157810.0,860160.0,0.0,0.0,28.0,0.0,0.0,0.0,0.0,0.0,1.0,1.0,0,0,0,0,0,0,1,0,1,0,0,1,1,1,0,0,0,0,0,0,0,0,0,0,0,0,1,0,0,0,0,0,0,0,0,0,1,0,0,0,0,0
148197.0,80.0,2.0,0.0,65535.0,9728.0,201728.0,0.0,4096.0,4194304.0,4096.0,512.0,815104.0,1024.0,0.0,4096.0,1048576.0,785912.0,8192.0,8218112.0,1024.0,56636.0,7106560.0,99328.0,1399808.0,320.0,0.0,0.0,0.0,0.0,8.0,7.0,0.0,0,0,1,0,0,0,1,0,0,0,0,0,1,1,0,0,0,0,0,0,0,0,0,0,0,0,1,0,0,0,0,0,0,0,0,0,1,0,0,0,0,0
188548.0,144.0,3.0,0.0,65535.0,77312.0,101376.0,0.0,4096.0,4194304.0,4096.0,512.0,192512.0,1024.0,0.0,4096.0,1048576.0,77824.0,4096.0,77312.0,1024.0,24576.0,81920.0,22016.0,78336.0,0.0,0.0,0.0,0.0,0.0,0.0,1.0,1.0,0,0,1,0,0,0,1,0,0,0,0,0,1,1,0,0,0,0,0,0,0,0,0,0,0,0,1,1,0,0,0,0,0,0,0,0,1,0,0,0,0,0
219098.0,144.0,3.0,0.0,65535.0,210944.0,2048.0,0.0,8192.0,4194304.0,8192.0,512.0,237568.0,512.0,0.0,4096.0,1048576.0,210944.0,8192.0,210944.0,512.0,24.0,28672.0,512.0,8192.0,674.0,58.0,0.0,2.0,0.0,5.0,1.0,1.0,0,0,0,0,0,0,1,0,1,0,0,1,1,1,0,0,0,0,0,0,0,0,0,0,0,0,1,0,0,0,0,0,0,0,0,0,1,0,0,0,0,0
13594.0,144.0,3.0,0.0,65535.0,5120.0,2048.0,0.0,4096.0,4194304.0,8192.0,512.0,1781760.0,512.0,0.0,4096.0,1048576.0,75508.0,8192.0,25088.0,1024.0,24.0,147456.0,512.0,152576.0,6719.0,0.0,0.0,0.0,0.0,9.0,1.0,19.0,0,0,1,0,0,0,1,0,0,0,0,1,1,1,0,0,0,0,0,0,0,0,0,0,0,0,1,0,0,0,0,0,0,0,0,0,1,0,0,0,0,0
4096.0,80.0,2.0,15.0,65535.0,78336.0,91136.0,0.0,4096.0,4194304.0,4096.0,512.0,319488.0,1024.0,95322.0,16384.0,1048576.0,3785.0,4096.0,4096.0,1024.0,2726.0,8192.0,3072.0,5120.0,122.0,0.0,0.0,0.0,0.0,0.0,12.0,15.0,0,0,1,0,0,0,1,0,0,0,0,0,1,1,0,0,0,0,0,0,0,0,0,0,0,0,1,0,0,0,0,0,0,0,0,0,1,0,0,0,0,0
410912.0,144.0,3.0,0.0,65535.0,1157632.0,1669632.0,0.0,4096.0,4194304.0,4096.0,512.0,1949696.0,1024.0,0.0,4096.0,1048576.0,79284.0,8192.0,8192.0,1024.0,49450.0,610304.0,4096.0,209408.0,0.0,0.0,2.0,0.0,0.0,11.0,31.0,34.0,0,0,1,0,0,0,1,0,0,0,0,1,1,1,0,0,0,0,0,0,0,0,0,0,0,0,1,0,0,0,0,0,0,0,0,0,1,0,0,0,0,0
11886.0,144.0,3.0,0.0,65535.0,4096.0,2048.0,0.0,8192.0,4194304.0,8192.0,512.0,32768.0,512.0,0.0,4096.0,1048576.0,3700.0,8192.0,4096.0,512.0,19448.0,122880.0,20480.0,122880.0,1720.0,0.0,0.0,2.0,0.0,3.0,1.0,1.0,0,0,0,0,0,0,1,0,1,0,0,1,1,1,0,0,0,0,0,0,0,0,0,0,0,0,1,0,0,0,0,0,0,0,0,0,1,0,0,0,0,0
120190.0,144.0,3.0,0.0,65535.0,112640.0,2048.0,0.0,8192.0,4194304.0,8192.0,512.0,139264.0,512.0,0.0,4096.0,1048576.0,112212.0,8192.0,112640.0,512.0,24.0,245760.0,512.0,65536.0,114.0,0.0,0.0,0.0,0.0,0.0,1.0,1.0,0,0,1,0,0,0,1,0,0,0,0,1,1,1,0,0,0,0,0,0,0,0,0,0,0,0,1,0,0,0,0,0,0,0,0,0,1,0,0,0,0,0
569726.0,144.0,3.0,0.0,65535.0,561664.0,215552.0,0.0,8192.0,4194304.0,8192.0,512.0,811008.0,1024.0,0.0,4096.0,1048576.0,561540.0,8192.0,561664.0,1024.0,916.0,118784.0,1024.0,113152.0,107.0,8.0,0.0,0.0,0.0,0.0,1.0,1.0,0,0,1,0,0,0,1,0,0,0,0,1,1,1,0,0,0,0,0,0,0,0,0,0,0,0,1,0,0,0,0,0,0,0,0,0,1,0,0,0,0,0
7218.0,144.0,3.0,0.0,65535.0,12288.0,1093632.0,0.0,4096.0,4194304.0,4096.0,4096.0,1110016.0,4096.0,1173419.0,4096.0,1048576.0,4038.0,4096.0,4096.0,4096.0,5347.0,16384.0,8192.0,16384.0,0.0,0.0,0.0,0.0,0.0,0.0,5.0,247.0,0,0,1,0,0,0,0,0,0,0,0,0,0,1,0,0,0,0,0,0,0,0,0,0,0,0,1,0,0,0,0,0,0,0,0,0,1,0,0,0,0,0
13594.0,144.0,3.0,0.0,65535.0,24576.0,0.0,0.0,4096.0,4194304.0,4096.0,512.0,352256.0,1024.0,0.0,4096.0,1048576.0,66442.0,4096.0,730624.0,1024.0,25022.0,1376256.0,1059840.0,605696.0,0.0,2.0,1.0,0.0,0.0,6.0,0.0,0.0,1,0,1,0,0,0,1,0,0,0,0,1,1,1,0,0,0,0,0,0,0,0,0,0,0,0,1,0,0,0,0,0,0,0,0,0,1,0,0,0,0,0
5280.0,144.0,3.0,0.0,65535.0,649216.0,941056.0,4096.0,4096.0,4194304.0,4096.0,512.0,1163264.0,1024.0,2276551.0,4096.0,1048576.0,649056.0,4096.0,649216.0,1024.0,41568.0,663552.0,41984.0,657408.0,1.0,0.0,0.0,0.0,0.0,0.0,6.0,130.0,0,0,0,0,0,0,1,0,1,0,0,0,1,1,0,0,0,0,1,0,0,0,0,0,0,0,1,0,0,0,0,0,0,0,0,0,1,0,0,0,0,0
13270.0,144.0,3.0,0.0,65535.0,613376.0,1669632.0,0.0,4096.0,65536.0,4096.0,512.0,9814016.0,4096.0,100097.0,4096.0,1048576.0,275236.0,4096.0,58880.0,4096.0,84560.0,1048576.0,630784.0,169984.0,0.0,2.0,0.0,0.0,0.0,0.0,1.0,381.0,1,0,0,1,0,0,1,0,1,0,0,0,1,1,0,0,0,0,0,0,0,0,0,0,0,0,1,0,0,0,0,0,0,0,0,0,1,0,0,0,0,0
5542448.0,120.0,1.0,0.0,0.0,5743616.0,2797568.0,0.0,4096.0,4194304.0,4096.0,512.0,8601600.0,1024.0,0.0,4096.0,1048576.0,5743318.0,4096.0,5743616.0,1024.0,2518884.0,5750784.0,2519040.0,5744640.0,270.0,0.0,0.0,0.0,0.0,0.0,14.0,310.0,0,0,0,0,0,0,1,0,0,0,0,0,1,1,0,0,0,0,0,0,0,0,0,0,0,0,1,0,0,0,0,0,0,0,0,0,1,0,0,0,0,0
6167.0,80.0,2.0,15.0,65535.0,1169920.0,358912.0,0.0,4096.0,4194304.0,4096.0,512.0,1818624.0,1024.0,1561043.0,16384.0,1048576.0,253952.0,520192.0,253440.0,1024.0,24.0,1482752.0,512.0,1201664.0,33.0,0.0,3.0,0.0,0.0,4.0,0.0,0.0,0,0,1,0,0,0,1,0,0,0,0,0,1,1,0,0,0,0,1,0,0,0,0,0,0,0,1,1,0,0,0,0,0,0,0,0,1,0,0,0,0,0
4096.0,144.0,3.0,0.0,65535.0,70656.0,188928.0,0.0,4096.0,4194304.0,4096.0,512.0,274432.0,1024.0,0.0,4096.0,1048576.0,55650.0,20480.0,55808.0,15872.0,13221.0,77824.0,13312.0,71680.0,0.0,0.0,0.0,0.0,0.0,0.0,9.0,134.0,0,0,0,0,0,0,1,0,0,0,0,0,0,1,0,0,0,0,0,0,0,0,0,0,0,0,1,0,0,0,0,0,0,0,0,0,1,0,0,0,0,0
5344.0,144.0,3.0,0.0,65535.0,4608.0,8704.0,0.0,4096.0,5368709120.0,4096.0,512.0,36864.0,1024.0,48991.0,32768.0,1048576.0,4452.0,4096.0,4608.0,1024.0,4394.0,12288.0,4608.0,5632.0,0.0,0.0,0.0,0.0,0.0,0.0,15.0,44.0,1,0,1,1,0,0,1,0,1,0,0,0,1,1,0,0,0,0,0,0,0,0,0,0,0,0,1,0,0,0,0,0,0,0,0,0,1,0,0,0,0,0
347840.0,144.0,3.0,0.0,65535.0,354304.0,221696.0,512.0,4096.0,5368709120.0,4096.0,512.0,598016.0,1024.0,584549.0,8192.0,1048576.0,354023.0,4096.0,354304.0,1024.0,107536.0,364544.0,108032.0,355328.0,0.0,0.0,0.0,0.0,0.0,0.0,69.0,445.0,1,0,1,1,0,0,1,1,1,0,0,0,1,1,0,0,0,0,0,0,0,0,0,0,0,0,1,0,0,0,0,0,0,0,0,0,1,0,0,0,0,0
12222.0,144.0,3.0,0.0,65535.0,4096.0,1536.0,0.0,8192.0,4194304.0,8192.0,512.0,32768.0,512.0,0.0,4096.0,1048576.0,4036.0,8192.0,4096.0,512.0,2035712.0,12288.0,2035712.0,6656.0,166.0,0.0,0.0,0.0,0.0,0.0,1.0,1.0,0,0,1,0,0,0,1,0,0,0,0,1,1,1,0,0,0,0,0,0,0,0,0,0,0,0,1,0,0,0,0,0,0,0,0,0,1,0,0,0,1,0
5280.0,144.0,3.0,0.0,65535.0,6656.0,11264.0,1024.0,4096.0,4194304.0,4096.0,512.0,335872.0,1024.0,355219.0,4096.0,1048576.0,6308.0,4096.0,6656.0,1024.0,1492.0,16384.0,1536.0,8192.0,0.0,0.0,0.0,0.0,0.0,0.0,2.0,48.0,0,0,0,0,0,0,1,0,0,0,0,0,1,0,0,0,0,0,1,0,0,0,0,0,0,0,1,0,0,0,0,0,0,0,0,0,1,0,0,0,0,0
4096.0,80.0,2.0,15.0,65535.0,1271808.0,216064.0,0.0,4096.0,4194304.0,4096.0,512.0,1536000.0,1024.0,1540191.0,16384.0,1048576.0,1266664.0,4096.0,1266688.0,1024.0,24.0,1351680.0,512.0,1310720.0,680.0,22.0,6.0,0.0,0.0,0.0,12.0,245.0,0,0,1,0,0,0,1,0,0,0,0,0,1,1,0,0,0,0,0,0,0,0,0,0,0,0,1,0,0,0,0,0,0,0,0,0,1,0,0,0,0,0
193280.0,144.0,3.0,0.0,65535.0,73728.0,8192.0,118784.0,122880.0,4194304.0,4096.0,512.0,204800.0,4096.0,0.0,4096.0,1048576.0,1236.0,8192.0,1536.0,512.0,35777.0,61440.0,35840.0,57344.0,489.0,2.0,0.0,0.0,0.0,0.0,5.0,10.0,0,0,1,0,0,0,1,0,0,0,0,0,1,1,0,0,0,0,0,0,0,0,0,0,0,0,1,0,0,0,0,0,0,0,0,0,1,0,0,0,0,0
5562.0,144.0,3.0,0.0,65535.0,4608.0,6656.0,0.0,4096.0,4194304.0,4096.0,512.0,28672.0,1024.0,0.0,4096.0,1048576.0,4260.0,4096.0,4608.0,1024.0,3966.0,12288.0,4096.0,5632.0,1.0,0.0,0.0,0.0,0.0,4.0,7.0,53.0,0,0,0,0,0,0,1,0,0,0,0,0,1,1,0,0,0,0,0,0,0,0,0,0,0,0,1,0,0,0,0,0,0,0,0,0,1,0,0,0,0,0
660724.0,144.0,3.0,0.0,65535.0,668160.0,275968.0,0.0,4096.0,5368709120.0,4096.0,512.0,966656.0,1024.0,0.0,4096.0,1048576.0,667701.0,4096.0,668160.0,1024.0,206056.0,675840.0,206336.0,669184.0,0.0,0.0,0.0,0.0,0.0,0.0,18.0,204.0,1,0,0,1,0,0,1,0,1,0,0,0,1,1,0,0,0,0,0,0,0,0,0,0,0,0,1,0,0,0,0,0,0,0,0,0,1,0,0,0,0,0
4592.0,144.0,3.0,0.0,65535.0,33280.0,4608.0,1024.0,4096.0,4194304.0,4096.0,512.0,65536.0,1024.0,0.0,4096.0,1048576.0,30320.0,4096.0,30720.0,1024.0,18086.0,217088.0,20480.0,217088.0,3.0,0.0,0.0,0.0,0.0,0.0,3.0,74.0,0,0,1,0,0,0,1,0,0,0,0,1,1,1,0,0,0,0,0,0,0,0,0,0,0,0,1,0,0,0,0,0,0,0,0,0,1,0,0,0,0,0
401418.0,144.0,3.0,0.0,65535.0,1941504.0,2245632.0,0.0,4096.0,4194304.0,4096.0,512.0,4218880.0,1024.0,4200996.0,4096.0,1048576.0,1941356.0,4096.0,1941504.0,1024.0,405598.0,1945600.0,406016.0,1942528.0,74.0,0.0,3.0,0.0,0.0,2.0,0.0,0.0,0,0,1,0,0,0,1,0,0,0,0,0,1,1,0,0,0,0,0,0,0,0,0,0,0,0,1,0,0,0,0,0,0,0,0,0,1,0,0,0,0,0
81236.0,144.0,3.0,0.0,65535.0,147456.0,168960.0,0.0,4096.0,4194304.0,4096.0,512.0,335872.0,1024.0,360421.0,4096.0,1048576.0,147132.0,4096.0,147456.0,1024.0,47820.0,151552.0,48128.0,148480.0,695.0,8.0,0.0,0.0,0.0,4.0,3.0,91.0,0,0,1,0,0,0,1,0,0,0,0,0,1,1,0,0,0,0,0,0,0,0,0,0,0,0,1,0,0,0,0,0,0,0,0,0,1,0,0,0,0,0
406365.0,21061.0,3.0,8194.0,65535.0,140288.0,2048.0,0.0,4096.0,4194304.0,4096.0,512.0,32768.0,1024.0,0.0,4096.0,1048576.0,135168.0,4096.0,873984.0,1024.0,24.0,880640.0,405504.0,10752.0,0.0,0.0,0.0,2.0,0.0,9.0,0.0,2.0,0,0,1,0,0,0,1,0,0,0,0,0,1,1,0,0,0,0,0,0,0,0,0,0,0,0,1,0,0,0,0,0,0,0,0,0,1,0,0,0,0,0
22485.0,144.0,3.0,0.0,65535.0,156672.0,41069056.0,0.0,4096.0,4194304.0,4096.0,512.0,41201664.0,1024.0,301250.0,4096.0,1048576.0,156192.0,4096.0,156672.0,1024.0,18900.0,57344.0,18944.0,52736.0,2.0,0.0,0.0,0.0,0.0,4.0,4.0,127.0,0,0,1,0,0,0,0,0,0,0,0,0,0,1,0,0,0,0,0,0,0,0,0,0,0,0,1,0,0,0,0,0,0,0,0,0,1,0,0,0,0,0
4886098.0,144.0,3.0,0.0,65535.0,5552640.0,8199680.0,0.0,4096.0,4194304.0,4096.0,512.0,13783040.0,1024.0,13784328.0,4096.0,1048576.0,5552165.0,4096.0,5552640.0,1024.0,7580399.0,5558272.0,7580672.0,5553664.0,0.0,0.0,0.0,0.0,0.0,0.0,24.0,3375.0,0,0,1,0,0,0,1,0,0,0,0,0,1,1,0,0,0,0,0,0,0,0,0,0,0,0,1,0,0,0,0,0,0,0,0,0,1,0,0,0,0,0
163850.0,80.0,2.0,0.0,65535.0,70656.0,69120.0,0.0,4096.0,4194304.0,4096.0,512.0,3383296.0,512.0,0.0,4096.0,1048576.0,17860.0,4096.0,135168.0,1024.0,9386.0,8548352.0,207872.0,78848.0,0.0,0.0,0.0,0.0,0.0,0.0,0.0,0.0,0,0,1,0,0,0,1,0,0,0,0,1,1,0,0,0,0,0,0,0,0,0,0,0,0,0,1,0,0,0,0,0,0,0,0,0,1,0,0,0,0,0
1249314.0,144.0,3.0,0.0,65535.0,1421312.0,1972736.0,0.0,4096.0,4194304.0,4096.0,512.0,3407872.0,1024.0,0.0,4096.0,1048576.0,1421244.0,4096.0,1421312.0,1024.0,340006.0,1425408.0,340480.0,1422336.0,61.0,0.0,3.0,0.0,0.0,2.0,17.0,606.0,0,0,1,0,0,0,1,0,0,0,0,0,1,1,0,0,0,0,0,0,0,0,0,0,0,0,1,0,0,0,0,0,0,0,0,0,1,0,0,0,0,0
42488.0,80.0,2.0,15.0,65535.0,40448.0,30208.0,0.0,4096.0,4194304.0,4096.0,512.0,98304.0,1024.0,4469938.0,16384.0,1048576.0,46372.0,4096.0,49152.0,4096.0,24.0,61440.0,512.0,45056.0,10.0,0.0,0.0,0.0,0.0,2.0,0.0,0.0,0,0,1,0,0,0,0,0,0,0,0,0,0,1,0,0,0,0,0,0,0,0,0,0,0,0,1,0,0,0,0,0,0,0,0,0,1,0,0,0,0,0
124622.0,21061.0,2.0,0.0,65535.0,28672.0,6308352.0,0.0,4096.0,4194304.0,4096.0,512.0,1781760.0,1024.0,0.0,4096.0,1048576.0,18212.0,8192.0,25600.0,15872.0,3725310.0,638976.0,4096.0,10752.0,901.0,2.0,1.0,0.0,0.0,9.0,0.0,0.0,0,0,1,1,0,0,1,0,0,0,0,0,1,1,0,0,0,0,1,0,0,0,0,0,0,0,1,1,0,0,0,0,0,0,0,0,1,0,0,0,0,0
4944.0,144.0,3.0,0.0,65535.0,5120.0,35328.0,0.0,4096.0,5368709120.0,4096.0,512.0,61440.0,1024.0,95382.0,4096.0,1048576.0,5068.0,4096.0,5120.0,1024.0,4674.0,12288.0,5120.0,6144.0,0.0,0.0,0.0,0.0,0.0,0.0,9.0,66.0,1,0,0,1,0,0,1,0,1,0,0,0,1,1,0,0,0,0,0,0,0,0,0,0,0,0,1,0,0,0,0,0,0,0,0,0,1,0,0,0,0,0
1257148.0,80.0,2.0,15.0,65535.0,317440.0,312320.0,0.0,8192.0,4194304.0,8192.0,512.0,655360.0,512.0,0.0,4096.0,1048576.0,316964.0,8192.0,317440.0,512.0,4096.0,110592.0,4096.0,110592.0,408.0,0.0,0.0,0.0,0.0,0.0,1.0,1.0,1,0,1,1,0,0,1,0,1,0,0,1,1,1,0,0,0,0,0,0,0,0,0,0,0,0,1,0,0,0,0,0,0,0,0,0,1,0,0,0,1,0
13594.0,144.0,3.0,0.0,65535.0,28672.0,3584.0,0.0,8192.0,4194304.0,4096.0,512.0,81920.0,1024.0,0.0,4096.0,1048576.0,844284.0,8192.0,557056.0,4096.0,14300.0,36864.0,512.0,37888.0,892.0,2.0,2.0,0.0,0.0,0.0,1.0,21.0,0,0,1,0,0,0,1,0,1,0,0,1,1,1,0,0,0,0,0,0,0,0,0,0,0,0,1,0,0,0,0,0,0,0,0,0,1,0,0,0,0,0
430571.0,144.0,3.0,0.0,65535.0,431104.0,20992.0,0.0,4096.0,4194304.0,4096.0,512.0,466944.0,1024.0,0.0,4096.0,1048576.0,430935.0,4096.0,431104.0,1024.0,15454.0,438272.0,15872.0,432128.0,13.0,0.0,0.0,0.0,0.0,0.0,11.0,117.0,0,0,0,0,0,0,1,0,0,0,0,0,1,1,0,0,0,0,0,0,0,0,0,0,0,0,1,0,0,0,0,0,0,0,0,0,1,0,0,0,0,0
411275.0,144.0,3.0,0.0,65535.0,430080.0,2002944.0,0.0,4096.0,4194304.0,4096.0,4096.0,2437120.0,4096.0,2424781.0,4096.0,1048576.0,427092.0,4096.0,430080.0,4096.0,4544.0,434176.0,8192.0,434176.0,1481.0,0.0,0.0,0.0,0.0,0.0,6.0,131.0,0,0,1,0,0,0,1,0,0,0,0,0,1,1,0,0,0,0,0,0,0,0,0,0,0,0,1,0,0,0,0,0,0,0,0,0,1,0,0,0,0,0
952704.0,144.0,3.0,0.0,65535.0,113152.0,19456.0,0.0,4096.0,4194304.0,4096.0,512.0,2035712.0,1024.0,1419861.0,4096.0,1048576.0,21620.0,8192.0,22016.0,512.0,3190.0,8192.0,3584.0,4096.0,499.0,1.0,0.0,0.0,0.0,0.0,0.0,0.0,0,0,0,0,0,0,0,0,0,0,0,0,1,1,0,0,0,0,0,0,0,0,0,0,0,0,1,0,0,0,0,0,0,0,0,0,1,0,0,0,0,0
14377994.0,144.0,3.0,0.0,65535.0,220672.0,5489152.0,0.0,4096.0,5368709120.0,4096.0,512.0,15790080.0,1024.0,0.0,4096.0,1048576.0,220188.0,4096.0,0.0,0.0,76154.0,225280.0,0.0,0.0,0.0,0.0,0.0,0.0,0.0,0.0,3.0,106.0,1,0,0,1,0,0,1,0,1,0,0,0,1,1,0,0,0,0,0,0,0,0,0,0,0,0,1,0,0,0,0,0,0,0,0,0,1,0,0,0,0,0
12600.0,144.0,3.0,0.0,65535.0,8704.0,4096.0,0.0,4096.0,5368709120.0,4096.0,512.0,36864.0,1024.0,0.0,4096.0,1048576.0,8598.0,4096.0,8704.0,1024.0,1784.0,16384.0,2048.0,9728.0,0.0,0.0,0.0,0.0,0.0,0.0,0.0,0.0,1,0,0,1,0,0,1,0,1,0,0,0,1,1,0,0,0,0,0,0,0,0,0,0,0,0,1,0,0,0,0,0,0,0,0,0,1,0,0,0,0,0
4096.0,144.0,3.0,0.0,65535.0,67584.0,19456.0,0.0,4096.0,4194304.0,4096.0,512.0,102400.0,1024.0,0.0,4096.0,1048576.0,53154.0,20480.0,53248.0,15360.0,13216.0,73728.0,13312.0,68608.0,122.0,8.0,0.0,0.0,0.0,0.0,9.0,130.0,0,0,1,0,0,0,1,0,1,0,0,0,1,1,0,0,0,0,0,0,0,0,0,0,0,0,1,0,0,0,0,0,0,0,0,0,1,0,0,0,0,0
24736.0,144.0,3.0,0.0,65535.0,25088.0,36864.0,0.0,4096.0,4194304.0,4096.0,512.0,81920.0,1024.0,85831.0,49152.0,1048576.0,24788.0,4096.0,25088.0,1024.0,2172.0,8192.0,4096.0,8192.0,0.0,0.0,0.0,0.0,0.0,0.0,35.0,136.0,0,0,1,0,0,0,1,0,0,0,0,0,0,1,0,0,0,0,0,0,0,0,0,0,0,0,1,0,0,0,0,0,0,0,0,0,1,0,0,0,0,0
7300.0,144.0,3.0,0.0,65535.0,200704.0,163840.0,0.0,4096.0,4194304.0,4096.0,4096.0,368640.0,4096.0,411777.0,4096.0,1048576.0,196824.0,4096.0,200704.0,4096.0,41124.0,151552.0,41472.0,146432.0,0.0,0.0,0.0,0.0,0.0,0.0,1.0,139.0,0,0,1,0,0,0,1,0,1,0,0,0,1,1,0,0,0,0,0,0,0,0,0,0,0,0,1,0,0,0,0,0,0,0,0,0,1,0,0,0,0,0
466954.0,144.0,3.0,0.0,65535.0,54784.0,392192.0,0.0,393216.0,4194304.0,8192.0,512.0,483328.0,1024.0,0.0,4096.0,1048576.0,54096.0,393216.0,54272.0,380928.0,469422.0,1527808.0,469504.0,1521152.0,256.0,0.0,0.0,0.0,0.0,0.0,1.0,1.0,0,0,1,0,0,0,1,0,1,0,0,1,1,1,0,0,0,0,0,0,0,0,0,0,0,0,1,0,0,0,0,0,0,0,0,0,1,0,0,0,0,0
36974.0,144.0,3.0,0.0,65535.0,476672.0,596480.0,0.0,4096.0,4194304.0,4096.0,512.0,1122304.0,1024.0,0.0,4096.0,1048576.0,476311.0,4096.0,476672.0,1024.0,157226.0,483328.0,157696.0,477696.0,69.0,0.0,0.0,0.0,0.0,2.0,0.0,0.0,0,0,1,0,0,0,1,0,0,0,0,0,1,1,0,0,0,0,0,0,0,0,0,0,0,0,1,0,0,0,0,0,0,0,0,0,1,0,0,0,0,0
5237152.0,144.0,3.0,0.0,65535.0,1843200.0,4096.0,3391488.0,3395584.0,4194304.0,4096.0,512.0,5242880.0,4096.0,0.0,4096.0,1048576.0,24060.0,8192.0,24064.0,512.0,80300.0,139264.0,80384.0,135680.0,0.0,0.0,0.0,2.0,0.0,0.0,1.0,4.0,1,0,1,1,0,0,1,0,1,0,0,1,1,1,0,0,0,0,0,0,0,0,0,0,0,0,1,0,0,0,0,0,0,0,0,0,1,0,0,0,0,0
48190.0,144.0,3.0,0.0,65535.0,40448.0,2048.0,0.0,8192.0,4194304.0,8192.0,512.0,65536.0,512.0,0.0,4096.0,1048576.0,40004.0,8192.0,40448.0,512.0,434748.0,1916928.0,435200.0,1903616.0,27.0,0.0,0.0,0.0,0.0,0.0,1.0,1.0,0,0,0,0,0,0,1,0,0,0,0,1,1,1,0,0,0,0,0,0,0,0,0,0,0,0,1,0,0,0,0,0,0,0,0,0,1,0,0,0,0,0
163850.0,144.0,3.0,0.0,65535.0,2772992.0,3584.0,0.0,8192.0,4194304.0,4096.0,512.0,1781760.0,1024.0,0.0,4096.0,1048576.0,383062.0,4096.0,1692160.0,1024.0,56636.0,36864.0,512.0,521216.0,899.0,1.0,1.0,0.0,0.0,11.0,0.0,13.0,0,0,0,0,0,0,1,0,0,0,0,0,1,0,0,0,0,0,0,0,0,0,0,0,0,0,1,0,0,0,0,0,0,0,0,0,1,0,0,0,0,0
200798.0,144.0,3.0,0.0,65535.0,193024.0,2560.0,0.0,8192.0,4194304.0,8192.0,512.0,221184.0,512.0,0.0,4096.0,1048576.0,192612.0,8192.0,193024.0,512.0,152720.0,688128.0,153088.0,681984.0,47.0,0.0,3.0,0.0,0.0,2.0,0.0,0.0,0,0,1,0,0,0,1,0,0,0,0,1,1,1,0,0,0,0,0,0,0,0,0,0,0,0,1,0,0,0,0,0,0,0,0,0,1,0,0,0,0,0
102158.0,144.0,3.0,0.0,65535.0,94208.0,512.0,0.0,8192.0,4194304.0,8192.0,512.0,114688.0,512.0,0.0,4096.0,1048576.0,93972.0,8192.0,94208.0,512.0,132.0,12288.0,512.0,5632.0,162.0,0.0,0.0,0.0,0.0,0.0,1.0,1.0,0,0,1,0,0,0,1,0,0,0,0,1,1,1,0,0,0,0,0,0,0,0,0,0,0,0,1,0,0,0,0,0,0,0,0,0,1,0,0,0,0,0
4336.0,144.0,3.0,0.0,65535.0,27648.0,360960.0,0.0,4096.0,4194304.0,4096.0,512.0,499712.0,1024.0,355082.0,4096.0,1048576.0,471040.0,4096.0,324608.0,1024.0,402472.0,1679360.0,402944.0,1672704.0,155.0,12.0,0.0,0.0,0.0,3.0,1.0,4.0,0,0,1,0,0,0,0,0,0,0,0,0,0,1,0,0,0,0,0,0,0,0,0,0,0,0,1,1,0,0,0,0,0,0,0,0,1,0,0,0,0,0
6256.0,144.0,3.0,0.0,65535.0,3072.0,25088.0,0.0,4096.0,5368709120.0,4096.0,512.0,45056.0,1024.0,82275.0,8192.0,1048576.0,3024.0,4096.0,3072.0,1024.0,3190.0,8192.0,3584.0,4096.0,0.0,0.0,0.0,0.0,0.0,0.0,7.0,33.0,1,0,1,1,0,0,1,0,1,0,0,0,1,1,0,0,0,0,0,0,0,0,0,0,0,0,1,0,0,0,0,0,0,0,0,0,1,0,0,0,0,0
3911680.0,144.0,3.0,0.0,65535.0,811008.0,4046848.0,0.0,3125248.0,4194304.0,4096.0,4096.0,8196096.0,4096.0,4918621.0,4096.0,1048576.0,2637071.0,4096.0,0.0,0.0,300870.0,2641920.0,0.0,0.0,210.0,6.0,0.0,0.0,0.0,0.0,5.0,235.0,0,0,1,0,0,0,1,0,0,0,0,0,0,1,0,0,0,0,0,0,0,0,0,0,0,0,1,0,0,0,0,0,0,0,0,0,1,0,0,0,0,0
143872.0,144.0,3.0,0.0,65535.0,27136.0,186880.0,2048.0,4096.0,4194304.0,4096.0,512.0,528384.0,1024.0,3422439.0,4096.0,1048576.0,26775.0,4096.0,27136.0,1024.0,5286.0,32768.0,5632.0,28160.0,680.0,0.0,0.0,0.0,0.0,3.0,0.0,0.0,0,0,1,0,0,0,1,0,0,0,0,1,1,1,0,0,0,0,0,0,0,0,0,0,0,0,1,0,0,0,0,0,0,0,0,0,1,0,0,0,0,0
196448.0,144.0,3.0,0.0,65535.0,86016.0,8192.0,110592.0,114688.0,4194304.0,4096.0,512.0,208896.0,4096.0,0.0,4096.0,1048576.0,137908.0,8192.0,138240.0,1024.0,10566.0,28672.0,10752.0,24064.0,887.0,5.0,0.0,0.0,0.0,5.0,11.0,16.0,0,0,1,0,0,0,1,0,0,0,0,1,1,1,0,0,0,0,0,0,0,0,0,0,0,0,1,0,0,0,0,0,0,0,0,0,1,0,0,0,0,0
163850.0,144.0,3.0,0.0,65535.0,28672.0,12861440.0,0.0,8192.0,4194304.0,4096.0,512.0,163840.0,4096.0,0.0,4096.0,1048576.0,20480.0,8192.0,185344.0,512.0,56636.0,172032.0,512.0,166912.0,831.0,46.0,2.0,0.0,0.0,11.0,1.0,21.0,0,0,1,0,0,0,1,0,0,0,0,1,1,1,0,0,0,0,0,0,0,0,0,0,0,0,1,0,0,0,0,0,0,0,0,0,1,0,0,0,0,0
155508.0,144.0,3.0,0.0,65535.0,174592.0,2048.0,0.0,4096.0,4194304.0,8192.0,512.0,86016.0,1024.0,0.0,4096.0,1048576.0,251257.0,4096.0,58880.0,1024.0,56404.0,53248.0,12288.0,37888.0,887.0,0.0,1.0,0.0,0.0,12.0,3.0,0.0,0,0,0,0,0,0,1,0,0,0,0,1,1,1,0,0,0,0,0,0,0,0,0,0,0,0,1,0,0,0,0,0,0,0,0,0,1,0,0,0,0,0
10187.0,144.0,3.0,0.0,65535.0,57344.0,127488.0,0.0,4096.0,4194304.0,4096.0,512.0,208896.0,1024.0,0.0,4096.0,1048576.0,57214.0,4096.0,57344.0,1024.0,110968.0,61440.0,111104.0,58368.0,44.0,0.0,0.0,0.0,0.0,0.0,4.0,87.0,0,0,0,0,0,0,1,0,0,0,0,0,1,1,0,0,0,0,0,0,0,0,0,0,0,0,1,0,0,0,0,0,0,0,0,0,1,0,0,0,0,0
1038633.0,144.0,3.0,0.0,65535.0,1249280.0,1245184.0,0.0,4096.0,4194304.0,4096.0,4096.0,2822144.0,4096.0,0.0,4096.0,1048576.0,1247322.0,4096.0,1249280.0,4096.0,1043658.0,1253376.0,1044480.0,1253376.0,213.0,0.0,0.0,0.0,0.0,0.0,13.0,471.0,0,0,1,0,0,0,1,0,1,0,0,0,1,1,0,0,0,0,0,0,0,0,0,0,0,0,1,0,0,0,0,0,0,0,0,0,1,0,0,0,0,0
3361182.0,144.0,3.0,0.0,65535.0,3803648.0,1773568.0,0.0,4096.0,4194304.0,4096.0,512.0,5591040.0,1024.0,5566668.0,4096.0,1048576.0,3803602.0,4096.0,3803648.0,1024.0,1239574.0,3809280.0,1240064.0,3804672.0,113.0,0.0,0.0,0.0,0.0,5.0,9.0,291.0,0,0,1,0,0,0,1,0,0,0,0,0,1,1,0,0,0,0,0,0,0,0,0,0,0,0,1,0,0,0,0,0,0,0,0,0,1,0,0,0,0,0
4742.0,144.0,3.0,0.0,65535.0,2560.0,7165440.0,0.0,4096.0,4194304.0,4096.0,512.0,7184384.0,1024.0,7200125.0,200000.0,1048576.0,2166.0,4096.0,2560.0,1024.0,2730.0,8192.0,3072.0,3584.0,694.0,8.0,0.0,0.0,0.0,0.0,5.0,32.0,0,0,1,0,0,0,1,0,0,0,0,1,1,1,0,0,0,0,0,0,0,0,0,0,0,0,1,0,0,0,0,0,0,0,0,0,1,0,0,0,0,0
12347486.0,144.0,3.0,0.0,65535.0,45568.0,18944.0,0.0,4096.0,4194304.0,4096.0,512.0,81920.0,1024.0,67916.0,4096.0,1048576.0,45125.0,4096.0,45568.0,1024.0,15048.0,53248.0,15360.0,46592.0,1366.0,114.0,0.0,10.0,15.0,58.0,0.0,0.0,0,0,0,0,0,0,1,0,0,0,0,0,1,1,0,0,0,0,0,0,0,0,0,0,0,0,1,0,0,0,0,0,0,0,0,0,1,0,0,0,0,0
13594.0,80.0,3.0,0.0,65535.0,28672.0,3584.0,0.0,4096.0,4194304.0,4096.0,512.0,2322432.0,1024.0,0.0,4096.0,1048576.0,72084.0,4096.0,1536.0,4096.0,114688.0,163840.0,207872.0,15872.0,851.0,3.0,2.0,0.0,0.0,12.0,3.0,21.0,0,0,0,0,0,0,0,0,0,0,0,0,1,1,0,0,0,0,0,0,0,0,0,0,0,0,1,0,0,0,0,0,0,0,0,0,1,0,0,0,0,0
676921.0,144.0,3.0,0.0,65535.0,1316864.0,2048.0,0.0,8192.0,4194304.0,8192.0,512.0,1343488.0,512.0,0.0,4096.0,1048576.0,1316784.0,8192.0,1316864.0,512.0,1444.0,40960.0,1536.0,34816.0,37.0,0.0,3.0,0.0,0.0,3.0,0.0,0.0,0,0,1,0,0,0,1,0,1,0,0,1,1,1,0,0,0,0,0,0,0,0,0,0,0,0,1,0,0,0,0,0,0,0,0,0,1,0,0,0,0,0
6106496.0,144.0,3.0,0.0,65535.0,2031616.0,4096.0,4075520.0,4079616.0,4194304.0,4096.0,512.0,6115328.0,4096.0,0.0,4096.0,1048576.0,376383.0,4096.0,376832.0,1024.0,348432.0,380928.0,348672.0,377856.0,0.0,0.0,0.0,0.0,0.0,0.0,2.0,7.0,1,0,0,1,0,0,1,0,1,0,0,0,1,1,0,0,0,0,0,0,0,0,0,0,0,0,1,0,0,0,0,0,0,0,0,0,1,0,0,0,0,0
4501741.0,144.0,3.0,0.0,65535.0,32768.0,37888.0,0.0,4096.0,4194304.0,4096.0,512.0,4550656.0,1024.0,0.0,4096.0,1048576.0,32344.0,4096.0,32768.0,1024.0,1724.0,36864.0,2048.0,33792.0,26.0,0.0,0.0,0.0,0.0,0.0,8.0,52.0,0,0,1,0,0,0,1,0,0,0,0,0,1,1,0,0,0,0,0,0,0,0,0,0,0,0,1,0,0,0,0,0,0,0,0,0,1,0,0,0,0,0
5344.0,144.0,3.0,0.0,65535.0,14336.0,7168.0,3072.0,4096.0,4194304.0,4096.0,512.0,45056.0,1024.0,24814.0,4096.0,1048576.0,14320.0,4096.0,14336.0,1024.0,1520.0,24576.0,1536.0,15872.0,12.0,0.0,0.0,0.0,0.0,0.0,4.0,60.0,1,0,0,1,0,0,1,0,0,0,0,0,1,1,0,0,0,0,0,0,0,0,0,0,0,0,1,0,0,0,0,0,0,0,0,0,1,0,0,0,0,0
4864.0,144.0,3.0,0.0,65535.0,11776.0,26624.0,512.0,4096.0,4194304.0,4096.0,512.0,53248.0,1024.0,61350.0,4096.0,1048576.0,11332.0,4096.0,11776.0,1024.0,760.0,28672.0,1024.0,21504.0,15.0,0.0,0.0,0.0,0.0,0.0,2.0,23.0,0,0,1,0,0,0,0,0,0,0,1,0,1,1,0,0,0,0,1,0,0,0,0,0,0,0,1,0,0,0,0,0,0,0,0,0,1,0,0,0,0,0
611066.0,144.0,3.0,0.0,65535.0,603136.0,2048.0,0.0,8192.0,4194304.0,8192.0,512.0,630784.0,512.0,0.0,4096.0,1048576.0,602880.0,8192.0,603136.0,512.0,1980.0,16384.0,2048.0,10240.0,39.0,0.0,0.0,0.0,0.0,3.0,1.0,1.0,0,0,1,0,0,0,1,0,0,0,0,1,1,1,0,0,0,0,0,0,0,0,0,0,0,0,1,0,0,0,0,0,0,0,0,0,1,0,0,0,0,0
1351758.0,144.0,3.0,0.0,65535.0,1344000.0,43520.0,0.0,8192.0,4194304.0,8192.0,512.0,1417216.0,512.0,1437408.0,4096.0,1048576.0,1343572.0,8192.0,1344000.0,512.0,720.0,8192.0,1024.0,2560.0,1379.0,24.0,1.0,0.0,0.0,5.0,1.0,1.0,0,0,1,0,0,0,1,0,1,0,0,1,1,1,0,0,0,0,0,0,0,0,0,0,0,0,1,0,0,0,0,0,0,0,0,0,1,0,0,0,0,0
163850.0,144.0,3.0,0.0,65535.0,239104.0,2797568.0,0.0,4096.0,4194304.0,4096.0,512.0,6942720.0,1024.0,92886.0,4096.0,1048576.0,619984.0,4096.0,730624.0,1024.0,45102.0,3833856.0,512.0,37888.0,0.0,3.0,1.0,0.0,0.0,11.0,2.0,305.0,0,0,1,0,0,0,1,0,0,0,0,0,1,1,0,0,0,0,0,0,0,0,0,0,0,0,1,0,0,0,0,0,0,0,0,0,1,0,0,0,1,0
5312.0,144.0,3.0,0.0,65535.0,12800.0,11264.0,1536.0,4096.0,4194304.0,4096.0,512.0,49152.0,1024.0,25913.0,4096.0,1048576.0,12704.0,4096.0,12800.0,1024.0,2908.0,24576.0,3072.0,14336.0,128.0,0.0,0.0,0.0,0.0,4.0,6.0,91.0,0,0,1,0,0,0,1,0,0,0,0,0,1,1,0,0,0,0,0,0,0,0,0,0,0,0,1,0,0,0,0,0,0,0,0,0,1,0,0,0,0,0
1050668.0,144.0,3.0,0.0,65535.0,1202176.0,785920.0,0.0,4096.0,4194304.0,4096.0,512.0,2031616.0,1024.0,2046692.0,4096.0,1048576.0,1201996.0,4096.0,1202176.0,1024.0,280064.0,1208320.0,280064.0,1203200.0,290.0,0.0,0.0,2.0,0.0,1.0,18.0,593.0,0,0,1,0,0,0,1,0,0,0,0,0,1,1,0,0,0,0,0,0,0,0,0,0,0,0,1,0,0,0,0,0,0,0,0,0,1,0,0,0,0,0
7360.0,144.0,3.0,0.0,65535.0,7168.0,11264.0,0.0,4096.0,5368709120.0,4096.0,512.0,36864.0,1024.0,0.0,4096.0,1048576.0,6729.0,4096.0,7168.0,1024.0,7064.0,12288.0,7168.0,8192.0,0.0,0.0,0.0,0.0,0.0,0.0,10.0,73.0,1,0,0,1,0,0,1,0,1,0,0,0,1,1,0,0,0,0,0,0,0,0,0,0,0,0,1,0,0,0,0,0,0,0,0,0,1,0,0,0,0,0
90896.0,144.0,3.0,0.0,65535.0,2560.0,2048.0,0.0,8192.0,4194304.0,8192.0,512.0,32768.0,512.0,0.0,4096.0,1048576.0,2100.0,8192.0,2560.0,512.0,577162.0,118784.0,577536.0,112128.0,60.0,0.0,0.0,0.0,0.0,0.0,0.0,0.0,0,0,0,0,0,0,1,0,0,0,0,1,1,1,0,0,0,0,0,0,0,0,0,0,0,0,1,0,0,0,0,0,0,0,0,0,1,0,0,0,0,0
6741830.0,144.0,3.0,0.0,65535.0,2048.0,2560.0,0.0,4096.0,4194304.0,4096.0,512.0,90112.0,1024.0,0.0,4096.0,1048576.0,2020.0,4096.0,2048.0,1024.0,1496.0,8192.0,1536.0,3072.0,36.0,0.0,0.0,0.0,0.0,0.0,2.0,40.0,0,0,0,0,0,0,1,0,1,0,0,1,1,1,0,0,0,0,0,0,0,0,0,0,0,0,1,1,0,0,0,0,0,0,0,0,1,0,0,0,1,0
122862.0,144.0,3.0,0.0,65535.0,114688.0,8192.0,0.0,8192.0,4194304.0,8192.0,4096.0,139264.0,4096.0,0.0,4096.0,1048576.0,114676.0,8192.0,114688.0,4096.0,1276.0,16384.0,1536.0,8704.0,257.0,0.0,0.0,0.0,0.0,0.0,1.0,1.0,0,0,0,0,0,0,1,0,0,0,0,1,1,1,0,0,0,0,0,0,0,0,0,0,0,0,1,0,0,0,0,0,0,0,0,0,1,0,0,0,0,0
11200.0,144.0,3.0,0.0,65535.0,128512.0,42496.0,0.0,4096.0,4194304.0,4096.0,512.0,196608.0,1024.0,187311.0,4096.0,1048576.0,128149.0,4096.0,128149.0,4096.0,25034.0,135168.0,25034.0,135168.0,5.0,0.0,0.0,0.0,0.0,0.0,5.0,107.0,0,0,1,0,0,0,1,0,0,0,0,0,1,1,0,0,0,0,0,0,0,0,0,0,0,0,1,0,0,0,0,0,0,0,0,0,1,0,0,0,0,0
36958.0,144.0,3.0,0.0,65535.0,29184.0,102400.0,0.0,8192.0,4194304.0,8192.0,512.0,163840.0,1024.0,0.0,4096.0,1048576.0,28772.0,8192.0,29184.0,1024.0,70988.0,917504.0,71168.0,909312.0,31.0,0.0,0.0,0.0,0.0,0.0,1.0,1.0,0,0,1,0,0,0,1,0,0,0,0,1,1,1,0,0,0,0,0,0,0,0,0,0,0,0,1,0,0,0,0,0,0,0,0,0,1,0,0,0,0,0
672592.0,144.0,3.0,0.0,65535.0,5120.0,597504.0,0.0,4096.0,4194304.0,4096.0,512.0,8282112.0,512.0,0.0,4096.0,1048576.0,32676.0,4096.0,94720.0,1024.0,60720.0,53248.0,207872.0,467456.0,0.0,1.0,2.0,0.0,0.0,5.0,2.0,19.0,0,0,0,1,0,0,1,0,0,0,0,0,1,0,0,0,0,0,0,0,0,0,0,0,0,0,1,0,0,0,0,0,0,0,0,0,1,0,0,0,0,0
213000.0,144.0,3.0,0.0,65535.0,696320.0,1669632.0,0.0,4096.0,4194304.0,8192.0,512.0,1179648.0,1024.0,0.0,4096.0,1048576.0,7316.0,4096.0,721408.0,4096.0,35976.0,3293184.0,207872.0,463360.0,798.0,0.0,1.0,0.0,0.0,2.0,0.0,546.0,1,0,0,1,0,0,1,0,1,0,0,0,1,1,0,0,0,0,1,0,0,0,0,0,0,0,1,0,0,0,0,0,0,0,0,0,1,0,0,0,0,0
32096.0,144.0,3.0,0.0,65535.0,4096.0,4096.0,24576.0,28672.0,4194304.0,4096.0,512.0,36864.0,4096.0,0.0,4096.0,1048576.0,97768.0,4096.0,97792.0,1024.0,1170.0,106496.0,1536.0,100352.0,66.0,0.0,3.0,0.0,0.0,2.0,2.0,7.0,0,0,1,0,0,0,0,0,0,0,0,0,1,1,0,0,0,0,0,0,0,0,0,0,0,0,1,1,0,0,0,0,0,0,0,0,1,0,0,0,0,0
3258818.0,14132.0,3.0,39657.0,65535.0,618496.0,228352.0,0.0,4096.0,4194304.0,4096.0,512.0,147456.0,512.0,201987.0,8192.0,1048576.0,370092.0,4096.0,4594688.0,1024.0,733.0,552960.0,3584.0,133120.0,285.0,3.0,2.0,0.0,0.0,10.0,2.0,0.0,0,0,1,0,0,0,1,0,0,0,0,0,1,1,0,0,0,0,0,0,0,0,0,0,0,0,1,0,0,0,0,0,0,0,0,0,1,0,0,0,0,0
12557.0,144.0,3.0,0.0,65535.0,28672.0,3357696.0,0.0,4096.0,5368709120.0,4096.0,512.0,9551872.0,512.0,0.0,4096.0,1048576.0,652338.0,4096.0,62464.0,1536.0,25092.0,274432.0,5632.0,830464.0,865.0,1.0,1.0,0.0,0.0,11.0,0.0,0.0,1,0,1,1,0,0,1,0,1,0,0,0,1,1,0,0,0,0,0,0,0,0,0,0,0,0,1,0,0,0,0,0,0,0,0,0,1,0,0,0,0,0
904400.0,144.0,3.0,0.0,65535.0,299008.0,12288.0,606208.0,610304.0,4194304.0,4096.0,512.0,921600.0,4096.0,0.0,4096.0,1048576.0,1914500.0,8192.0,1914880.0,512.0,72662.0,167936.0,72704.0,163840.0,12.0,0.0,0.0,0.0,0.0,0.0,0.0,0.0,0,0,1,0,0,0,0,0,0,0,0,0,1,1,0,0,0,0,0,0,0,0,0,0,0,0,1,0,0,0,0,0,0,0,0,0,1,0,0,0,0,0
231672.0,144.0,3.0,0.0,65535.0,322048.0,286208.0,0.0,4096.0,5368709120.0,4096.0,512.0,626688.0,1024.0,647399.0,4096.0,1048576.0,321592.0,4096.0,322048.0,1024.0,136956.0,327680.0,137216.0,323072.0,0.0,0.0,0.0,0.0,0.0,0.0,12.0,371.0,1,0,1,1,0,0,1,0,1,0,0,0,1,1,0,0,0,0,0,0,0,0,0,0,0,0,1,0,0,0,0,0,0,0,0,0,1,0,0,0,0,0
4408.0,144.0,3.0,0.0,65535.0,17920.0,18432.0,0.0,4096.0,4194304.0,4096.0,512.0,53248.0,1024.0,77913.0,4096.0,1048576.0,17860.0,4096.0,17920.0,1024.0,10832.0,126976.0,0.0,0.0,1.0,0.0,0.0,0.0,0.0,3.0,1.0,44.0,0,0,1,0,0,0,0,0,0,0,0,0,1,1,0,0,0,0,0,0,0,0,0,0,0,0,1,0,0,0,0,0,0,0,0,0,1,0,0,0,0,0
18222.0,144.0,3.0,0.0,65535.0,10240.0,2048.0,0.0,8192.0,4194304.0,8192.0,512.0,40960.0,512.0,0.0,4096.0,1048576.0,10044.0,8192.0,10240.0,512.0,24.0,8003584.0,512.0,7865344.0,116.0,0.0,0.0,0.0,0.0,4.0,1.0,1.0,0,0,0,0,0,0,1,0,0,0,0,1,1,1,0,0,0,0,0,0,0,0,0,0,0,0,1,0,0,0,0,0,0,0,0,0,1,0,0,0,0,0
4912880.0,144.0,3.0,0.0,65535.0,119296.0,2077696.0,0.0,4096.0,4194304.0,4096.0,512.0,3313664.0,1024.0,0.0,4096.0,1048576.0,258712.0,8192.0,23040.0,1024.0,130966.0,1097728.0,3584.0,636928.0,73.0,3.0,0.0,0.0,0.0,0.0,10.0,0.0,0,0,1,1,0,0,1,0,0,0,0,0,1,1,0,0,0,0,0,0,0,0,0,0,0,0,1,0,0,0,0,0,0,0,0,0,1,0,0,0,0,0
4712.0,144.0,3.0,0.0,65535.0,40960.0,613376.0,0.0,4096.0,5368709120.0,4096.0,512.0,667648.0,1024.0,0.0,4096.0,1048576.0,40576.0,4096.0,40960.0,1024.0,34750.0,45056.0,34816.0,41984.0,0.0,0.0,0.0,0.0,0.0,0.0,2.0,66.0,1,0,1,1,0,0,1,0,1,0,0,0,1,1,0,0,0,0,0,0,0,0,0,0,0,0,1,0,0,0,0,0,0,0,0,0,1,0,0,0,0,0
5423192.0,144.0,3.0,0.0,65535.0,52224.0,3081092.0,0.0,8192.0,4194304.0,8192.0,512.0,8503296.0,1024.0,3102696.0,4096.0,1048576.0,24704.0,4096.0,25088.0,1024.0,1296.0,36864.0,1536.0,26624.0,1.0,0.0,0.0,0.0,0.0,3.0,2.0,2.0,0,0,1,0,0,0,1,0,0,0,0,0,0,1,0,0,0,0,0,0,0,0,0,0,0,0,1,0,0,0,0,0,0,0,0,0,1,0,0,0,0,0
11650.0,144.0,61544.0,0.0,53593.0,80384.0,177664.0,0.0,4096.0,4194304.0,4096.0,512.0,1003520.0,1024.0,92886.0,4096.0,1048576.0,1846548.0,4096.0,8218112.0,1024.0,82566.0,909312.0,0.0,666112.0,0.0,2.0,2.0,0.0,0.0,10.0,3.0,20.0,0,0,1,0,0,0,1,0,1,0,0,0,0,1,0,0,0,0,0,0,0,0,0,0,0,0,1,1,0,0,0,0,0,0,0,0,1,0,0,0,0,0
4280.0,144.0,3.0,0.0,65535.0,36864.0,36864.0,0.0,4096.0,4194304.0,4096.0,4096.0,77824.0,4096.0,127640.0,4096.0,1048576.0,36276.0,4096.0,36864.0,4096.0,3552.0,36864.0,3584.0,29696.0,0.0,0.0,0.0,0.0,0.0,0.0,1.0,17.0,0,0,1,0,0,0,1,0,1,0,0,0,1,1,0,0,0,0,0,0,0,0,0,0,0,0,1,0,0,0,0,0,0,0,0,0,1,0,0,0,0,0
1054060.0,144.0,3.0,0.0,65535.0,2772992.0,126464.0,0.0,4096.0,4194304.0,8192.0,512.0,3014656.0,1024.0,0.0,4096.0,1048576.0,682086.0,8192.0,13824.0,1024.0,76688.0,106496.0,5632.0,37888.0,406.0,2.0,0.0,0.0,0.0,11.0,0.0,205.0,0,0,1,0,0,0,1,0,1,0,0,1,1,1,0,0,0,0,0,0,0,0,0,0,0,0,1,0,0,0,0,0,0,0,0,0,1,0,0,0,0,0
494240.0,144.0,3.0,0.0,65535.0,8192.0,12288.0,0.0,4096.0,4194304.0,4096.0,512.0,28672.0,1024.0,0.0,4096.0,1048576.0,8192.0,4096.0,8192.0,1024.0,2428.0,12288.0,2560.0,9216.0,0.0,0.0,0.0,0.0,0.0,3.0,0.0,0.0,0,0,1,0,0,0,0,0,0,0,0,0,0,1,0,0,0,0,0,0,0,0,0,0,0,0,1,1,0,0,0,0,0,0,0,0,1,0,0,0,0,0
703184.0,80.0,2.0,15.0,65535.0,16156.0,1510.0,0.0,8192.0,4194304.0,8192.0,512.0,32768.0,512.0,0.0,4096.0,1048576.0,16156.0,8192.0,16384.0,512.0,51292.0,548864.0,51712.0,377344.0,142.0,0.0,0.0,0.0,0.0,0.0,0.0,0.0,0,0,1,0,0,0,1,0,1,0,0,1,1,1,0,0,0,0,0,0,0,0,0,0,0,0,1,0,0,0,0,0,0,0,0,0,1,0,0,0,0,0
12908.0,144.0,3.0,0.0,65535.0,24064.0,120320.0,1024.0,4096.0,4194304.0,4096.0,512.0,327680.0,1024.0,0.0,4096.0,1048576.0,23668.0,4096.0,24064.0,1024.0,4502.0,28672.0,4608.0,25088.0,793.0,0.0,0.0,0.0,0.0,5.0,7.0,152.0,0,0,1,0,0,0,0,0,0,0,0,0,0,1,0,0,0,0,0,0,0,0,0,0,0,0,1,0,0,0,0,0,0,0,0,0,1,0,0,0,0,0
13613.0,144.0,3.0,0.0,65535.0,27136.0,186880.0,2048.0,4096.0,4194304.0,4096.0,512.0,421888.0,1024.0,156461.0,4096.0,1048576.0,26775.0,4096.0,27136.0,1024.0,5286.0,32768.0,5632.0,28160.0,1334.0,0.0,0.0,0.0,0.0,0.0,7.0,165.0,0,0,1,0,0,0,1,0,0,0,0,1,1,1,0,0,0,0,0,0,0,0,0,0,0,0,1,0,0,0,0,0,0,0,0,0,1,0,0,0,0,0
6301.0,144.0,3.0,0.0,65535.0,61440.0,8192.0,0.0,4096.0,4194304.0,4096.0,4096.0,10993664.0,4096.0,7100771.0,4096.0,1048576.0,60608.0,4096.0,0.0,0.0,188686.0,585728.0,188928.0,582144.0,58.0,0.0,0.0,0.0,0.0,2.0,0.0,0.0,0,0,1,0,0,0,1,0,0,0,0,0,0,1,0,0,0,0,0,0,0,0,0,0,0,0,1,0,0,0,0,0,0,0,0,0,1,0,0,0,0,0
9573684.0,144.0,3.0,0.0,65535.0,9569792.0,1426432.0,0.0,4096.0,4194304.0,4096.0,512.0,155705344.0,1024.0,11006377.0,4096.0,1048576.0,9569567.0,4096.0,9569792.0,1024.0,1297144.0,9576448.0,1297408.0,9570816.0,0.0,0.0,0.0,0.0,0.0,0.0,19.0,517.0,0,0,1,0,0,0,0,0,0,0,0,0,0,1,0,0,0,0,0,0,0,0,0,0,0,0,1,0,0,0,0,0,0,0,0,0,1,0,0,0,0,0
13871.0,144.0,3.0,0.0,65535.0,37888.0,17408.0,0.0,4096.0,4194304.0,4096.0,512.0,77824.0,1024.0,80060.0,4096.0,1048576.0,37828.0,4096.0,37888.0,1024.0,8600.0,45056.0,8704.0,38912.0,228.0,2.0,0.0,0.0,0.0,3.0,0.0,0.0,0,0,0,0,0,0,1,0,0,0,0,0,1,1,0,0,0,0,0,0,0,0,0,0,0,0,1,0,0,0,0,0,0,0,0,0,1,0,0,0,0,0
28544.0,144.0,3.0,0.0,65535.0,118272.0,16384.0,0.0,4096.0,4194304.0,4096.0,512.0,143360.0,1024.0,208853.0,8192.0,1048576.0,117988.0,4096.0,118272.0,1024.0,22.0,12288.0,512.0,8192.0,0.0,0.0,0.0,0.0,0.0,5.0,7.0,140.0,0,0,0,0,0,0,1,0,0,0,0,0,1,1,0,0,0,0,0,0,0,0,0,0,0,0,1,0,0,0,0,0,0,0,0,0,1,0,0,0,0,0
1148208.0,144.0,3.0,0.0,65535.0,4608.0,599040.0,0.0,4096.0,4194304.0,4096.0,512.0,1916928.0,1024.0,0.0,16384.0,1048576.0,1167008.0,4096.0,101888.0,15360.0,776704.0,8003584.0,3584.0,1206272.0,876.0,3.0,2.0,0.0,0.0,11.0,0.0,0.0,1,0,0,1,0,0,1,0,1,0,0,0,1,1,0,0,0,0,0,0,0,0,0,0,0,0,1,1,0,0,0,0,0,0,0,0,1,0,0,0,0,0
6824.0,144.0,3.0,0.0,65535.0,309248.0,359936.0,0.0,4096.0,5368709120.0,4096.0,512.0,688128.0,1024.0,0.0,4096.0,1048576.0,309200.0,4096.0,309248.0,1024.0,67348.0,315392.0,67584.0,310272.0,2.0,0.0,0.0,0.0,0.0,0.0,1.0,91.0,1,0,1,1,0,0,1,0,1,0,0,0,1,1,0,0,0,0,0,0,0,0,0,0,0,0,1,0,0,0,0,0,0,0,0,0,1,0,0,0,0,0
906190.0,144.0,3.0,0.0,65535.0,898048.0,19456.0,0.0,8192.0,4194304.0,8192.0,512.0,942080.0,512.0,0.0,4096.0,1048576.0,898004.0,8192.0,898048.0,512.0,188686.0,585728.0,188928.0,582144.0,64.0,8.0,0.0,0.0,0.0,3.0,1.0,1.0,0,0,1,0,0,0,1,0,0,0,0,1,1,1,0,0,0,0,0,0,0,0,0,0,0,0,1,0,0,0,0,0,0,0,0,0,1,0,0,0,0,0
163850.0,144.0,3.0,0.0,65535.0,28672.0,102400.0,0.0,8192.0,5368709120.0,8192.0,512.0,1003520.0,512.0,0.0,4096.0,1048576.0,15830.0,4096.0,1532928.0,1024.0,733.0,94208.0,4096.0,131072.0,0.0,1.0,0.0,0.0,0.0,2.0,6.0,0.0,0,0,0,0,0,0,1,0,1,0,0,1,1,1,0,0,0,0,0,0,0,0,0,0,0,0,1,0,0,0,0,0,0,0,0,0,1,0,0,0,0,0
544208.0,144.0,3.0,0.0,65535.0,548352.0,98304.0,0.0,4096.0,5368709120.0,4096.0,512.0,663552.0,1024.0,0.0,4096.0,1048576.0,548028.0,4096.0,548352.0,1024.0,83912.0,552960.0,83968.0,549376.0,0.0,0.0,0.0,0.0,0.0,0.0,20.0,186.0,1,0,0,1,0,0,1,0,1,0,0,0,1,1,0,0,0,0,0,0,0,0,0,0,0,0,1,0,0,0,0,0,0,0,0,0,1,0,0,0,0,0
428577.0,144.0,3.0,0.0,65535.0,4594688.0,585728.0,0.0,4096.0,4194304.0,4096.0,512.0,286720.0,1024.0,0.0,4096.0,1048576.0,1216099.0,4096.0,25600.0,1024.0,1136916.0,610304.0,12288.0,37888.0,900.0,0.0,2.0,0.0,0.0,12.0,2.0,21.0,0,0,1,0,0,0,1,0,1,0,0,0,1,1,0,0,0,0,0,0,0,0,0,0,0,0,1,0,0,0,0,0,0,0,0,0,1,0,0,0,0,0
4816.0,144.0,3.0,0.0,65535.0,3584.0,7680.0,0.0,4096.0,5368709120.0,4096.0,512.0,28672.0,1024.0,0.0,4096.0,1048576.0,3388.0,4096.0,3584.0,1024.0,3868.0,8192.0,4096.0,4608.0,0.0,0.0,0.0,0.0,0.0,0.0,7.0,44.0,1,0,0,1,0,0,1,0,1,0,0,0,1,1,0,0,0,0,0,0,0,0,0,0,0,0,1,0,0,0,0,0,0,0,0,0,1,0,0,0,0,0
5344.0,144.0,3.0,0.0,65535.0,36395.0,438.0,0.0,8192.0,4194304.0,8192.0,512.0,57344.0,512.0,91738.0,4096.0,1048576.0,36395.0,8192.0,36864.0,512.0,3752.0,24576.0,4096.0,16896.0,10.0,0.0,0.0,0.0,0.0,2.0,0.0,0.0,0,0,1,0,0,0,1,0,1,0,0,1,1,1,0,0,0,0,0,0,0,0,0,0,0,0,1,0,0,0,0,0,0,0,0,0,1,0,0,0,0,0
4096.0,144.0,3.0,0.0,65535.0,70144.0,20992.0,0.0,4096.0,4194304.0,4096.0,512.0,106496.0,1024.0,0.0,4096.0,1048576.0,54850.0,20480.0,55296.0,15872.0,13224.0,77824.0,13312.0,71168.0,1571.0,0.0,0.0,3.0,0.0,0.0,9.0,134.0,0,0,0,0,0,0,1,0,0,0,0,0,1,1,0,0,0,0,0,0,0,0,0,0,0,0,1,0,0,0,0,0,0,0,0,0,1,0,0,0,0,0
606218.0,144.0,3.0,0.0,65535.0,427008.0,156672.0,0.0,163840.0,4194304.0,8192.0,512.0,622592.0,1024.0,0.0,4096.0,1048576.0,426148.0,163840.0,426496.0,156160.0,27254.0,81920.0,27648.0,78848.0,640.0,0.0,0.0,1.0,0.0,0.0,1.0,1.0,0,0,1,0,0,0,1,0,1,0,0,1,1,1,0,0,0,0,0,0,0,0,0,0,0,0,1,0,0,0,0,0,0,0,0,0,1,0,0,0,0,0
606274.0,144.0,3.0,0.0,65535.0,40960.0,8192.0,0.0,4096.0,4194304.0,4096.0,4096.0,53248.0,4096.0,107241.0,4096.0,1048576.0,40704.0,4096.0,40960.0,4096.0,13221.0,77824.0,13312.0,71680.0,11.0,0.0,0.0,0.0,0.0,2.0,0.0,0.0,0,0,1,0,0,0,1,0,1,0,0,1,1,1,0,0,0,0,0,0,0,0,0,0,0,0,1,0,0,0,0,0,0,0,0,0,1,0,0,0,0,0
10878.0,144.0,3.0,0.0,65535.0,3072.0,2048.0,0.0,8192.0,4194304.0,8192.0,512.0,32768.0,512.0,0.0,4096.0,1048576.0,2692.0,8192.0,3072.0,512.0,24432.0,32768.0,24576.0,32768.0,58.0,0.0,0.0,0.0,0.0,0.0,1.0,1.0,0,0,1,0,0,0,1,0,1,0,0,1,1,1,0,0,0,0,0,0,0,0,0,0,0,0,1,0,0,0,0,0,0,0,0,0,1,0,0,0,0,0
729254.0,144.0,3.0,0.0,65535.0,2875392.0,40960.0,2498560.0,2502656.0,4194304.0,4096.0,512.0,5419008.0,4096.0,0.0,4096.0,1048576.0,97275.0,4096.0,97280.0,1024.0,13268.0,102400.0,13312.0,98304.0,50.0,0.0,0.0,0.0,0.0,0.0,16.0,19.0,0,0,1,0,0,0,1,0,0,0,0,1,1,1,0,0,0,0,0,0,0,0,0,0,0,0,1,0,0,0,0,0,0,0,0,0,1,0,0,0,0,0
4864.0,144.0,3.0,0.0,65535.0,11776.0,26624.0,512.0,4096.0,4194304.0,4096.0,512.0,53248.0,1024.0,61350.0,4096.0,1048576.0,11332.0,4096.0,11776.0,1024.0,760.0,28672.0,1024.0,21504.0,4.0,0.0,0.0,0.0,0.0,0.0,2.0,23.0,0,0,1,0,0,0,1,0,0,0,0,1,1,1,0,0,0,0,1,0,0,0,0,0,0,0,1,0,0,0,0,0,0,0,0,0,1,0,0,0,0,0
946165.0,17739.0,3.0,0.0,65535.0,1798144.0,91136.0,0.0,4096.0,4194304.0,8192.0,512.0,269448.0,1024.0,100097.0,4096.0,1048576.0,65092.0,8192.0,434688.0,1024.0,258842.0,163840.0,1063424.0,2101248.0,902.0,0.0,1.0,3.0,0.0,0.0,0.0,143.0,1,0,0,1,0,0,1,0,0,0,0,0,0,1,0,0,0,0,1,0,0,0,0,0,0,0,1,0,0,0,0,0,0,0,0,0,1,0,0,1,0,0
4096.0,144.0,3.0,0.0,65535.0,90112.0,209920.0,0.0,4096.0,5368709120.0,4096.0,512.0,319488.0,1024.0,0.0,4096.0,1048576.0,66245.0,28672.0,66560.0,24576.0,19245.0,98304.0,19456.0,91136.0,28462.0,0.0,0.0,14.0,24.0,29.0,9.0,128.0,1,0,1,1,0,0,1,0,0,0,0,1,1,1,0,0,0,0,0,0,0,0,0,0,0,0,1,0,0,0,0,0,0,0,0,0,1,0,0,0,0,0
107871.0,144.0,2.0,0.0,65535.0,1024.0,126464.0,0.0,1167360.0,65536.0,8192.0,512.0,81920.0,1024.0,0.0,4096.0,1048576.0,370092.0,4096.0,2055680.0,1024.0,170890.0,970752.0,1059840.0,286720.0,900.0,3.0,0.0,0.0,0.0,0.0,1.0,242.0,0,0,0,0,0,0,1,0,0,0,0,1,1,1,0,0,0,0,0,0,0,0,0,0,0,0,1,0,0,0,0,0,0,0,0,0,1,0,0,0,0,0
4680.0,144.0,3.0,0.0,65535.0,497152.0,5632.0,0.0,4096.0,4194304.0,4096.0,512.0,516096.0,1024.0,0.0,4096.0,1048576.0,496868.0,4096.0,497152.0,1024.0,62574.0,57344.0,62976.0,53760.0,2.0,0.0,0.0,0.0,0.0,0.0,3.0,30.0,0,0,1,0,0,0,0,0,0,0,0,0,0,1,0,0,0,0,0,0,0,0,0,0,0,0,1,0,0,0,0,0,0,0,0,0,1,0,0,0,0,0
518606.0,144.0,3.0,0.0,65535.0,934400.0,387072.0,0.0,4096.0,4194304.0,4096.0,512.0,1781760.0,1024.0,0.0,4096.0,1048576.0,934214.0,438272.0,934400.0,1024.0,207676.0,1376256.0,207872.0,935424.0,26.0,0.0,0.0,0.0,0.0,3.0,0.0,0.0,0,0,0,0,0,0,1,0,0,0,0,0,1,1,0,0,0,0,0,0,0,0,0,0,0,0,1,0,0,0,0,0,0,0,0,0,1,0,0,0,0,0
1151517.0,64.0,1.0,0.0,65535.0,33280.0,1103872.0,0.0,4096.0,4194304.0,4096.0,512.0,2240512.0,512.0,0.0,28672.0,1048576.0,1065754.0,4096.0,1065984.0,1024.0,272435.0,1073152.0,272896.0,1067008.0,1971.0,80.0,0.0,0.0,0.0,0.0,9.0,10.0,0,0,1,0,0,0,1,0,0,0,0,0,1,1,0,0,0,0,0,0,0,0,0,0,0,0,1,0,0,0,0,0,0,0,0,0,1,0,0,0,0,0
14168.0,144.0,3.0,0.0,65535.0,12288.0,21504.0,0.0,4096.0,4194304.0,4096.0,512.0,40960.0,1024.0,0.0,4096.0,1048576.0,12252.0,4096.0,12288.0,1024.0,2840.0,16384.0,3072.0,13312.0,12.0,0.0,0.0,0.0,0.0,0.0,5.0,97.0,0,0,1,0,0,0,0,0,0,0,0,0,1,1,0,0,0,0,0,0,0,0,0,0,0,0,1,0,0,0,0,0,0,0,0,0,1,0,0,0,0,0
7088.0,144.0,3.0,0.0,65535.0,20480.0,18432.0,0.0,4096.0,4194304.0,4096.0,512.0,45056.0,1024.0,0.0,4096.0,1048576.0,20038.0,4096.0,20480.0,1024.0,1928.0,24576.0,2048.0,21504.0,1.0,0.0,0.0,0.0,0.0,5.0,1.0,37.0,0,0,0,0,0,0,1,0,0,0,0,0,1,1,0,0,0,0,0,0,0,0,0,0,0,0,1,0,0,0,0,0,0,0,0,0,1,0,0,0,0,0
148197.0,144.0,3.0,0.0,65535.0,5818368.0,3584.0,0.0,4096.0,4194304.0,4096.0,512.0,73728.0,4096.0,0.0,4096.0,1048576.0,426197.0,4096.0,94720.0,512.0,8600.0,360448.0,12288.0,68608.0,2849.0,0.0,1.0,0.0,0.0,0.0,0.0,0.0,0,0,1,0,0,0,1,0,0,0,0,0,1,1,0,0,0,0,1,0,0,0,0,0,0,0,1,1,0,0,0,0,0,0,0,0,1,0,0,0,0,0
36865.0,30310.0,32201.0,39657.0,53593.0,20480.0,12288.0,0.0,4096.0,4194304.0,4096.0,512.0,53248.0,1536.0,61003.0,4096.0,1048576.0,20480.0,4096.0,7168.0,2048.0,978.0,8192.0,4096.0,8192.0,0.0,0.0,0.0,0.0,0.0,0.0,2.0,0.0,0,0,1,0,0,0,1,0,0,0,0,1,1,0,0,0,0,0,1,0,0,0,0,0,0,0,1,1,0,0,0,0,0,0,0,0,1,0,0,0,0,0
8560.0,144.0,3.0,0.0,65535.0,8192.0,12288.0,0.0,4096.0,4194304.0,4096.0,512.0,28672.0,1024.0,0.0,4096.0,1048576.0,8192.0,4096.0,8192.0,1024.0,2428.0,12288.0,2560.0,9216.0,3241.0,109.0,1.0,0.0,0.0,0.0,7.0,86.0,0,0,1,0,0,0,0,0,0,0,0,0,0,1,0,0,0,0,0,0,0,0,0,0,0,0,1,1,0,0,0,0,0,0,0,0,1,0,0,0,0,0
8851454.0,144.0,3.0,0.0,65535.0,8843776.0,3072.0,0.0,8192.0,4194304.0,8192.0,512.0,8871936.0,512.0,0.0,4096.0,1048576.0,8843268.0,8192.0,8843776.0,512.0,93634.0,12288.0,93696.0,6144.0,198.0,0.0,0.0,0.0,0.0,0.0,1.0,1.0,0,0,1,0,0,0,1,0,0,0,0,1,1,1,0,0,0,0,0,0,0,0,0,0,0,0,1,0,0,0,0,0,0,0,0,0,1,0,0,0,0,0
24736.0,144.0,3.0,0.0,65535.0,25088.0,36864.0,0.0,4096.0,4194304.0,4096.0,512.0,81920.0,1024.0,85831.0,49152.0,1048576.0,24788.0,4096.0,25088.0,1024.0,2172.0,8192.0,4096.0,8192.0,146.0,2.0,0.0,0.0,0.0,0.0,0.0,0.0,0,0,1,0,0,0,1,0,0,0,0,0,0,1,0,0,0,0,0,0,0,0,0,0,0,0,1,0,0,0,0,0,0,0,0,0,1,0,0,0,0,0
4736.0,144.0,3.0,0.0,65535.0,1536.0,4608.0,0.0,4096.0,4194304.0,4096.0,512.0,28672.0,1024.0,0.0,4096.0,1048576.0,1150.0,4096.0,1536.0,1024.0,12.0,8192.0,512.0,2560.0,2.0,0.0,0.0,0.0,0.0,0.0,4.0,30.0,0,0,1,0,0,0,1,0,0,0,0,1,1,1,0,0,0,0,0,0,0,0,0,0,0,0,1,0,0,0,0,0,0,0,0,0,1,0,0,0,0,0
7590.0,144.0,3.0,0.0,65535.0,37888.0,17408.0,0.0,4096.0,4194304.0,4096.0,512.0,77824.0,1024.0,80060.0,4096.0,1048576.0,37828.0,4096.0,37888.0,1024.0,8600.0,45056.0,8704.0,38912.0,4.0,0.0,0.0,0.0,0.0,2.0,2.0,96.0,0,0,0,0,0,0,1,0,0,0,0,0,1,1,0,0,0,0,0,0,0,0,0,0,0,0,1,0,0,0,0,0,0,0,0,0,1,0,0,0,0,0
1054060.0,144.0,3.0,0.0,65535.0,478208.0,129024.0,0.0,4096.0,4194304.0,4096.0,512.0,81920.0,1536.0,0.0,4096.0,1048576.0,17676.0,4096.0,829440.0,4096.0,221704.0,638976.0,10752.0,26112.0,888.0,3.0,0.0,0.0,0.0,11.0,3.0,0.0,0,0,0,0,0,0,0,0,0,0,0,0,0,1,0,0,0,0,0,0,0,0,0,0,0,0,1,0,0,0,0,0,0,0,0,0,1,0,0,0,0,0
462373.0,144.0,3.0,0.0,65535.0,64000.0,50688.0,0.0,8192.0,4194304.0,8192.0,512.0,679936.0,1024.0,0.0,4096.0,1048576.0,63844.0,8192.0,0.0,0.0,3523528.0,4341760.0,3523584.0,4337152.0,28.0,0.0,0.0,0.0,0.0,0.0,1.0,1.0,0,0,1,0,0,0,1,0,0,0,0,1,1,1,0,0,0,0,0,0,0,0,0,0,0,0,1,0,0,0,0,0,0,0,0,0,1,0,0,0,0,0
903760.0,144.0,3.0,0.0,65535.0,385024.0,20480.0,516096.0,520192.0,4194304.0,4096.0,512.0,925696.0,4096.0,0.0,4096.0,1048576.0,201530.0,4096.0,201728.0,1024.0,42514.0,208896.0,43008.0,202752.0,6.0,0.0,0.0,0.0,0.0,3.0,3.0,8.0,0,0,0,0,0,0,1,0,0,0,0,0,1,1,0,0,0,0,0,0,0,0,0,0,0,0,1,0,0,0,0,0,0,0,0,0,1,0,0,0,0,0
778966.0,144.0,3.0,0.0,65535.0,771072.0,183808.0,0.0,8192.0,4194304.0,8192.0,512.0,983040.0,512.0,0.0,4096.0,1048576.0,770780.0,8192.0,771072.0,512.0,2750.0,8192.0,3072.0,4608.0,45.0,0.0,0.0,0.0,0.0,0.0,1.0,1.0,0,0,1,0,0,0,1,0,1,0,0,1,1,1,0,0,0,0,0,0,0,0,0,0,0,0,1,0,0,0,0,0,0,0,0,0,1,0,0,0,0,0
0.0,144.0,3.0,0.0,65535.0,31232.0,50688.0,0.0,57344.0,5368709120.0,8192.0,512.0,98304.0,512.0,0.0,16384.0,1048576.0,31160.0,57344.0,31232.0,49664.0,1576.0,16384.0,2048.0,7680.0,0.0,0.0,0.0,0.0,0.0,0.0,0.0,0.0,1,0,1,1,0,0,1,0,0,0,0,1,1,1,0,0,0,0,0,0,0,0,0,0,0,0,1,0,0,0,0,0,0,0,0,0,1,0,0,0,0,0
1229710.0,144.0,3.0,0.0,65535.0,19216896.0,26331136.0,355328.0,4096.0,5368709120.0,4096.0,512.0,26718208.0,1024.0,19679330.0,4096.0,1048576.0,19216760.0,4096.0,19216896.0,1024.0,200736.0,19259392.0,201216.0,19253248.0,116.0,14.0,0.0,0.0,0.0,5.0,0.0,0.0,0,0,1,0,0,0,1,0,1,0,0,0,1,0,0,0,0,0,1,0,0,0,0,0,0,0,1,0,0,0,0,0,0,0,0,0,1,0,0,0,0,0
4400.0,144.0,3.0,0.0,65535.0,36864.0,8192.0,0.0,4096.0,4194304.0,4096.0,4096.0,49152.0,4096.0,68817.0,4096.0,1048576.0,33008.0,4096.0,36864.0,4096.0,8574.0,24576.0,8704.0,19968.0,90.0,0.0,0.0,0.0,0.0,3.0,1.0,29.0,0,0,1,0,0,0,1,0,0,0,0,0,1,1,0,0,0,0,0,0,0,0,0,0,0,0,1,0,0,0,0,0,0,0,0,0,1,0,0,0,0,0
270594.0,144.0,3.0,0.0,65535.0,421376.0,512.0,0.0,8192.0,4194304.0,8192.0,512.0,442368.0,512.0,0.0,4096.0,1048576.0,421368.0,8192.0,421376.0,512.0,35158.0,114688.0,35328.0,110080.0,24.0,0.0,0.0,0.0,0.0,0.0,1.0,1.0,0,0,0,0,0,0,1,0,0,0,0,1,1,1,0,0,0,0,0,0,0,0,0,0,0,0,1,0,0,0,0,0,0,0,0,0,1,0,0,0,0,0
26270.0,144.0,3.0,0.0,65535.0,18432.0,170496.0,0.0,8192.0,4194304.0,8192.0,512.0,196608.0,512.0,0.0,4096.0,1048576.0,18084.0,8192.0,18432.0,512.0,52656.0,139264.0,52736.0,136192.0,72.0,0.0,0.0,0.0,0.0,0.0,1.0,1.0,0,0,0,0,0,0,1,0,1,0,0,1,1,1,0,0,0,0,0,0,0,0,0,0,0,0,1,0,0,0,0,0,0,0,0,0,1,0,0,0,0,0
4864.0,144.0,3.0,0.0,65535.0,18432.0,38912.0,36864.0,4096.0,4194304.0,4096.0,512.0,110592.0,1024.0,99369.0,4096.0,1048576.0,18216.0,4096.0,18432.0,1024.0,1280.0,28672.0,1536.0,19968.0,64.0,0.0,0.0,0.0,0.0,0.0,5.0,87.0,0,0,1,0,0,0,1,0,0,0,0,1,1,0,0,0,0,0,0,0,0,0,0,0,0,0,1,0,0,0,0,0,0,0,0,0,1,0,0,0,0,0
7717.0,144.0,3.0,0.0,65535.0,42496.0,27136.0,0.0,4096.0,4194304.0,4096.0,512.0,81920.0,1024.0,0.0,4096.0,1048576.0,42180.0,4096.0,42496.0,1024.0,10086.0,49152.0,10240.0,43520.0,52.0,0.0,0.0,0.0,0.0,0.0,12.0,134.0,0,0,0,0,0,0,0,0,0,0,0,0,1,1,0,0,0,0,0,0,0,0,0,0,0,0,1,0,0,0,0,0,0,0,0,0,1,0,0,0,0,0
641028.0,80.0,2.0,15.0,65535.0,637440.0,314880.0,0.0,4096.0,4194304.0,4096.0,512.0,978944.0,1024.0,0.0,16384.0,1048576.0,417458.0,4096.0,417792.0,1024.0,24.0,675840.0,512.0,657408.0,1.0,0.0,0.0,0.0,0.0,0.0,10.0,161.0,0,0,1,0,0,0,1,0,0,0,0,0,1,1,0,0,0,0,0,0,0,0,0,0,0,0,1,0,0,0,0,0,0,0,0,0,1,0,0,0,0,0
163850.0,144.0,3.0,0.0,65535.0,696320.0,2048.0,0.0,4096.0,4194304.0,8192.0,512.0,10252288.0,512.0,0.0,4096.0,1048576.0,257093.0,8192.0,94720.0,1024.0,479000.0,172032.0,512.0,1029120.0,895.0,0.0,0.0,0.0,0.0,9.0,1.0,21.0,0,0,1,0,0,0,1,0,0,0,0,0,1,1,0,0,0,0,0,0,0,0,0,0,0,0,1,0,0,0,0,0,0,0,0,0,1,0,0,0,0,0
769924540.0,144.0,3.0,0.0,65535.0,546304.0,204800.0,0.0,4096.0,4194304.0,4096.0,512.0,761856.0,1024.0,767068.0,4096.0,1048576.0,545876.0,4096.0,546304.0,1024.0,151418.0,552960.0,151552.0,547328.0,1.0,0.0,0.0,0.0,0.0,2.0,0.0,0.0,0,0,1,0,0,0,0,0,0,0,0,0,1,1,0,0,0,0,0,0,0,0,0,0,0,0,1,0,0,0,0,0,0,0,0,0,1,0,0,0,0,0
228670.0,144.0,3.0,0.0,65535.0,383488.0,619520.0,0.0,4096.0,4194304.0,4096.0,512.0,1019904.0,1024.0,1057235.0,8192.0,1048576.0,383416.0,4096.0,383488.0,1024.0,13224.0,77824.0,13312.0,71168.0,35.0,0.0,0.0,0.0,0.0,4.0,10.0,216.0,0,0,1,0,0,0,1,0,0,0,0,0,1,1,0,0,0,0,0,0,0,0,0,0,0,0,1,0,0,0,0,0,0,0,0,0,1,0,0,0,0,0
380864.0,144.0,3.0,0.0,65535.0,3993088.0,2048.0,0.0,4096.0,4194304.0,8192.0,512.0,81920.0,1024.0,0.0,4096.0,1048576.0,20480.0,4096.0,8192.0,4096.0,24.0,147456.0,512.0,935424.0,864.0,0.0,2.0,0.0,0.0,12.0,1.0,21.0,0,0,1,0,0,0,1,0,0,0,0,1,1,1,0,0,0,0,0,0,0,0,0,0,0,0,1,0,0,0,0,0,0,0,0,0,1,0,0,0,0,0
4832.0,144.0,3.0,0.0,65535.0,12800.0,21504.0,512.0,4096.0,4194304.0,4096.0,512.0,73728.0,1024.0,98212.0,4096.0,1048576.0,12652.0,4096.0,12800.0,1024.0,812.0,24576.0,1024.0,14336.0,1.0,0.0,0.0,0.0,0.0,1.0,7.0,48.0,0,0,0,0,0,0,1,0,0,0,0,0,1,1,0,0,0,0,1,0,0,0,0,0,0,0,1,0,0,0,0,0,0,0,0,0,1,0,0,0,0,0
15820.0,120.0,2.0,0.0,65535.0,285184.0,369152.0,0.0,4096.0,4194304.0,4096.0,512.0,17014784.0,1024.0,77818.0,4096.0,1048576.0,204400.0,4096.0,0.0,1024.0,3978944.0,122880.0,64512.0,2587648.0,253.0,0.0,0.0,0.0,0.0,0.0,2.0,10.0,0,0,0,0,0,0,1,0,0,0,0,0,1,1,0,0,0,0,0,0,0,0,0,0,0,0,1,0,0,0,0,0,0,0,0,0,1,0,0,0,0,0
19462928.0,144.0,3.0,0.0,65535.0,1798144.0,750592.0,0.0,4096.0,4194304.0,4096.0,512.0,356352.0,4096.0,1296063.0,4096.0,1048576.0,39901.0,4096.0,1488384.0,0.0,25022.0,32768.0,536064.0,18944.0,280.0,0.0,0.0,0.0,0.0,11.0,3.0,4.0,1,0,1,1,0,0,1,0,1,0,0,0,1,1,0,0,0,0,0,0,0,0,0,0,0,0,1,0,0,0,0,0,0,0,0,0,1,0,0,0,0,0
845422.0,144.0,3.0,0.0,65535.0,837632.0,5120.0,0.0,8192.0,4194304.0,8192.0,512.0,868352.0,512.0,0.0,4096.0,1048576.0,837300.0,8192.0,837632.0,512.0,532.0,8192.0,1024.0,2048.0,15.0,0.0,0.0,0.0,0.0,0.0,1.0,1.0,0,0,1,0,0,0,1,0,0,0,0,1,1,1,0,0,0,0,0,0,0,0,0,0,0,0,1,0,0,0,0,0,0,0,0,0,1,0,0,0,0,0
4817.0,144.0,3.0,0.0,65535.0,16384.0,16384.0,0.0,4096.0,4194304.0,4096.0,4096.0,36864.0,4096.0,0.0,4096.0,1048576.0,15830.0,4096.0,16384.0,4096.0,2302.0,20480.0,4096.0,20480.0,6.0,0.0,0.0,0.0,0.0,0.0,2.0,48.0,0,0,1,0,0,0,0,0,0,0,0,0,0,1,0,0,0,0,0,0,0,0,0,0,0,0,1,0,0,0,0,0,0,0,0,0,1,0,0,0,0,0
2228958.0,144.0,3.0,0.0,65535.0,2221056.0,215040.0,0.0,8192.0,4194304.0,8192.0,512.0,2465792.0,512.0,0.0,4096.0,1048576.0,2220772.0,8192.0,2221056.0,512.0,24.0,57344.0,512.0,40448.0,0.0,0.0,0.0,0.0,0.0,0.0,0.0,0.0,0,0,1,0,0,0,1,0,0,0,0,1,1,1,0,0,0,0,0,0,0,0,0,0,0,0,1,0,0,0,0,0,0,0,0,0,1,0,0,0,0,0
4592.0,144.0,3.0,0.0,65535.0,33280.0,4608.0,1024.0,4096.0,4194304.0,4096.0,512.0,53248.0,1024.0,0.0,4096.0,1048576.0,30320.0,4096.0,30720.0,1024.0,5344.0,40960.0,5632.0,36352.0,14.0,0.0,0.0,0.0,0.0,0.0,3.0,74.0,0,0,1,0,0,0,1,0,1,0,0,0,1,1,0,0,0,0,0,0,0,0,0,0,0,0,1,0,0,0,0,0,0,0,0,0,1,0,0,0,0,0
7000.0,144.0,3.0,0.0,65535.0,94208.0,376832.0,0.0,4096.0,4194304.0,4096.0,4096.0,475136.0,4096.0,538194.0,4096.0,1048576.0,92540.0,4096.0,94208.0,4096.0,27530.0,98304.0,27648.0,94208.0,12.0,0.0,0.0,0.0,0.0,0.0,0.0,0.0,0,0,1,0,0,0,1,0,0,0,0,0,1,1,0,0,0,0,0,0,0,0,0,0,0,0,1,0,0,0,0,0,0,0,0,0,1,0,0,0,0,0
546768.0,144.0,3.0,0.0,65535.0,838144.0,450048.0,0.0,4096.0,5368709120.0,4096.0,512.0,1318912.0,1024.0,1341221.0,4096.0,1048576.0,837982.0,4096.0,838144.0,1024.0,382940.0,843776.0,382976.0,839168.0,0.0,0.0,0.0,0.0,0.0,0.0,15.0,252.0,1,0,0,1,0,0,1,0,1,0,0,0,1,1,0,0,0,0,0,0,0,0,0,0,0,0,1,0,0,0,0,0,0,0,0,0,1,0,0,0,0,0
13784.0,144.0,3.0,0.0,65535.0,26112.0,141824.0,2048.0,4096.0,4194304.0,4096.0,512.0,245760.0,1024.0,0.0,4096.0,1048576.0,25970.0,4096.0,26112.0,1024.0,5016.0,32768.0,5120.0,27136.0,0.0,0.0,0.0,0.0,0.0,0.0,7.0,165.0,0,0,1,0,0,0,1,0,0,0,0,1,1,1,0,0,0,0,0,0,0,0,0,0,0,0,1,0,0,0,0,0,0,0,0,0,1,0,0,0,0,0
6320.0,144.0,3.0,0.0,65535.0,45056.0,335872.0,0.0,4096.0,4194304.0,4096.0,4096.0,393216.0,4096.0,422322.0,4096.0,1048576.0,42218.0,4096.0,45056.0,4096.0,8110.0,49152.0,8192.0,49152.0,15.0,0.0,0.0,0.0,0.0,5.0,2.0,78.0,0,0,1,0,0,0,1,0,0,0,0,0,1,1,0,0,0,0,0,0,0,0,0,0,0,0,1,0,0,0,0,0,0,0,0,0,1,0,0,0,0,0
17557.0,144.0,3.0,0.0,65535.0,159232.0,262656.0,0.0,4096.0,50331648.0,4096.0,512.0,434176.0,1024.0,465498.0,4096.0,1048576.0,159047.0,4096.0,159232.0,1024.0,18080.0,163840.0,18432.0,160256.0,48.0,0.0,0.0,0.0,0.0,5.0,4.0,106.0,0,0,1,0,0,0,0,0,0,0,0,0,0,1,0,0,0,0,0,0,0,0,0,0,0,0,1,0,0,0,0,0,0,0,0,0,1,0,0,0,0,0
25764.0,144.0,2.0,17680.0,63790.0,55296.0,199168.0,0.0,4096.0,4194304.0,4096.0,512.0,548864.0,4096.0,92886.0,16384.0,1048576.0,655600.0,4096.0,824832.0,1024.0,21884.0,327680.0,68096.0,702976.0,847.0,0.0,0.0,0.0,0.0,86.0,5.0,8.0,0,0,0,0,0,0,1,0,1,0,0,0,0,1,0,0,0,0,0,0,0,0,0,0,0,0,1,0,0,0,0,0,0,0,0,0,1,0,0,0,0,0
17557.0,144.0,3.0,0.0,65535.0,391168.0,506880.0,0.0,4096.0,4194304.0,4096.0,512.0,917504.0,1024.0,907103.0,8192.0,1048576.0,391064.0,4096.0,391168.0,1024.0,18080.0,163840.0,18432.0,160256.0,74.0,0.0,0.0,0.0,0.0,0.0,10.0,218.0,0,0,1,0,0,0,1,0,0,0,0,0,1,1,0,0,0,0,0,0,0,0,0,0,0,0,1,0,0,0,0,0,0,0,0,0,1,0,0,0,0,0
1063212.0,144.0,3.0,0.0,65535.0,9728.0,2048.0,0.0,8192.0,4194304.0,8192.0,512.0,40960.0,512.0,0.0,4096.0,1048576.0,9364.0,8192.0,9728.0,512.0,4096.0,315392.0,512.0,267264.0,116.0,16.0,6.0,0.0,0.0,0.0,1.0,1.0,0,0,0,0,0,0,1,0,1,0,0,1,1,1,0,0,0,0,0,0,0,0,0,0,0,0,1,0,0,0,0,0,0,0,0,0,1,0,0,0,0,0
19462928.0,144.0,3.0,0.0,65535.0,9216.0,126976.0,0.0,4096.0,4194304.0,4096.0,512.0,1343488.0,512.0,0.0,4096.0,1048576.0,3606836.0,4096.0,67584.0,1024.0,15314.0,3334144.0,3584.0,169984.0,0.0,0.0,2.0,0.0,0.0,0.0,0.0,99.0,1,0,0,1,0,0,1,0,0,0,0,1,1,1,0,0,0,0,1,0,0,0,0,0,0,0,1,0,0,0,0,0,0,0,0,0,1,0,0,0,0,0
40110.0,144.0,3.0,0.0,65535.0,32256.0,2048.0,0.0,8192.0,4194304.0,8192.0,512.0,57344.0,512.0,0.0,4096.0,1048576.0,31924.0,8192.0,32256.0,512.0,5344.0,40960.0,5632.0,36352.0,147.0,0.0,0.0,0.0,0.0,0.0,1.0,1.0,0,0,1,0,0,0,1,0,1,0,0,1,1,1,0,0,0,0,0,0,0,0,0,0,0,0,1,0,0,0,0,0,0,0,0,0,1,0,0,0,0,0
123385.0,144.0,3.0,0.0,65535.0,561152.0,4096.0,1744896.0,1748992.0,4194304.0,4096.0,512.0,2314240.0,4096.0,0.0,16384.0,1048576.0,23412.0,4096.0,23552.0,1024.0,41778.0,204800.0,41984.0,199168.0,44.0,0.0,0.0,0.0,0.0,0.0,10.0,15.0,0,0,1,0,0,0,0,0,0,0,0,0,0,1,0,0,0,0,0,0,0,0,0,0,0,0,1,0,0,0,0,0,0,0,0,0,1,0,0,0,0,0
4840.0,144.0,3.0,0.0,65535.0,192512.0,8192.0,0.0,4096.0,4194304.0,4096.0,4096.0,204800.0,4096.0,259326.0,4096.0,1048576.0,191612.0,4096.0,192512.0,4096.0,24.0,466944.0,512.0,449536.0,19.0,0.0,0.0,0.0,0.0,0.0,1.0,60.0,0,0,1,0,0,0,1,0,1,0,0,0,1,1,0,0,0,0,0,0,0,0,0,0,0,0,1,0,0,0,0,0,0,0,0,0,1,0,0,0,0,0
2248720.0,0.0,2.0,0.0,65535.0,3993088.0,182272.0,0.0,1167360.0,4194304.0,4096.0,512.0,577536.0,1024.0,92886.0,16384.0,1048576.0,496.0,4096.0,51712.0,1024.0,207676.0,970752.0,4096.0,229888.0,864.0,0.0,0.0,26.0,0.0,11.0,1.0,0.0,0,0,1,0,0,0,0,0,0,0,0,0,0,1,0,0,0,0,0,0,0,0,0,0,0,0,1,0,0,0,0,0,0,0,0,0,1,0,0,0,0,0
2802484.0,80.0,2.0,15.0,65535.0,2796544.0,449024.0,0.0,4096.0,4194304.0,4096.0,512.0,3297280.0,1024.0,0.0,16384.0,1048576.0,2778556.0,4096.0,2778624.0,1024.0,24.0,2924544.0,512.0,2883072.0,140.0,0.0,0.0,0.0,0.0,0.0,12.0,222.0,0,0,1,0,0,0,1,0,0,0,0,1,1,1,0,0,0,0,0,0,0,0,0,0,0,0,1,0,0,0,0,0,0,0,0,0,1,0,0,0,0,0
4096.0,144.0,3.0,0.0,65535.0,49152.0,9216.0,0.0,4096.0,4194304.0,4096.0,512.0,73728.0,1024.0,0.0,4096.0,1048576.0,39962.0,16384.0,40448.0,9728.0,2430.0,57344.0,2560.0,50176.0,0.0,0.0,0.0,0.0,0.0,0.0,0.0,0.0,0,0,1,0,0,0,1,0,0,0,0,0,1,1,0,0,0,0,0,0,0,0,0,0,0,0,1,0,0,0,0,0,0,0,0,0,1,0,0,0,0,0
29762.0,144.0,3.0,0.0,65535.0,73216.0,70144.0,0.0,4096.0,4194304.0,4096.0,512.0,155648.0,1024.0,183424.0,4096.0,1048576.0,72788.0,4096.0,73216.0,1024.0,36944.0,61440.0,37376.0,54784.0,22.0,0.0,0.0,0.0,0.0,0.0,5.0,77.0,0,0,1,0,0,0,1,0,0,0,0,0,1,1,0,0,0,0,0,0,0,0,0,0,0,0,1,0,0,0,0,0,0,0,0,0,1,0,0,0,0,0
425985.0,144.0,3.0,0.0,65535.0,106496.0,8192.0,188416.0,192512.0,4194304.0,4096.0,512.0,307200.0,4096.0,0.0,4096.0,1048576.0,72788.0,4096.0,73216.0,1024.0,27546.0,77824.0,27648.0,71680.0,18.0,0.0,0.0,0.0,0.0,3.0,0.0,0.0,0,0,1,0,0,0,1,0,0,0,0,0,1,1,0,0,0,0,0,0,0,0,0,0,0,0,1,0,0,0,0,0,0,0,0,0,1,0,0,0,0,0
7699.0,144.0,3.0,0.0,65535.0,65024.0,40960.0,0.0,4096.0,4194304.0,4096.0,512.0,122880.0,1024.0,126530.0,4096.0,1048576.0,64779.0,4096.0,65024.0,1024.0,26302.0,69632.0,26624.0,66048.0,26.0,0.0,0.0,0.0,0.0,0.0,3.0,80.0,0,0,1,0,0,0,1,0,0,0,0,0,1,1,0,0,0,0,0,0,0,0,0,0,0,0,1,0,0,0,0,0,0,0,0,0,1,0,0,0,0,0
608734.0,144.0,3.0,0.0,65535.0,45568.0,2048.0,0.0,8192.0,4194304.0,8192.0,512.0,73728.0,512.0,0.0,4096.0,1048576.0,45476.0,8192.0,45568.0,512.0,13213.0,77824.0,13312.0,69632.0,740.0,24.0,0.0,2.0,0.0,3.0,1.0,1.0,0,0,1,0,0,0,1,0,1,0,0,1,1,1,0,0,0,0,0,0,0,0,0,0,0,0,1,0,0,0,0,0,0,0,0,0,1,0,0,0,0,0
166158.0,144.0,3.0,0.0,65535.0,239616.0,157184.0,0.0,4096.0,4194304.0,4096.0,512.0,450560.0,1024.0,0.0,4096.0,1048576.0,239553.0,4096.0,239616.0,1024.0,56636.0,245760.0,56832.0,240640.0,43.0,0.0,0.0,0.0,0.0,3.0,0.0,0.0,0,0,1,0,0,0,0,0,0,0,0,0,0,1,0,0,0,0,0,0,0,0,0,0,0,0,1,0,0,0,0,0,0,0,0,0,1,0,0,0,0,0
52527.0,80.0,2.0,15.0,65535.0,451584.0,113152.0,0.0,4096.0,4194304.0,4096.0,512.0,634880.0,1024.0,273574.0,16384.0,1048576.0,72788.0,4096.0,73216.0,1024.0,93.0,2449408.0,512.0,2398720.0,39.0,0.0,0.0,0.0,0.0,3.0,0.0,0.0,0,0,1,0,0,0,1,0,0,0,0,0,1,1,0,0,0,0,0,0,0,0,0,0,0,0,1,0,0,0,0,0,0,0,0,0,1,0,0,0,0,0
29762.0,144.0,3.0,0.0,65535.0,73216.0,70144.0,0.0,4096.0,4194304.0,4096.0,512.0,155648.0,1024.0,183424.0,4096.0,1048576.0,72788.0,4096.0,73216.0,1024.0,16288.0,106496.0,16384.0,102400.0,11.0,0.0,0.0,0.0,0.0,4.0,5.0,77.0,0,0,1,0,0,0,1,0,0,0,0,0,1,1,0,0,0,0,0,0,0,0,0,0,0,0,1,0,0,0,0,0,0,0,0,0,1,0,0,0,0,0
66432.0,144.0,3.0,0.0,65535.0,78848.0,35840.0,0.0,4096.0,4194304.0,4096.0,512.0,131072.0,1024.0,0.0,4096.0,1048576.0,78714.0,4096.0,78848.0,1024.0,26934.0,86016.0,27136.0,79872.0,0.0,0.0,0.0,0.0,0.0,0.0,12.0,114.0,0,0,1,0,0,0,1,0,0,0,0,0,1,1,0,0,0,0,0,0,0,0,0,0,0,0,1,0,0,0,0,0,0,0,0,0,1,0,0,0,0,0
0.0,144.0,3.0,0.0,65535.0,2791936.0,108032.0,0.0,8192.0,4194304.0,8192.0,512.0,2916352.0,512.0,0.0,16384.0,1048576.0,2791844.0,8192.0,2791936.0,512.0,288544.0,1568768.0,288768.0,1562624.0,0.0,0.0,0.0,0.0,0.0,0.0,0.0,0.0,1,0,0,1,0,0,1,0,1,0,0,1,1,1,0,0,0,0,0,0,0,0,0,0,0,0,1,0,0,0,0,0,0,0,0,0,1,0,0,0,0,0
19946.0,144.0,3.0,0.0,65535.0,11776.0,2048.0,0.0,8192.0,4194304.0,8192.0,512.0,40960.0,512.0,0.0,4096.0,1048576.0,11760.0,8192.0,11776.0,512.0,10832.0,126976.0,0.0,0.0,35.0,0.0,0.0,0.0,0.0,5.0,1.0,1.0,0,0,1,0,0,0,1,0,1,0,0,1,1,1,0,0,0,0,0,0,0,0,0,0,0,0,1,0,0,0,0,0,0,0,0,0,1,0,0,0,0,0
2502368.0,80.0,2.0,15.0,65535.0,1093632.0,40960.0,1409024.0,1413120.0,4194304.0,4096.0,512.0,2547712.0,4096.0,0.0,16384.0,1048576.0,8041524.0,8192.0,8041984.0,512.0,94420.0,344064.0,94720.0,339968.0,0.0,0.0,0.0,0.0,0.0,0.0,0.0,0.0,0,0,1,0,0,0,1,0,1,0,0,1,1,1,0,0,0,0,0,0,0,0,0,0,0,0,1,0,0,0,0,0,0,0,0,0,1,0,0,0,0,0
380864.0,80.0,3.0,0.0,65535.0,9216.0,12288.0,0.0,8192.0,4194304.0,4096.0,512.0,286720.0,512.0,0.0,4096.0,1048576.0,652017.0,8192.0,426496.0,4096.0,14300.0,172032.0,207872.0,1029120.0,0.0,0.0,0.0,0.0,0.0,0.0,1.0,0.0,0,0,0,0,0,0,1,0,0,0,0,1,1,1,0,0,0,0,0,0,0,0,0,0,0,0,1,0,0,0,0,0,0,0,0,0,1,0,0,0,0,0
4952.0,144.0,3.0,0.0,65535.0,146432.0,101376.0,0.0,4096.0,5368709120.0,4096.0,512.0,9580544.0,1024.0,3526299.0,4096.0,1048576.0,2416.0,4096.0,4096.0,4096.0,690.0,8192.0,4096.0,8192.0,24.0,0.0,0.0,0.0,0.0,2.0,0.0,0.0,0,0,0,0,0,0,1,0,1,0,0,0,0,1,0,0,0,0,0,0,0,0,0,0,0,0,1,0,0,0,0,0,0,0,0,0,1,0,0,0,0,0
13270.0,144.0,3.0,0.0,65535.0,201216.0,1669632.0,0.0,4096.0,5368709120.0,4096.0,512.0,69910528.0,1024.0,0.0,4096.0,1048576.0,1060278.0,4096.0,19216896.0,1024.0,12084.0,1048576.0,5632.0,0.0,105.0,0.0,0.0,0.0,0.0,5.0,3.0,79.0,1,0,0,1,0,0,1,0,1,0,0,0,1,1,0,0,0,0,0,0,0,0,0,0,0,0,1,0,0,0,0,0,0,0,0,0,1,0,0,0,0,0
78720.0,144.0,3.0,0.0,65535.0,216576.0,282624.0,0.0,4096.0,4194304.0,4096.0,512.0,516096.0,1024.0,384733.0,4096.0,1048576.0,216344.0,4096.0,216576.0,1024.0,88820.0,262144.0,89088.0,257536.0,3.0,0.0,0.0,0.0,0.0,0.0,3.0,196.0,0,0,1,0,0,0,0,0,0,0,0,0,0,1,0,0,0,0,0,0,0,0,0,0,0,0,1,0,0,0,0,0,0,0,0,0,1,0,0,0,0,0
82848.0,144.0,3.0,0.0,65535.0,32768.0,20480.0,49152.0,53248.0,4194304.0,4096.0,512.0,106496.0,4096.0,0.0,4096.0,1048576.0,74170.0,4096.0,74240.0,1024.0,27532.0,81920.0,27648.0,75264.0,1421.0,0.0,0.0,0.0,0.0,0.0,9.0,14.0,0,0,1,0,0,0,1,0,0,0,0,0,1,1,0,0,0,0,0,0,0,0,0,0,0,0,1,0,0,0,0,0,0,0,0,0,1,0,0,0,0,0
124448.0,144.0,3.0,0.0,65535.0,45056.0,12288.0,77824.0,81920.0,4194304.0,4096.0,512.0,139264.0,4096.0,77427.0,4096.0,1048576.0,134548.0,8192.0,134656.0,1024.0,255498.0,872448.0,256000.0,869376.0,18.0,0.0,0.0,0.0,0.0,4.0,10.0,15.0,0,0,1,0,0,0,1,0,1,0,0,1,1,1,0,0,0,0,0,0,0,0,0,0,0,0,1,0,0,0,0,0,0,0,0,0,1,0,0,0,0,0
4096.0,80.0,2.0,15.0,65535.0,512.0,1024.0,0.0,4096.0,4194304.0,4096.0,512.0,16384.0,1024.0,0.0,8192.0,1048576.0,4096.0,4096.0,4096.0,1536.0,34814.0,86016.0,34816.0,80896.0,240.0,2.0,0.0,0.0,0.0,0.0,1.0,2.0,0,0,1,0,0,0,1,0,0,0,0,1,1,1,0,0,0,0,0,0,0,0,0,0,0,0,1,1,0,0,0,0,0,0,0,0,1,0,0,0,0,0
39131.0,144.0,3.0,0.0,65535.0,36864.0,28672.0,0.0,4096.0,4194304.0,4096.0,4096.0,69632.0,4096.0,125514.0,4096.0,1048576.0,36772.0,4096.0,36864.0,4096.0,15978.0,40960.0,16384.0,40960.0,1.0,0.0,0.0,0.0,0.0,0.0,8.0,133.0,0,0,1,0,0,0,0,0,0,0,0,0,1,0,0,0,0,0,0,0,0,0,0,0,0,0,1,0,0,0,0,0,0,0,0,0,1,0,0,0,1,0
2397855.0,80.0,3.0,0.0,65535.0,604672.0,140288.0,0.0,4096.0,4194304.0,4096.0,512.0,3682304.0,1024.0,1296063.0,8192.0,1048576.0,596820.0,4096.0,4594688.0,1024.0,101636.0,147456.0,512.0,1572352.0,504.0,0.0,0.0,26.0,0.0,6.0,5.0,0.0,0,0,0,0,0,0,1,0,0,0,0,0,1,1,0,0,0,0,0,0,0,0,0,0,0,0,1,1,0,0,0,0,0,0,0,0,1,0,0,0,0,0
4944.0,144.0,3.0,0.0,65535.0,28672.0,27648.0,0.0,4096.0,5368709120.0,4096.0,512.0,69632.0,1024.0,0.0,4096.0,1048576.0,28476.0,4096.0,28672.0,1024.0,11878.0,32768.0,12288.0,29696.0,0.0,0.0,0.0,0.0,0.0,0.0,13.0,89.0,1,0,0,1,0,0,1,0,1,0,0,0,1,1,0,0,0,0,0,0,0,0,0,0,0,0,1,0,0,0,0,0,0,0,0,0,1,0,0,0,0,0
4096.0,144.0,3.0,0.0,65535.0,30720.0,2560.0,0.0,8192.0,4194304.0,8192.0,512.0,57344.0,512.0,0.0,4096.0,1048576.0,30628.0,8192.0,30720.0,512.0,384596.0,1654784.0,385024.0,1650688.0,46.0,0.0,0.0,0.0,0.0,0.0,1.0,1.0,0,0,0,0,0,0,1,0,1,0,0,1,1,1,0,0,0,0,0,0,0,0,0,0,0,0,1,0,0,0,0,0,0,0,0,0,1,0,0,0,0,0
870496.0,144.0,3.0,0.0,65535.0,442368.0,4096.0,425984.0,430080.0,4194304.0,4096.0,512.0,876544.0,4096.0,0.0,4096.0,1048576.0,421368.0,8192.0,421376.0,512.0,18678.0,69632.0,18944.0,64000.0,122.0,0.0,0.0,1.0,0.0,1.0,6.0,9.0,0,0,1,0,0,0,1,0,0,0,0,1,1,1,0,0,0,0,0,0,0,0,0,0,0,0,1,0,0,0,0,0,0,0,0,0,1,0,0,0,0,0
8892.0,144.0,3.0,0.0,65535.0,200704.0,98304.0,0.0,4096.0,4194304.0,4096.0,4096.0,303104.0,4096.0,363584.0,4096.0,1048576.0,199980.0,4096.0,200704.0,4096.0,4678.0,28672.0,5120.0,25600.0,94.0,0.0,0.0,0.0,0.0,0.0,1.0,138.0,0,0,1,0,0,0,0,0,0,0,0,0,0,1,0,0,0,0,0,0,0,0,0,0,0,0,1,0,0,0,0,0,0,0,0,0,1,0,0,0,0,0
7344.0,144.0,3.0,0.0,65535.0,3584.0,58880.0,0.0,4096.0,4194304.0,4096.0,512.0,73728.0,1024.0,0.0,4096.0,1048576.0,3490.0,4096.0,3584.0,1024.0,990.0,8192.0,1024.0,4608.0,0.0,0.0,0.0,0.0,0.0,0.0,4.0,32.0,0,0,1,0,0,0,1,0,1,0,0,0,1,1,0,0,0,0,0,0,0,0,0,0,0,0,1,0,0,0,0,0,0,0,0,0,1,0,0,0,0,0
1622026.0,144.0,3.0,0.0,65535.0,413184.0,1180160.0,0.0,786432.0,4194304.0,8192.0,512.0,1630208.0,1024.0,0.0,4096.0,1048576.0,412592.0,786432.0,412672.0,771584.0,15000.0,110592.0,15360.0,105472.0,28.0,0.0,0.0,0.0,0.0,0.0,1.0,1.0,0,0,1,0,0,0,1,0,1,0,0,1,1,1,0,0,0,0,0,0,0,0,0,0,0,0,1,0,0,0,0,0,0,0,0,0,1,0,0,0,0,0
77680.0,144.0,3.0,0.0,65535.0,143360.0,49152.0,0.0,4096.0,4194304.0,4096.0,512.0,200704.0,1024.0,0.0,4096.0,1048576.0,142863.0,4096.0,143360.0,1024.0,28486.0,147456.0,28672.0,144384.0,0.0,0.0,0.0,0.0,0.0,0.0,8.0,77.0,0,0,0,0,0,0,1,0,0,0,0,0,1,1,0,0,0,0,0,0,0,0,0,0,0,0,1,0,0,0,0,0,0,0,0,0,1,0,0,0,0,0
3854103.0,144.0,3.0,0.0,65535.0,10752.0,13824.0,0.0,4096.0,5368709120.0,4096.0,512.0,9195520.0,1024.0,0.0,4096.0,1048576.0,10402.0,4096.0,0.0,0.0,9562.0,16384.0,0.0,0.0,0.0,0.0,0.0,0.0,0.0,0.0,11.0,11.0,1,0,0,1,0,0,1,0,1,0,0,0,1,1,0,0,0,0,0,0,0,0,0,0,0,0,1,0,0,0,0,0,0,0,0,0,1,0,0,0,0,0
4096.0,144.0,3.0,0.0,65535.0,140288.0,3796480.0,0.0,4096.0,4194304.0,8192.0,512.0,9043968.0,1024.0,100097.0,4096.0,1048576.0,917140.0,4096.0,5148672.0,1024.0,52900.0,8192.0,1063424.0,5295616.0,833.0,0.0,0.0,0.0,0.0,0.0,12.0,0.0,1,0,0,1,0,0,1,0,1,0,0,0,1,1,0,0,0,0,1,0,0,0,0,0,0,0,1,0,0,0,0,0,0,0,0,0,1,0,0,0,0,0
64398.0,144.0,3.0,0.0,65535.0,56320.0,4096.0,0.0,8192.0,4194304.0,8192.0,512.0,90112.0,1024.0,0.0,4096.0,1048576.0,56212.0,8192.0,56320.0,1024.0,23198.0,49152.0,23552.0,46080.0,473.0,2.0,0.0,2.0,0.0,1.0,1.0,1.0,0,0,1,0,0,0,1,0,0,0,0,1,1,1,0,0,0,0,0,0,0,0,0,0,0,0,1,0,0,0,0,0,0,0,0,0,1,0,0,0,0,0
8609.0,144.0,3.0,0.0,65535.0,5632.0,47104.0,0.0,4096.0,4194304.0,4096.0,512.0,65536.0,1024.0,86658.0,4096.0,1048576.0,5532.0,4096.0,5632.0,1024.0,1674.0,12288.0,2048.0,6656.0,15.0,0.0,0.0,0.0,0.0,0.0,9.0,53.0,0,0,1,0,0,0,1,0,0,0,0,0,1,1,0,0,0,0,0,0,0,0,0,0,0,0,1,0,0,0,0,0,0,0,0,0,1,0,0,0,0,0
32032.0,80.0,2.0,15.0,65535.0,28672.0,43520.0,0.0,4096.0,4194304.0,4096.0,512.0,258048.0,1024.0,0.0,16384.0,1048576.0,31616.0,4096.0,31744.0,1024.0,24.0,245760.0,512.0,65536.0,0.0,0.0,0.0,1.0,0.0,1.0,0.0,0.0,0,0,1,0,0,0,1,0,1,0,0,0,1,1,0,0,0,0,0,0,0,0,0,0,0,0,1,0,0,0,0,0,0,0,0,0,1,0,0,0,0,0
972745.0,144.0,3.0,0.0,65535.0,1941504.0,2245632.0,0.0,4096.0,4194304.0,4096.0,512.0,4218880.0,1024.0,4200996.0,4096.0,1048576.0,1941356.0,4096.0,1941504.0,1024.0,405598.0,1945600.0,406016.0,1942528.0,155.0,0.0,0.0,1.0,1.0,5.0,18.0,477.0,0,0,1,0,0,0,1,0,0,0,0,0,1,1,0,0,0,0,0,0,0,0,0,0,0,0,1,0,0,0,0,0,0,0,0,0,1,0,0,0,0,0
71644.0,80.0,2.0,15.0,65535.0,66560.0,64000.0,0.0,4096.0,4194304.0,4096.0,512.0,172032.0,1024.0,1788442.0,16384.0,1048576.0,62020.0,4096.0,62464.0,1024.0,24.0,110592.0,512.0,75264.0,697.0,0.0,0.0,0.0,0.0,4.0,5.0,43.0,0,0,1,0,0,0,1,0,0,0,0,0,1,1,0,0,0,0,0,0,0,0,0,0,0,0,1,0,0,0,0,0,0,0,0,0,1,0,0,0,0,0
1148208.0,144.0,3.0,0.0,65535.0,1149952.0,552960.0,0.0,4096.0,4194304.0,4096.0,512.0,1933312.0,1024.0,1922604.0,32768.0,1048576.0,1149472.0,4096.0,1149952.0,1024.0,1061438.0,4239360.0,1061888.0,4232704.0,0.0,0.0,0.0,0.0,0.0,0.0,27.0,605.0,0,0,1,0,0,0,1,0,0,0,0,0,1,1,0,0,0,0,0,0,0,0,0,0,0,0,1,0,0,0,0,0,0,0,0,0,1,0,0,0,0,0
3258818.0,0.0,3.0,0.0,65535.0,1073152.0,39936.0,0.0,4096.0,4194304.0,4096.0,512.0,2371584.0,1024.0,0.0,4096.0,1048576.0,48576.0,4096.0,94720.0,1024.0,244102.0,831488.0,4096.0,654336.0,0.0,0.0,2.0,15.0,2.0,0.0,1.0,31.0,0,0,1,0,0,0,1,0,0,0,0,0,1,1,0,0,0,0,0,0,0,0,0,0,0,0,1,0,0,0,0,0,0,0,0,0,1,0,0,0,0,0
329958.0,144.0,3.0,0.0,65535.0,381440.0,227840.0,0.0,4096.0,4194304.0,4096.0,512.0,622592.0,1024.0,0.0,4096.0,1048576.0,380689.0,4096.0,380928.0,1024.0,71314.0,389120.0,71680.0,382464.0,48.0,0.0,0.0,0.0,0.0,0.0,11.0,536.0,0,0,1,0,0,0,0,0,0,0,0,0,0,1,0,0,0,0,0,0,0,0,0,0,0,0,1,0,0,0,0,0,0,0,0,0,1,0,0,0,0,0
1621536.0,144.0,3.0,0.0,65535.0,417792.0,210432.0,0.0,8192.0,4194304.0,8192.0,512.0,647168.0,512.0,0.0,4096.0,1048576.0,417540.0,8192.0,417792.0,512.0,24.0,626688.0,512.0,590848.0,737.0,0.0,0.0,0.0,0.0,3.0,0.0,0.0,0,0,1,0,0,0,1,0,1,0,0,1,1,1,0,0,0,0,0,0,0,0,0,0,0,0,1,0,0,0,0,0,0,0,0,0,1,0,0,0,0,0
415216.0,144.0,3.0,0.0,65535.0,3298304.0,239616.0,0.0,4096.0,4194304.0,4096.0,512.0,7151616.0,1024.0,0.0,4096.0,1048576.0,3298148.0,4096.0,3298304.0,1024.0,3252828.0,3305472.0,3253248.0,3299328.0,116.0,0.0,0.0,0.0,0.0,3.0,1.0,39.0,0,0,0,0,0,0,1,0,0,0,0,0,1,1,0,0,0,0,0,0,0,0,0,0,0,0,1,0,0,0,0,0,0,0,0,0,1,0,0,0,0,0
48302.0,144.0,3.0,0.0,65535.0,40448.0,2048.0,0.0,8192.0,4194304.0,8192.0,512.0,65536.0,512.0,0.0,4096.0,1048576.0,40116.0,8192.0,40448.0,512.0,5016.0,32768.0,5120.0,27136.0,87.0,0.0,0.0,0.0,0.0,0.0,1.0,1.0,0,0,0,0,0,0,1,0,0,0,0,1,1,1,0,0,0,0,0,0,0,0,0,0,0,0,1,0,0,0,0,0,0,0,0,0,1,0,0,0,0,0
94400.0,144.0,3.0,0.0,65535.0,99328.0,33280.0,0.0,4096.0,4294967296.0,4096.0,512.0,2035712.0,1024.0,1415362.0,8192.0,1048576.0,98936.0,4096.0,99328.0,1024.0,47932.0,147456.0,48128.0,141312.0,0.0,0.0,0.0,0.0,0.0,0.0,7.0,163.0,1,0,1,1,0,0,0,0,0,0,0,0,0,1,0,0,0,0,0,0,0,0,0,0,0,0,1,0,0,0,0,0,0,0,0,0,1,0,0,0,0,0
901824.0,120.0,1.0,0.0,0.0,2377728.0,1128960.0,0.0,4096.0,5368709120.0,4096.0,512.0,3584000.0,1024.0,3559708.0,4096.0,1048576.0,2377672.0,4096.0,2377728.0,1024.0,410844.0,2383872.0,411136.0,2378752.0,0.0,0.0,0.0,12.0,1.0,14.0,3.0,290.0,1,0,1,1,0,0,1,0,1,0,0,0,1,1,0,0,0,0,0,0,0,0,0,0,0,0,1,0,0,0,0,0,0,0,0,0,1,0,0,0,0,0
0.0,144.0,3.0,0.0,65535.0,555520.0,1536.0,0.0,8192.0,5368709120.0,8192.0,512.0,573440.0,512.0,0.0,16384.0,1048576.0,555431.0,8192.0,555520.0,512.0,264902.0,606208.0,0.0,0.0,0.0,0.0,0.0,0.0,0.0,0.0,0.0,0.0,1,0,1,1,0,0,1,0,1,0,0,1,1,1,0,0,0,0,0,0,0,0,0,0,0,0,1,0,0,0,0,0,0,0,0,0,1,0,0,0,0,0
309486.0,144.0,3.0,0.0,65535.0,301568.0,3072.0,0.0,8192.0,4194304.0,8192.0,512.0,327680.0,512.0,0.0,4096.0,1048576.0,301300.0,8192.0,301568.0,512.0,63186.0,139264.0,63488.0,136192.0,214.0,0.0,0.0,0.0,0.0,0.0,1.0,1.0,0,0,1,0,0,0,1,0,0,0,0,1,1,1,0,0,0,0,0,0,0,0,0,0,0,0,1,0,0,0,0,0,0,0,0,0,1,0,0,0,0,0
163850.0,30310.0,3.0,0.0,65535.0,904704.0,101888.0,0.0,4096.0,4194304.0,4096.0,512.0,86016.0,1024.0,0.0,4096.0,65536.0,24820.0,4096.0,871936.0,1024.0,306780.0,147456.0,5632.0,78848.0,0.0,1.0,2.0,0.0,0.0,11.0,5.0,238.0,0,0,1,0,0,0,1,0,0,0,0,1,1,1,0,0,0,0,0,0,0,0,0,0,0,0,1,0,0,0,0,0,0,0,0,0,1,0,0,0,0,0
445726.0,144.0,2.0,15.0,65535.0,45056.0,8192.0,0.0,4096.0,4194304.0,4096.0,512.0,81920.0,1024.0,0.0,4096.0,1048576.0,121372.0,8192.0,58880.0,1024.0,6488.0,3293184.0,207872.0,523264.0,873.0,3.0,0.0,0.0,0.0,0.0,0.0,21.0,0,0,0,0,0,0,1,0,1,0,0,0,1,1,0,0,0,0,0,0,0,0,0,0,0,0,1,0,0,0,0,0,0,0,0,0,1,0,0,0,0,0
191005.0,144.0,3.0,0.0,65535.0,259584.0,221184.0,0.0,4096.0,4194304.0,4096.0,512.0,495616.0,1024.0,0.0,4096.0,1048576.0,259317.0,4096.0,259584.0,1024.0,63530.0,266240.0,64000.0,260608.0,0.0,0.0,0.0,0.0,0.0,5.0,5.0,100.0,0,0,1,0,0,0,1,0,0,0,0,0,1,1,0,0,0,0,0,0,0,0,0,0,0,0,1,0,0,0,0,0,0,0,0,0,1,0,0,0,1,0
83560.0,144.0,3.0,0.0,65535.0,217088.0,93184.0,0.0,4096.0,4194304.0,4096.0,512.0,323584.0,1024.0,0.0,4096.0,1048576.0,216832.0,4096.0,217088.0,1024.0,70872.0,221184.0,71168.0,218112.0,7671.0,0.0,0.0,6.0,4.0,8.0,4.0,115.0,0,0,1,0,0,0,1,0,0,0,0,0,1,1,0,0,0,0,0,0,0,0,0,0,0,0,1,0,0,0,0,0,0,0,0,0,1,0,0,0,0,0
205062.0,64.0,1.0,0.0,65535.0,69632.0,131072.0,0.0,4096.0,4194304.0,4096.0,512.0,210036.0,512.0,0.0,8192.0,1048576.0,9268.0,4096.0,9728.0,1024.0,1624.0,20480.0,2048.0,11264.0,122.0,0.0,0.0,0.0,0.0,4.0,4.0,5.0,0,0,1,0,0,0,1,0,0,0,0,0,1,0,0,0,0,0,1,0,0,0,0,0,0,0,1,0,0,0,0,0,0,0,0,0,1,0,0,0,0,0
4242141.0,144.0,3.0,0.0,65535.0,78848.0,29184.0,0.0,4096.0,4194304.0,4096.0,512.0,8257536.0,1024.0,0.0,4096.0,1048576.0,78738.0,69632.0,0.0,0.0,13798.0,151552.0,0.0,0.0,0.0,0.0,0.0,0.0,0.0,0.0,6.0,6.0,0,0,0,0,0,0,0,0,0,0,0,0,1,1,0,0,0,0,0,0,0,0,0,0,0,0,1,0,0,0,0,0,0,0,0,0,1,0,0,0,0,0
361866.0,144.0,3.0,0.0,65535.0,353792.0,176640.0,0.0,8192.0,4194304.0,8192.0,512.0,557056.0,512.0,0.0,4096.0,1048576.0,353680.0,8192.0,353792.0,512.0,4538.0,36864.0,8192.0,36864.0,90.0,0.0,0.0,0.0,0.0,0.0,1.0,1.0,0,0,1,0,0,0,1,0,1,0,0,1,1,1,0,0,0,0,0,0,0,0,0,0,0,0,1,0,0,0,0,0,0,0,0,0,1,0,0,0,0,0
107871.0,80.0,3.0,0.0,65535.0,135168.0,12288.0,0.0,4096.0,4194304.0,4096.0,512.0,1392640.0,1024.0,0.0,4096.0,1048576.0,169096.0,8192.0,185344.0,512.0,6488.0,7106560.0,5120.0,663040.0,0.0,115.0,0.0,0.0,0.0,0.0,0.0,0.0,0,0,1,0,0,0,1,0,1,0,0,1,1,1,0,0,0,0,0,0,0,0,0,0,0,0,1,0,0,0,0,0,0,0,0,0,1,0,0,0,0,0
13156352.0,4808.0,48546.0,31170.0,39426.0,14848.0,6599680.0,0.0,4096.0,4194304.0,4096.0,512.0,13254656.0,1024.0,6668499.0,4096.0,1048576.0,2337139.0,4096.0,2338816.0,4096.0,341513.0,2351104.0,344064.0,2351104.0,988.0,0.0,0.0,0.0,0.0,0.0,3.0,3.0,0,0,1,0,0,0,1,0,0,0,0,0,1,1,0,0,0,0,0,0,0,0,0,0,0,0,1,0,0,0,0,0,0,0,0,0,1,0,0,0,0,0
17838.0,144.0,3.0,0.0,65535.0,9728.0,2048.0,0.0,8192.0,4194304.0,8192.0,512.0,40960.0,512.0,0.0,4096.0,1048576.0,9384.0,8192.0,9728.0,512.0,1368.0,16384.0,1536.0,8192.0,60.0,0.0,0.0,0.0,0.0,2.0,0.0,0.0,0,0,1,0,0,0,1,0,1,0,0,1,1,1,0,0,0,0,0,0,0,0,0,0,0,0,1,0,0,0,0,0,0,0,0,0,1,0,0,0,0,0
107871.0,144.0,3.0,0.0,65535.0,1798144.0,18432.0,0.0,4096.0,4194304.0,4096.0,512.0,696320.0,1024.0,0.0,4096.0,1048576.0,67603.0,8192.0,247808.0,512.0,170890.0,147456.0,512.0,26112.0,75.0,0.0,0.0,0.0,0.0,11.0,3.0,244.0,0,0,0,0,0,0,1,0,1,0,0,1,1,1,0,0,0,0,0,0,0,0,0,0,0,0,1,0,0,0,0,0,0,0,0,0,1,0,0,0,0,0
994854.0,24934.0,3.0,0.0,65535.0,648192.0,7755264.0,0.0,4096.0,4194304.0,4096.0,512.0,3559424.0,1024.0,2270409.0,4096.0,1048576.0,208768.0,4096.0,481280.0,1024.0,15534.0,172032.0,3584.0,65024.0,0.0,0.0,1.0,0.0,0.0,0.0,2.0,29.0,0,0,0,1,0,0,1,0,1,0,0,0,1,1,0,0,0,0,0,0,0,0,0,0,0,0,1,0,0,0,0,0,0,0,0,0,1,0,0,0,0,0
514702.0,80.0,2.0,15.0,65535.0,32256.0,43008.0,0.0,4096.0,4194304.0,4096.0,512.0,98304.0,1024.0,0.0,16384.0,1048576.0,2609152.0,4096.0,2608640.0,3072.0,24.0,53248.0,512.0,37888.0,65.0,0.0,0.0,0.0,0.0,6.0,0.0,0.0,0,0,1,0,0,0,1,0,0,0,0,0,1,1,0,0,0,0,0,0,0,0,0,0,0,0,1,0,0,0,0,0,0,0,0,0,1,0,0,0,0,0
163850.0,144.0,3.0,0.0,65535.0,9216.0,65536.0,0.0,4096.0,5368709120.0,8192.0,512.0,1769472.0,1024.0,0.0,4096.0,1048576.0,2708.0,8192.0,29696.0,1024.0,24.0,36864.0,9728.0,113664.0,719.0,0.0,2.0,2.0,0.0,7.0,5.0,21.0,0,0,1,1,0,0,1,0,0,0,0,0,1,1,0,0,0,0,0,0,0,0,0,0,0,0,1,1,0,0,0,0,0,0,0,0,1,0,0,0,0,0
8214126.0,144.0,3.0,0.0,65535.0,8206336.0,199168.0,0.0,8192.0,4194304.0,8192.0,512.0,8429568.0,512.0,0.0,4096.0,1048576.0,8205940.0,8192.0,8206336.0,512.0,37158.0,86016.0,37376.0,79360.0,644.0,0.0,0.0,1.0,0.0,1.0,1.0,1.0,0,0,1,0,0,0,1,0,1,0,0,1,1,1,0,0,0,0,0,0,0,0,0,0,0,0,1,0,0,0,0,0,0,0,0,0,1,0,0,0,0,0
195470.0,144.0,3.0,0.0,65535.0,187392.0,2048.0,0.0,8192.0,4194304.0,8192.0,512.0,212992.0,512.0,0.0,4096.0,1048576.0,625520.0,8192.0,625664.0,512.0,215607.0,819200.0,216064.0,814592.0,43.0,0.0,0.0,0.0,0.0,4.0,1.0,1.0,0,0,0,0,0,0,1,0,1,0,0,1,1,1,0,0,0,0,0,0,0,0,0,0,0,0,1,0,0,0,0,0,0,0,0,0,1,0,0,0,0,0
19259.0,144.0,3.0,0.0,65535.0,28672.0,204288.0,0.0,8192.0,4194304.0,8192.0,512.0,696320.0,4096.0,0.0,4096.0,1048576.0,416996.0,4096.0,766464.0,4096.0,56636.0,53248.0,4096.0,59392.0,37.0,2.0,0.0,2.0,0.0,12.0,2.0,30.0,0,0,1,0,0,0,1,0,0,0,0,1,1,1,0,0,0,0,0,0,0,0,0,0,0,0,1,0,0,0,0,0,0,0,0,0,1,0,0,0,0,0
14804.0,144.0,3.0,0.0,65535.0,3006464.0,278528.0,0.0,4096.0,4194304.0,4096.0,4096.0,3289088.0,4096.0,3331723.0,4096.0,1048576.0,3005780.0,4096.0,3006464.0,4096.0,936218.0,3399680.0,936448.0,3395584.0,404.0,1.0,0.0,0.0,0.0,0.0,1.0,166.0,0,0,1,0,0,0,1,0,0,0,0,0,1,1,0,0,0,0,0,0,0,0,0,0,0,0,1,0,0,0,0,0,0,0,0,0,1,0,0,0,0,0
0.0,144.0,3.0,0.0,65535.0,299520.0,69632.0,0.0,8192.0,5368709120.0,8192.0,512.0,385024.0,512.0,0.0,16384.0,1048576.0,299320.0,8192.0,299520.0,512.0,4192.0,12288.0,4608.0,6656.0,0.0,0.0,0.0,0.0,0.0,0.0,0.0,0.0,1,0,1,1,0,0,1,0,1,0,0,1,1,1,0,0,0,0,0,0,0,0,0,0,0,0,1,0,0,0,0,0,0,0,0,0,1,0,0,0,0,0
2173504.0,144.0,3.0,0.0,65535.0,2486272.0,2359808.0,0.0,4096.0,5368709120.0,4096.0,512.0,4894720.0,1024.0,4856874.0,4096.0,1048576.0,2486020.0,4096.0,2486272.0,1024.0,695380.0,2490368.0,695808.0,2487296.0,0.0,0.0,0.0,0.0,0.0,0.0,22.0,658.0,1,0,1,1,0,0,1,0,1,0,0,0,1,1,0,0,0,0,0,0,0,0,0,0,0,0,1,0,0,0,0,0,0,0,0,0,1,0,0,0,0,0
196702.0,144.0,3.0,0.0,65535.0,102400.0,1953792.0,0.0,4096.0,4194304.0,4096.0,4096.0,2060288.0,4096.0,0.0,4096.0,1048576.0,102400.0,4096.0,102400.0,4096.0,114688.0,106496.0,114688.0,106496.0,1365.0,24.0,1.0,0.0,0.0,2.0,0.0,0.0,0,0,1,0,0,0,1,0,0,0,0,0,1,1,0,0,0,0,0,0,0,0,0,0,0,0,1,0,0,0,0,0,0,0,0,0,1,0,0,0,0,0
445726.0,144.0,3.0,0.0,65535.0,10295808.0,65536.0,0.0,4096.0,4194304.0,4096.0,512.0,3080192.0,1024.0,0.0,4096.0,1048576.0,3436390.0,4096.0,45568.0,4096.0,45902.0,10301440.0,4096.0,2164736.0,0.0,0.0,0.0,0.0,0.0,0.0,5.0,0.0,0,0,1,1,0,0,1,0,0,0,0,0,1,1,0,0,0,0,0,0,0,0,0,0,0,0,1,0,0,0,0,0,0,0,0,0,1,0,0,0,0,0
19456.0,144.0,3.0,0.0,65535.0,38912.0,25088.0,0.0,4096.0,4194304.0,4096.0,512.0,77824.0,1024.0,0.0,4096.0,1048576.0,38768.0,4096.0,38912.0,1024.0,1047.0,45056.0,1536.0,39936.0,246.0,0.0,0.0,0.0,0.0,0.0,2.0,87.0,0,0,0,0,0,0,1,0,0,0,0,0,1,1,0,0,0,0,0,0,0,0,0,0,0,0,1,0,0,0,0,0,0,0,0,0,1,0,0,0,0,0
83694.0,144.0,3.0,0.0,65535.0,6144.0,2048.0,0.0,8192.0,4194304.0,8192.0,512.0,32768.0,512.0,0.0,4096.0,1048576.0,5932.0,8192.0,6144.0,512.0,24.0,626688.0,512.0,590848.0,90.0,0.0,0.0,0.0,0.0,0.0,1.0,1.0,0,0,1,0,0,0,1,0,1,0,0,1,1,1,0,0,0,0,0,0,0,0,0,0,0,0,1,0,0,0,0,0,0,0,0,0,1,0,0,0,0,0
30618.0,144.0,3.0,0.0,65535.0,22528.0,3072.0,0.0,8192.0,4194304.0,8192.0,512.0,49152.0,512.0,57456.0,4096.0,1048576.0,22432.0,8192.0,22528.0,512.0,13268.0,102400.0,13312.0,98304.0,19.0,0.0,0.0,0.0,0.0,4.0,1.0,1.0,0,0,0,0,0,0,1,0,1,0,0,1,1,1,0,0,0,0,0,0,0,0,0,0,0,0,1,0,0,0,0,0,0,0,0,0,1,0,0,0,0,0
1363937.0,144.0,3.0,0.0,65535.0,1596416.0,829440.0,0.0,4096.0,4194304.0,4096.0,512.0,2441216.0,1024.0,2173640.0,4096.0,1048576.0,1595964.0,4096.0,1596416.0,1024.0,377170.0,1601536.0,377344.0,1597440.0,12.0,0.0,0.0,0.0,0.0,0.0,22.0,699.0,0,0,1,0,0,0,0,0,0,0,0,0,1,1,0,0,0,0,0,0,0,0,0,0,0,0,1,0,0,0,0,0,0,0,0,0,1,0,0,0,0,0
1793396.0,144.0,3.0,0.0,65535.0,534016.0,19456.0,0.0,8192.0,4194304.0,8192.0,512.0,1916928.0,1024.0,0.0,4096.0,1048576.0,533844.0,8192.0,0.0,0.0,103306.0,32768.0,103424.0,26112.0,1.0,0.0,0.0,0.0,0.0,5.0,0.0,0.0,0,0,1,0,0,0,1,0,1,0,0,1,1,1,0,0,0,0,0,0,0,0,0,0,0,0,1,0,0,0,0,0,0,0,0,0,1,0,0,0,0,0
163850.0,144.0,3.0,0.0,65535.0,201216.0,11424256.0,0.0,4096.0,4194304.0,4096.0,512.0,1986560.0,1024.0,0.0,4096.0,1048576.0,18279.0,4096.0,25600.0,512.0,14300.0,970752.0,10752.0,113664.0,315.0,2.0,2.0,0.0,0.0,8.0,0.0,0.0,0,0,0,0,0,0,1,0,1,0,0,1,1,1,0,0,0,0,0,0,0,0,0,0,0,0,1,0,0,0,0,0,0,0,0,0,1,0,0,0,0,0
3831148.0,144.0,3.0,0.0,65535.0,4336128.0,4117504.0,0.0,4096.0,5368709120.0,4096.0,512.0,8474624.0,1024.0,0.0,4096.0,1048576.0,4335804.0,4096.0,4336128.0,1024.0,3523528.0,4341760.0,3523584.0,4337152.0,0.0,0.0,0.0,0.0,0.0,0.0,0.0,0.0,1,0,0,1,0,0,1,0,1,0,0,0,1,1,0,0,0,0,0,0,0,0,0,0,0,0,1,0,0,0,0,0,0,0,0,0,1,0,0,0,0,0
380864.0,144.0,3.0,0.0,65535.0,70656.0,2048.0,0.0,4096.0,4194304.0,4096.0,512.0,40960.0,1024.0,0.0,4096.0,1048576.0,573044.0,4096.0,1536.0,1024.0,191016.0,28672.0,4096.0,935424.0,877.0,2.0,2.0,0.0,0.0,11.0,1.0,0.0,0,0,0,0,0,0,1,0,0,0,0,1,1,1,0,0,0,0,0,0,0,0,0,0,0,0,1,0,0,0,0,0,0,0,0,0,1,0,0,0,0,0
123452.0,144.0,3.0,0.0,65535.0,129024.0,179712.0,0.0,4096.0,4194304.0,4096.0,512.0,319488.0,1024.0,324102.0,4096.0,1048576.0,128623.0,4096.0,129024.0,1024.0,53966.0,135168.0,54272.0,130048.0,0.0,0.0,0.0,0.0,0.0,0.0,15.0,336.0,0,0,1,0,0,0,0,0,0,0,0,0,0,1,0,0,0,0,0,0,0,0,0,0,0,0,1,0,0,0,0,0,0,0,0,0,1,0,0,0,0,0
17126.0,144.0,3.0,15.0,65535.0,427008.0,562176.0,0.0,4096.0,4194304.0,8192.0,4096.0,1331200.0,4096.0,0.0,4096.0,1048576.0,26095.0,4096.0,4594688.0,4096.0,11878.0,3293184.0,4096.0,37888.0,10.0,0.0,0.0,0.0,0.0,0.0,2.0,14.0,0,0,1,1,0,0,1,0,0,0,0,1,1,1,0,0,0,0,0,0,0,0,0,0,0,0,1,0,0,0,0,0,0,0,0,0,1,0,0,0,0,0
370841.0,144.0,3.0,0.0,65535.0,417792.0,662528.0,0.0,4096.0,4194304.0,4096.0,512.0,1101824.0,1024.0,1116648.0,4096.0,1048576.0,417458.0,4096.0,417792.0,1024.0,519012.0,421888.0,519168.0,418816.0,0.0,0.0,0.0,0.0,0.0,0.0,13.0,778.0,0,0,1,0,0,0,1,0,0,0,0,0,1,1,0,0,0,0,0,0,0,0,0,0,0,0,1,0,0,0,0,0,0,0,0,0,1,0,0,0,0,0
30100.0,144.0,3.0,0.0,65535.0,0.0,198656.0,7168.0,4096.0,4194304.0,4096.0,512.0,217088.0,1024.0,266286.0,4096.0,1048576.0,26412.0,4096.0,26624.0,1024.0,4984.0,32768.0,5120.0,27648.0,134.0,0.0,0.0,0.0,0.0,0.0,7.0,126.0,0,0,1,0,0,0,0,0,0,0,0,0,1,0,0,0,0,0,0,0,0,0,0,0,0,0,1,0,0,0,0,0,0,0,0,0,1,0,0,0,0,0
258049.0,144.0,3.0,0.0,65535.0,122880.0,131072.0,0.0,4096.0,4194304.0,4096.0,512.0,299008.0,1536.0,0.0,4096.0,1048576.0,122880.0,4096.0,48640.0,1536.0,16384.0,126976.0,4608.0,50176.0,25.0,0.0,0.0,0.0,0.0,0.0,9.0,11.0,0,0,1,0,0,0,1,0,1,0,0,1,1,1,0,0,0,0,1,0,0,0,0,0,0,0,1,1,0,0,0,0,0,0,0,0,1,0,0,0,1,0
4096.0,144.0,3.0,0.0,65535.0,90624.0,36352.0,0.0,4096.0,5368709120.0,4096.0,512.0,147456.0,1024.0,0.0,4096.0,1048576.0,66997.0,28672.0,67072.0,24576.0,19261.0,98304.0,19456.0,91648.0,0.0,0.0,0.0,2.0,0.0,0.0,9.0,128.0,1,0,1,1,0,0,0,0,0,0,0,0,0,1,0,0,0,0,0,0,0,0,0,0,0,0,1,0,0,0,0,0,0,0,0,0,1,0,0,0,0,0
470218.0,144.0,3.0,0.0,65535.0,462336.0,4608.0,0.0,8192.0,4194304.0,8192.0,512.0,491520.0,512.0,492490.0,4096.0,1048576.0,462032.0,8192.0,462336.0,512.0,77096.0,528384.0,77312.0,523264.0,3312.0,66.0,333.0,0.0,0.0,4.0,1.0,1.0,0,0,0,0,0,0,1,0,1,0,0,1,1,1,0,0,0,0,0,0,0,0,0,0,0,0,1,0,0,0,0,0,0,0,0,0,1,0,0,0,0,0
403914.0,144.0,3.0,0.0,65535.0,395776.0,6656.0,0.0,8192.0,4194304.0,8192.0,512.0,425984.0,512.0,0.0,4096.0,1048576.0,395728.0,8192.0,395776.0,512.0,544428.0,892928.0,544768.0,886784.0,36.0,0.0,0.0,0.0,0.0,0.0,1.0,1.0,0,0,0,0,0,0,1,0,1,0,0,1,1,1,0,0,0,0,0,0,0,0,0,0,0,0,1,0,0,0,0,0,0,0,0,0,1,0,0,0,0,0
19462928.0,144.0,3.0,0.0,65535.0,140288.0,3584.0,0.0,8192.0,4194304.0,4096.0,512.0,3014656.0,1024.0,0.0,4096.0,1048576.0,5590.0,8192.0,6144.0,1024.0,742.0,389120.0,207872.0,26112.0,0.0,2.0,1.0,0.0,0.0,10.0,2.0,0.0,0,0,1,0,0,0,1,0,0,0,0,1,1,1,0,0,0,0,0,0,0,0,0,0,0,0,1,0,0,0,0,0,0,0,0,0,1,0,0,0,0,0
163850.0,144.0,3.0,0.0,65535.0,9216.0,2048.0,0.0,4096.0,4194304.0,4096.0,512.0,1499136.0,1024.0,0.0,4096.0,1048576.0,682086.0,4096.0,1726464.0,1024.0,1083710.0,483328.0,207872.0,37888.0,460.0,0.0,2.0,0.0,0.0,0.0,0.0,0.0,0,0,1,0,0,0,1,0,0,0,0,1,1,1,0,0,0,0,0,0,0,0,0,0,0,0,1,0,0,0,0,0,0,0,0,0,1,0,0,0,0,0
912810.0,144.0,3.0,0.0,65535.0,904704.0,11776.0,0.0,8192.0,4194304.0,8192.0,512.0,942080.0,512.0,0.0,4096.0,1048576.0,904624.0,8192.0,904704.0,512.0,18140.0,45056.0,18432.0,41984.0,46.0,0.0,0.0,0.0,0.0,2.0,1.0,1.0,0,0,1,0,0,0,1,0,0,0,0,1,1,1,0,0,0,0,0,0,0,0,0,0,0,0,1,0,0,0,0,0,0,0,0,0,1,0,0,0,0,0
18409744.0,80.0,2.0,15.0,65535.0,4833280.0,163840.0,13574144.0,13578240.0,4194304.0,4096.0,512.0,18575360.0,4096.0,5061903.0,16384.0,1048576.0,446394.0,4096.0,446464.0,4096.0,116744.0,450560.0,118784.0,450560.0,2.0,0.0,0.0,0.0,0.0,0.0,25.0,28.0,0,0,1,0,0,0,1,0,0,0,0,0,1,1,0,0,0,0,0,0,0,0,0,0,0,0,1,0,0,0,0,0,0,0,0,0,1,0,0,0,0,0
70208.0,144.0,3.0,0.0,65535.0,24576.0,8192.0,45056.0,49152.0,4194304.0,4096.0,512.0,81920.0,4096.0,0.0,4096.0,1048576.0,43847.0,4096.0,44032.0,1024.0,12188.0,49152.0,12288.0,45056.0,17.0,0.0,0.0,0.0,0.0,0.0,7.0,12.0,0,0,1,0,0,0,1,0,0,0,0,0,1,1,0,0,0,0,0,0,0,0,0,0,0,0,1,0,0,0,0,0,0,0,0,0,1,0,0,0,0,0
15529.0,144.0,3.0,0.0,65535.0,87552.0,402944.0,0.0,4096.0,4194304.0,4096.0,512.0,503808.0,1024.0,0.0,4096.0,1048576.0,87247.0,4096.0,87552.0,1024.0,27870.0,94208.0,28160.0,88576.0,7.0,0.0,0.0,0.0,0.0,0.0,4.0,119.0,0,0,0,0,0,0,1,0,0,0,0,0,1,1,0,0,0,0,0,0,0,0,0,0,0,0,1,0,0,0,0,0,0,0,0,0,1,0,0,0,0,0
479102.0,144.0,3.0,0.0,65535.0,471040.0,134144.0,0.0,8192.0,4194304.0,8192.0,512.0,630784.0,512.0,0.0,4096.0,1048576.0,470916.0,8192.0,471040.0,512.0,37764.0,155648.0,37888.0,149504.0,28.0,0.0,0.0,1.0,0.0,3.0,1.0,1.0,0,0,1,0,0,0,1,0,1,0,0,1,1,1,0,0,0,0,0,0,0,0,0,0,0,0,1,0,0,0,0,0,0,0,0,0,1,0,0,0,0,0
0.0,144.0,3.0,0.0,65535.0,82432.0,1753088.0,0.0,1761280.0,4194304.0,8192.0,512.0,1859584.0,1024.0,0.0,16384.0,1048576.0,82276.0,1761280.0,82432.0,1749504.0,5016.0,32768.0,5120.0,27136.0,0.0,0.0,0.0,0.0,0.0,0.0,0.0,0.0,1,0,1,1,0,0,1,0,1,0,0,1,1,1,0,0,0,0,0,0,0,0,0,0,0,0,1,0,0,0,0,0,0,0,0,0,1,0,0,0,0,0
5248.0,144.0,3.0,0.0,65535.0,300032.0,422912.0,5632.0,4096.0,4194304.0,4096.0,512.0,454656.0,1024.0,440485.0,4096.0,1048576.0,299996.0,4096.0,300032.0,1024.0,64828.0,311296.0,65024.0,301568.0,1.0,0.0,0.0,0.0,0.0,0.0,12.0,547.0,0,0,1,0,0,0,1,0,0,0,0,1,1,1,0,0,0,0,1,0,0,0,0,0,0,0,1,0,0,0,0,0,0,0,0,0,1,0,0,0,0,0
163850.0,144.0,3.0,0.0,65535.0,24576.0,1953792.0,0.0,4096.0,4063232.0,4096.0,512.0,2322432.0,1536.0,0.0,4096.0,1048576.0,652017.0,4096.0,134656.0,1024.0,6488.0,565248.0,99328.0,37888.0,402.0,2.0,0.0,0.0,0.0,10.0,0.0,0.0,0,0,0,0,0,0,1,0,0,0,0,1,1,1,0,0,0,0,0,0,0,0,0,0,0,0,1,0,0,0,0,0,0,0,0,0,1,0,0,0,0,0
312062.0,144.0,3.0,0.0,65535.0,304128.0,87552.0,0.0,8192.0,4194304.0,8192.0,512.0,704512.0,8192.0,3752204.0,8192.0,2097152.0,303876.0,8192.0,304128.0,1024.0,3463356.0,8548352.0,3463680.0,8544768.0,102.0,0.0,0.0,0.0,0.0,3.0,8.0,57.0,0,0,1,0,0,0,1,0,0,0,0,1,1,1,0,0,0,0,0,0,0,0,0,0,0,0,1,0,0,0,0,0,0,0,0,0,1,0,0,0,0,0
80430.0,80.0,2.0,15.0,65535.0,2306048.0,372736.0,2199552.0,2203648.0,4194304.0,4096.0,512.0,4882432.0,4096.0,0.0,16384.0,1048576.0,383416.0,4096.0,383488.0,1024.0,349852.0,278528.0,0.0,0.0,44.0,0.0,0.0,0.0,0.0,0.0,11.0,14.0,0,0,1,0,0,0,1,0,0,0,0,0,1,1,0,0,0,0,0,0,0,0,0,0,0,0,1,0,0,0,0,0,0,0,0,0,1,0,0,0,0,0
19259.0,144.0,3.0,0.0,65535.0,5120.0,157184.0,0.0,4096.0,4194304.0,4096.0,512.0,81920.0,512.0,0.0,4096.0,1048576.0,906.0,4096.0,35840.0,1024.0,15306.0,970752.0,5632.0,71680.0,5334.0,0.0,0.0,0.0,0.0,9.0,1.0,20.0,0,0,1,0,0,0,1,0,0,0,0,0,1,1,0,0,0,0,0,0,0,0,0,0,0,0,1,0,0,0,0,0,0,0,0,0,1,0,0,0,0,0
13854.0,144.0,3.0,0.0,65535.0,3584.0,5120.0,0.0,8192.0,4194304.0,8192.0,512.0,32768.0,512.0,0.0,4096.0,1048576.0,3448.0,8192.0,3584.0,512.0,28084.0,110592.0,28160.0,105472.0,41.0,0.0,0.0,0.0,0.0,2.0,0.0,0.0,0,0,0,0,0,0,1,0,1,0,0,1,1,1,0,0,0,0,0,0,0,0,0,0,0,0,1,0,0,0,0,0,0,0,0,0,1,0,0,0,0,0
5134288.0,144.0,3.0,0.0,65535.0,188416.0,57344.0,0.0,4096.0,4194304.0,4096.0,4096.0,327680.0,4096.0,250388.0,4096.0,1048576.0,187563.0,4096.0,188416.0,4096.0,27147.0,192512.0,28672.0,192512.0,10.0,0.0,0.0,0.0,0.0,3.0,0.0,0.0,0,0,1,0,0,0,1,0,0,0,0,0,1,1,0,0,0,0,0,0,0,0,0,0,0,0,1,1,0,0,0,0,0,0,0,0,1,0,0,0,0,0
204552.0,144.0,3.0,0.0,65535.0,541184.0,1128960.0,0.0,4096.0,5368709120.0,4096.0,512.0,1695744.0,1024.0,0.0,1000000.0,1000000.0,541056.0,4096.0,541184.0,1024.0,165692.0,548864.0,165888.0,542208.0,0.0,0.0,0.0,0.0,0.0,0.0,7.0,148.0,1,0,1,1,0,0,1,0,1,0,0,0,1,1,0,0,0,0,0,0,0,0,0,0,0,0,1,0,0,0,0,0,0,0,0,0,1,0,0,0,0,0
71104.0,144.0,3.0,0.0,65535.0,28672.0,20480.0,40960.0,45056.0,4194304.0,4096.0,512.0,94208.0,4096.0,0.0,4096.0,1048576.0,139951.0,8192.0,140288.0,512.0,1239574.0,3809280.0,1240064.0,3804672.0,13.0,0.0,0.0,0.0,0.0,4.0,7.0,12.0,0,0,1,0,0,0,1,0,0,0,0,0,1,1,0,0,0,0,0,0,0,0,0,0,0,0,1,0,0,0,0,0,0,0,0,0,1,0,0,0,0,0
280650.0,144.0,3.0,0.0,65535.0,478208.0,342528.0,0.0,4096.0,4194304.0,4096.0,512.0,847872.0,1024.0,872222.0,4096.0,1048576.0,478036.0,4096.0,478208.0,1024.0,127888.0,483328.0,128000.0,479232.0,377.0,6.0,1.0,0.0,0.0,0.0,5.0,158.0,0,0,1,0,0,0,1,0,0,0,0,0,1,1,0,0,0,0,0,0,0,0,0,0,0,0,1,0,0,0,0,0,0,0,0,0,1,0,0,0,0,0
5685.0,144.0,3.0,0.0,65535.0,67584.0,69632.0,0.0,4096.0,4194304.0,4096.0,512.0,151552.0,1024.0,0.0,4096.0,1048576.0,67395.0,4096.0,67584.0,1024.0,26848.0,73728.0,27136.0,68608.0,1.0,0.0,0.0,0.0,0.0,0.0,1.0,66.0,0,0,0,0,0,0,1,0,0,0,0,0,1,1,0,0,0,0,0,0,0,0,0,0,0,0,1,0,0,0,0,0,0,0,0,0,1,0,0,0,0,0
7944.0,144.0,3.0,0.0,65535.0,65536.0,20480.0,0.0,4096.0,4194304.0,4096.0,4096.0,90112.0,4096.0,92594.0,4096.0,1048576.0,61636.0,4096.0,65536.0,4096.0,19020.0,167936.0,19456.0,97792.0,15.0,0.0,0.0,0.0,0.0,0.0,1.0,76.0,0,0,1,0,0,0,1,0,1,0,0,1,1,1,0,0,0,0,0,0,0,0,0,0,0,0,1,0,0,0,0,0,0,0,0,0,1,0,0,0,0,0
15854.0,80.0,2.0,15.0,65535.0,185344.0,0.0,0.0,4096.0,4194304.0,4096.0,512.0,192512.0,512.0,0.0,4096.0,1048576.0,185316.0,4096.0,185344.0,4096.0,24.0,4919296.0,512.0,4345856.0,32.0,0.0,0.0,0.0,0.0,0.0,0.0,0.0,0,0,1,0,0,0,1,0,0,0,0,0,1,1,0,0,0,0,0,0,0,0,0,0,0,0,1,0,0,0,0,0,0,0,0,0,1,0,0,0,0,0
670938.0,144.0,3.0,0.0,65535.0,203776.0,0.0,0.0,4096.0,4194304.0,4096.0,512.0,17016.0,4096.0,0.0,4096.0,1048576.0,4383.0,4096.0,94720.0,1536.0,6488.0,73728.0,4096.0,8361984.0,780.0,0.0,0.0,0.0,0.0,0.0,32.0,0.0,0,0,0,0,0,0,0,0,0,0,0,0,0,1,0,0,0,0,1,0,0,0,0,0,0,0,1,1,0,0,0,0,0,0,0,0,1,0,0,0,0,0
34880.0,144.0,3.0,0.0,65535.0,204288.0,136192.0,0.0,4096.0,4194304.0,4096.0,512.0,376832.0,1024.0,0.0,4096.0,1048576.0,203814.0,4096.0,204288.0,1024.0,40232.0,208896.0,40448.0,205312.0,1.0,0.0,0.0,0.0,0.0,0.0,9.0,400.0,0,0,1,0,0,0,1,0,0,0,0,1,1,1,0,0,0,0,1,0,0,0,0,0,0,0,1,1,0,0,0,0,0,0,0,0,1,0,0,0,0,0
